side,elsetInvoiceId,invoiceNumber,customer,invoiceDate,totalCents,paidCents,balanceCents,quickbooksInvoiceId,classification,flags,proposedAction,paymentDiscrepancy,eligibilityReason,candidates,fingerprint
"ELSET","servicem8-job-21c60d95-a33a-4be0-8647-2333fdf40e5d:invoice","INV-0019","O.C Strata Mangement","2025-09-03","38500","38500","0","9","DIFFERENT_IN_QB","[""NUMBER_DIFF"",""HAS_QB_PAYMENT"",""HAS_LINKED_TRANSACTION""]","REVIEW_PAYMENT","PAYMENT_MATCH","","[{""id"":""9"",""reasons"":[""EXACT_CUSTOMER_DATE_LINES_TOTALS"",""SAME_CUSTOMER_DATE_TOTAL_DESCRIPTIONS""],""score"":50}]","e73dbbd82ed03661212ee8d41a83c5536eb37b49c1dd7bac90b2e096e21bbe4b"
"ELSET","servicem8-job-4a07cc9c-9c04-4234-ac50-2333f64b40cd:invoice","INV-0017","O.C Strata Mangement","2025-09-03","35200","35200","0","11","DIFFERENT_IN_QB","[""NUMBER_DIFF"",""HAS_QB_PAYMENT"",""HAS_LINKED_TRANSACTION""]","REVIEW_PAYMENT","PAYMENT_MATCH","","[{""id"":""11"",""reasons"":[""EXACT_CUSTOMER_DATE_LINES_TOTALS"",""SAME_CUSTOMER_DATE_TOTAL_DESCRIPTIONS""],""score"":50}]","0ffb9d3b55970c5b1599ea22692e55bb4cc18808e671b39cc517808d08ec42ed"
"ELSET","servicem8-job-9b56c586-68b9-43b0-a7be-2338b077631b:invoice","INV-0023","RUIBIN QIN","2025-09-09","140000","140000","0","10","DIFFERENT_IN_QB","[""NUMBER_DIFF"",""HAS_QB_PAYMENT"",""HAS_LINKED_TRANSACTION""]","REVIEW_PAYMENT","PAYMENT_MATCH","","[{""id"":""10"",""reasons"":[""EXACT_CUSTOMER_DATE_LINES_TOTALS"",""SAME_CUSTOMER_DATE_TOTAL_DESCRIPTIONS""],""score"":50}]","182b19fce000c4c61e14ab12e1eec2c9b87192b16e59d116047e7da5fa8052c5"
"ELSET","servicem8-job-09b6f395-3bdc-4523-9c48-233ad23fbc9b:invoice","INV-0029","O.C Strata Mangement","2025-09-10","27500","27500","0","15","DIFFERENT_IN_QB","[""NUMBER_DIFF"",""HAS_QB_PAYMENT"",""HAS_LINKED_TRANSACTION""]","REVIEW_PAYMENT","PAYMENT_MATCH","","[{""id"":""15"",""reasons"":[""EXACT_CUSTOMER_DATE_LINES_TOTALS"",""SAME_CUSTOMER_DATE_TOTAL_DESCRIPTIONS""],""score"":50}]","adde3dc79d53a5a866408fa10bac532fc9c462c31929f15234b45aa23e2be419"
"ELSET","servicem8-job-6c168380-1918-493a-a9ff-233add64ce1b:invoice","INV-0027","YOUR owners corporation","2025-09-11","38500","38500","","","MISSING_IN_QB","[""PAYMENT_BALANCE_DIFF""]","CREATE_QB_INVOICE","PAYMENT_REVIEW_REQUIRED","","[]","652d136c79a8a1bdc379696b0a9d1bfd3b83c9611c9746ae782be56505335fd3"
"ELSET","servicem8-job-a0c015c5-2d25-4313-9c1b-233b1888ee6b:invoice","INV-0031","Astase pty ltd","2025-09-12","275000","275000","0","14","DIFFERENT_IN_QB","[""NUMBER_DIFF"",""HAS_QB_PAYMENT"",""HAS_LINKED_TRANSACTION""]","REVIEW_PAYMENT","PAYMENT_MATCH","","[{""id"":""14"",""reasons"":[""EXACT_CUSTOMER_DATE_LINES_TOTALS"",""SAME_CUSTOMER_DATE_TOTAL_DESCRIPTIONS""],""score"":50}]","0b1d02e315725cdaf05e73cb9abf0aac32efa7d96bafc9cf5cf2bb667ac063a0"
"ELSET","servicem8-job-822def3b-9478-453b-84c2-2347b5c0ffbd:invoice","INV-0047","OCPS 514657D C/- MICM","2025-09-23","154000","154000","0","22","DIFFERENT_IN_QB","[""NUMBER_DIFF"",""HAS_QB_PAYMENT"",""HAS_LINKED_TRANSACTION""]","REVIEW_PAYMENT","PAYMENT_MATCH","","[{""id"":""22"",""reasons"":[""EXACT_CUSTOMER_DATE_LINES_TOTALS"",""SAME_CUSTOMER_DATE_TOTAL_DESCRIPTIONS""],""score"":50}]","3305d4d258c6ecb139faa1d6579f49b9157fbbb3a08557dd5e5cc955c405cc08"
"ELSET","servicem8-job-eb63315e-3413-41ea-a889-2347b23926ed:invoice","INV-0046","OCPS 514657D C/- MICM","2025-09-23","58300","58300","","","MISSING_IN_QB","[""PAYMENT_BALANCE_DIFF""]","CREATE_QB_INVOICE","PAYMENT_REVIEW_REQUIRED","","[]","4b35c471e1abcba68511e672f7db3b31f037e93c654fbff9f4fb761045ebfe1f"
"ELSET","servicem8-job-4a95b097-3bea-4f76-8b9b-233c6cd13aab:invoice","INV-0032","Astase pty ltd","2025-09-29","275000","275000","0","27","DIFFERENT_IN_QB","[""NUMBER_DIFF"",""HAS_QB_PAYMENT"",""HAS_LINKED_TRANSACTION""]","REVIEW_PAYMENT","PAYMENT_MATCH","","[{""id"":""27"",""reasons"":[""EXACT_CUSTOMER_DATE_LINES_TOTALS"",""SAME_CUSTOMER_DATE_TOTAL_DESCRIPTIONS""],""score"":50}]","f692fb3e1465fe0b68326061935732a964628b3400e2b39da04b7b47fe79bcc1"
"ELSET","servicem8-job-e1b442b3-a510-4b6e-a401-23467d3eda7b:invoice","INV-0044","P&K Corporation Pty LTD","2025-09-29","297000","297000","0","34","DIFFERENT_IN_QB","[""NUMBER_DIFF"",""HAS_QB_PAYMENT"",""HAS_LINKED_TRANSACTION""]","REVIEW_PAYMENT","PAYMENT_MATCH","","[{""id"":""34"",""reasons"":[""EXACT_CUSTOMER_DATE_LINES_TOTALS"",""SAME_CUSTOMER_DATE_TOTAL_DESCRIPTIONS""],""score"":50}]","ccbed3a29714a25116bfbf3d4251ee80441527e7109e7fa7de47f474a037bcc0"
"ELSET","servicem8-job-ee443c8f-d147-4e9d-91fa-2342226c28eb:invoice","INV-0041","Candace Newport","2025-09-29","44000","44000","","","MISSING_IN_QB","[""PAYMENT_BALANCE_DIFF""]","CREATE_QB_INVOICE","PAYMENT_REVIEW_REQUIRED","","[]","5bfd25d0453369527445aac43600053ae923e42620cb07277b34867caac9360f"
"ELSET","servicem8-job-d2d96a36-3f64-4c8a-9978-234222f2119d:invoice","INV-0042","MBCM ST KILDA","2025-10-03","134090","134090","","","MISSING_IN_QB","[""PAYMENT_BALANCE_DIFF""]","CREATE_QB_INVOICE","PAYMENT_REVIEW_REQUIRED","","[]","f3695e672a494bad76aa751ff1ca9f5111ba0957851902e2666aed222ca80fcf"
"ELSET","servicem8-job-1fbb5570-c07a-4051-8044-23553f2da77d:invoice","INV-0062","Mark Giuliano","2025-10-08","440000","440000","0","31","DIFFERENT_IN_QB","[""NUMBER_DIFF"",""HAS_QB_PAYMENT"",""HAS_LINKED_TRANSACTION""]","REVIEW_PAYMENT","PAYMENT_MATCH","","[{""id"":""31"",""reasons"":[""EXACT_CUSTOMER_DATE_LINES_TOTALS"",""SAME_CUSTOMER_DATE_TOTAL_DESCRIPTIONS""],""score"":50}]","b54f39ab6348764d2c978950fb59da52507c21af00dd90c25c0cd3d4681fe75d"
"ELSET","servicem8-job-8b58512b-e49e-472a-aa38-234c5979e62d:invoice","INV-0052","Colour Earth Wrough Ironworks","2025-10-08","385000","385000","","","MISSING_IN_QB","[""PAYMENT_BALANCE_DIFF""]","CREATE_QB_INVOICE","PAYMENT_REVIEW_REQUIRED","","[]","3d7b9150de57eb99d63a3834845d362cbe9aeb328e8ab893da36bd1d7120d8e4"
"ELSET","servicem8-job-dfd6b983-74d6-4868-9204-2356ea34d69d:invoice","INV-0063","O.C Strata Mangement","2025-10-08","66000","66000","0","39","DIFFERENT_IN_QB","[""NUMBER_DIFF"",""HAS_QB_PAYMENT"",""HAS_LINKED_TRANSACTION""]","REVIEW_PAYMENT","PAYMENT_MATCH","","[{""id"":""39"",""reasons"":[""EXACT_CUSTOMER_DATE_LINES_TOTALS"",""SAME_CUSTOMER_DATE_TOTAL_DESCRIPTIONS""],""score"":50}]","1f802b51d54e3c8bf591a0c14a5fabb40500a077871c6e48aab7b0de20bf91c1"
"ELSET","servicem8-job-d2134953-686d-42f6-bf96-23422013baad:invoice","INV-0043","OCPS 514657D C/- MICM","2025-10-09","363000","363000","","","MISSING_IN_QB","[""PAYMENT_BALANCE_DIFF""]","CREATE_QB_INVOICE","PAYMENT_REVIEW_REQUIRED","","[]","f9dbd8c58b8c1efc5ccdd7c3b4e35cf43d7151f0740e5b5337599ba391dc3016"
"ELSET","servicem8-job-2156ea8c-07db-495f-9311-235531bd755b:invoice","INV-0059","Citicommercialcleaning","2025-10-10","44000","44000","0","37","DIFFERENT_IN_QB","[""NUMBER_DIFF"",""HAS_QB_PAYMENT"",""HAS_LINKED_TRANSACTION""]","REVIEW_PAYMENT","PAYMENT_MATCH","","[{""id"":""37"",""reasons"":[""EXACT_CUSTOMER_DATE_LINES_TOTALS"",""SAME_CUSTOMER_DATE_TOTAL_DESCRIPTIONS""],""score"":50}]","72bb031cbc2ff232844f8adb825660013230f193681cf2ba700dd2fb8b2d60c9"
"ELSET","servicem8-job-718aff56-e72a-4c1e-a49e-2356ece92dcb:invoice","INV-0066","Rosie Fayman","2025-10-10","27500","27500","0","40","DIFFERENT_IN_QB","[""NUMBER_DIFF"",""HAS_QB_PAYMENT"",""HAS_LINKED_TRANSACTION""]","REVIEW_PAYMENT","PAYMENT_MATCH","","[{""id"":""40"",""reasons"":[""EXACT_CUSTOMER_DATE_LINES_TOTALS"",""SAME_CUSTOMER_DATE_TOTAL_DESCRIPTIONS""],""score"":50}]","b74df347b9a007b27b4fc9d0e6e74ceb1d383066722b27220065a721f1383d00"
"ELSET","servicem8-job-8ec0576e-dd49-4dd7-970d-235b39478e1d:invoice","INV-0069","Citicommercialcleaning","2025-10-13","66000","66000","0","51","DIFFERENT_IN_QB","[""NUMBER_DIFF"",""HAS_QB_PAYMENT"",""HAS_LINKED_TRANSACTION""]","REVIEW_PAYMENT","PAYMENT_MATCH","","[{""id"":""51"",""reasons"":[""EXACT_CUSTOMER_DATE_LINES_TOTALS"",""SAME_CUSTOMER_DATE_TOTAL_DESCRIPTIONS""],""score"":50}]","4d7db3d2eda6ac6e270a0818d0b5a09bd9cc29c1b0ef3703969679afe0685487"
"ELSET","servicem8-job-ad31803a-ecaa-4522-a751-235c3f7f403d:invoice","INV-0070","Melcorp","2025-10-15","89100","89100","","","MISSING_IN_QB","[""CUSTOMER_REVIEW"",""PAYMENT_BALANCE_DIFF""]","REVIEW_CONFLICT","PAYMENT_REVIEW_REQUIRED","","[]","cbfbc3c56f5945e1dfd7132adbb52b011d36224dda624db7dbba33d5cc9878eb"
"ELSET","servicem8-job-25ee7dac-1370-4d85-b371-234d5ef9b8ed:invoice","INV-0054","Plastics 2000","2025-10-20","132000","132000","0","49","DIFFERENT_IN_QB","[""NUMBER_DIFF"",""HAS_QB_PAYMENT"",""HAS_LINKED_TRANSACTION""]","REVIEW_PAYMENT","PAYMENT_MATCH","","[{""id"":""49"",""reasons"":[""EXACT_CUSTOMER_DATE_LINES_TOTALS"",""SAME_CUSTOMER_DATE_TOTAL_DESCRIPTIONS""],""score"":50}]","e64d470830b29f92d482bf89b702d178487598c670f74b9916dd597fe9b1bf9a"
"ELSET","servicem8-job-52b49d21-a442-4edb-95d9-236170ea4b6d:invoice","INV-0072","EASTPOINT PROPERTY","2025-10-20","117700","117700","","","MISSING_IN_QB","[""PAYMENT_BALANCE_DIFF""]","CREATE_QB_INVOICE","PAYMENT_REVIEW_REQUIRED","","[]","1719f540ef6d51583c52a983034c88dc530a9e84e442c891804ce709ef6606de"
"ELSET","servicem8-job-01dedacb-5a82-453c-9504-2356e58ec69d:invoice","INV-0064","Chris Moore","2025-10-21","177650","177650","","","MISSING_IN_QB","[""PAYMENT_BALANCE_DIFF""]","CREATE_QB_INVOICE","PAYMENT_REVIEW_REQUIRED","","[]","459d6b20c6d41171dae27526bc60ca3eb77f645f16a295f14b937ba7d71f35b2"
"ELSET","servicem8-job-1f2d284f-c6e3-48fc-94d5-234e5d27859b:invoice","INV-0056","Jay jeyakumar","2025-10-21","15400","15400","0","48","DIFFERENT_IN_QB","[""NUMBER_DIFF"",""HAS_QB_PAYMENT"",""HAS_LINKED_TRANSACTION""]","REVIEW_PAYMENT","PAYMENT_MATCH","","[{""id"":""48"",""reasons"":[""EXACT_CUSTOMER_DATE_LINES_TOTALS"",""SAME_CUSTOMER_DATE_TOTAL_DESCRIPTIONS""],""score"":50}]","0893669f82d9c7acf6802412c2800938a939356d7b51581cf9c1136ad8a34e99"
"ELSET","servicem8-job-4dde4a1f-d374-4634-b74a-2361750a489b:invoice","INV-0073","Seymour passenger services","2025-10-21","330000","330000","0","42","DIFFERENT_IN_QB","[""NUMBER_DIFF"",""HAS_QB_PAYMENT"",""HAS_LINKED_TRANSACTION""]","REVIEW_PAYMENT","PAYMENT_MATCH","","[{""id"":""42"",""reasons"":[""EXACT_CUSTOMER_DATE_LINES_TOTALS"",""SAME_CUSTOMER_DATE_TOTAL_DESCRIPTIONS""],""score"":50}]","8f1309c4cab86075b9534edf20e5f46f9f711295209ff54cfa151687eeabda65"
"ELSET","servicem8-job-9759e296-f8f6-473c-93d0-23628ed48abd:invoice","INV-0074","Paul Rosen","2025-10-22","66000","66000","","","MISSING_IN_QB","[""PAYMENT_BALANCE_DIFF""]","CREATE_QB_INVOICE","PAYMENT_REVIEW_REQUIRED","","[]","2ea6f8a9a673f2d31cd254f0e8ef78da82ac5c9109f7ddaff77ab1cad5f2a0b4"
"ELSET","servicem8-job-1bbf85b0-5201-496e-bfec-2366d01db99d:invoice","INV-0078","Emilio Manfrin","2025-10-24","55770","55770","","","MISSING_IN_QB","[""CUSTOMER_REVIEW"",""PAYMENT_BALANCE_DIFF""]","REVIEW_CONFLICT","PAYMENT_REVIEW_REQUIRED","","[]","c462cbeede7f17b36e1bfd581936a5ef1459e688763bc9794d1d7bab26f9cda4"
"ELSET","servicem8-job-5b31c3cb-5db8-49ca-aed9-2366d2c7c42d:invoice","INV-0076","YOUR owners corporation","2025-10-24","44000","44000","0","55","DIFFERENT_IN_QB","[""NUMBER_DIFF"",""HAS_QB_PAYMENT"",""HAS_LINKED_TRANSACTION""]","REVIEW_PAYMENT","PAYMENT_MATCH","","[{""id"":""55"",""reasons"":[""EXACT_CUSTOMER_DATE_LINES_TOTALS"",""SAME_CUSTOMER_DATE_TOTAL_DESCRIPTIONS""],""score"":50}]","6262eb2908b1aa1eb282dd0d8e5c3931bd614306b962fd2ff9153c48a0069ddc"
"ELSET","servicem8-job-01e394c4-7ce5-419f-92ad-2338bf74911b:invoice","INV-0024","michael shabilla","2025-10-28","275000","275000","0","57","DIFFERENT_IN_QB","[""NUMBER_DIFF"",""HAS_QB_PAYMENT"",""HAS_LINKED_TRANSACTION""]","REVIEW_PAYMENT","PAYMENT_MATCH","","[{""id"":""57"",""reasons"":[""EXACT_CUSTOMER_DATE_LINES_TOTALS"",""SAME_CUSTOMER_DATE_TOTAL_DESCRIPTIONS""],""score"":50}]","9d7fac3f930d7f593b63ca60b202424bb29fb0a2f037500fc80e56245a676b8e"
"ELSET","servicem8-job-8452edae-348b-44d6-b1dc-234d5dd2bf4d:invoice","INV-0055","ILIR TAQUY","2025-10-31","88000","88000","0","58","DIFFERENT_IN_QB","[""NUMBER_DIFF"",""HAS_QB_PAYMENT"",""HAS_LINKED_TRANSACTION""]","REVIEW_PAYMENT","PAYMENT_MATCH","","[{""id"":""58"",""reasons"":[""EXACT_CUSTOMER_DATE_LINES_TOTALS"",""SAME_CUSTOMER_DATE_TOTAL_DESCRIPTIONS""],""score"":50}]","d4d8ec5a8c218a2f9fee63ef2327c08099a7c59193b5f550c3913a61b2e25fd9"
"ELSET","servicem8-job-ff4acc3c-e66a-4979-9ef3-236bc41c49cd:invoice","INV-0083","Central estate properties Pty Ltd","2025-11-06","740850","740850","","","MISSING_IN_QB","[""PAYMENT_BALANCE_DIFF""]","CREATE_QB_INVOICE","PAYMENT_REVIEW_REQUIRED","","[]","2957b93c9e4bb23bf1ec8777109039e580c2602a462b038789f6758121d050d8"
"ELSET","servicem8-job-86f37765-6999-4c1d-bcb8-2347bed11e4d:invoice","INV-0048","Jason Kisielis","2025-11-10","924000","924000","","","MISSING_IN_QB","[""PAYMENT_BALANCE_DIFF""]","CREATE_QB_INVOICE","PAYMENT_REVIEW_REQUIRED","","[]","dbc180fd1faec4b38fd2b7681cd0a6ff0fcf8ca15dfbfd41123a9a2cfc26bf01"
"ELSET","servicem8-job-7ed28177-04d5-46f1-b035-234045e5bf6d:invoice","INV-0033","Michael Joyce","2025-11-11","1320000","1320000","","","MISSING_IN_QB","[""PAYMENT_BALANCE_DIFF""]","CREATE_QB_INVOICE","PAYMENT_REVIEW_REQUIRED","","[]","71d8cb87fab5d5c39846c615dd371d1c039787153ee786aca363677e8b2828c1"
"ELSET","servicem8-job-1eb49917-0af4-46bf-814d-2379a87043cd:invoice","INV-0088","STAG PROJECTS","2025-11-12","330000","330000","0","75","DIFFERENT_IN_QB","[""NUMBER_DIFF"",""HAS_QB_PAYMENT"",""HAS_LINKED_TRANSACTION""]","REVIEW_PAYMENT","PAYMENT_MATCH","","[{""id"":""75"",""reasons"":[""EXACT_CUSTOMER_DATE_LINES_TOTALS"",""SAME_CUSTOMER_DATE_TOTAL_DESCRIPTIONS""],""score"":50}]","d3d8ed45810ba44a3c33ed3bf5cf5360bb241ad90e76781e405bb5cf266b4012"
"ELSET","servicem8-job-0b3abfb9-12df-42d6-bd08-237c2c1eabbb:invoice","INV-0089","Nest","2025-11-15","44000","44000","0","92","DIFFERENT_IN_QB","[""NUMBER_DIFF"",""HAS_QB_PAYMENT"",""HAS_LINKED_TRANSACTION""]","REVIEW_PAYMENT","PAYMENT_MATCH","","[{""id"":""92"",""reasons"":[""EXACT_CUSTOMER_DATE_LINES_TOTALS"",""SAME_CUSTOMER_DATE_TOTAL_DESCRIPTIONS""],""score"":50}]","0d454a7778124f1380c3ba5771cfa9f6839dcbfbd1ba410d6585a8576718a62e"
"ELSET","servicem8-job-84e3fdd4-6667-4b97-8267-23684a95570d:invoice","INV-0079","EASTPOINT PROPERTY","2025-11-17","122100","122100","0","95","DIFFERENT_IN_QB","[""NUMBER_DIFF"",""HAS_QB_PAYMENT"",""HAS_LINKED_TRANSACTION""]","REVIEW_PAYMENT","PAYMENT_MATCH","","[{""id"":""95"",""reasons"":[""EXACT_CUSTOMER_DATE_LINES_TOTALS"",""SAME_CUSTOMER_DATE_TOTAL_DESCRIPTIONS""],""score"":50}]","68e617b20b785e16967687c176a7b40e2411cdddad6936e8497d1c67b181ca47"
"ELSET","servicem8-job-418c4d6d-51f7-482c-bc4b-2384e59a48bd:invoice","INV-0092","Miller Autralia","2025-11-24","27500","27500","27500","94","DIFFERENT_IN_QB","[""NUMBER_DIFF"",""PAYMENT_BALANCE_DIFF""]","REVIEW_CONFLICT","PAYMENT_REVIEW_REQUIRED","","[{""id"":""94"",""reasons"":[""EXACT_CUSTOMER_DATE_LINES_TOTALS"",""SAME_CUSTOMER_DATE_TOTAL_DESCRIPTIONS""],""score"":50}]","8622db838191fdb3bcb6ccc931a637bd5a755b12df8500e6fa6752211b2f0517"
"ELSET","servicem8-job-6012406c-c56d-4829-9ed7-2384e3a3af8b:invoice","INV-0091","Allied moving Tasmania Pty Ltd","2025-11-24","94600","94600","","","MISSING_IN_QB","[""CUSTOMER_REVIEW"",""PAYMENT_BALANCE_DIFF""]","REVIEW_CONFLICT","PAYMENT_REVIEW_REQUIRED","","[]","cca712b34139fd1a591b5c2d87386e755379009e5367234fd465108d086e789c"
"ELSET","servicem8-job-748a92bb-8b67-491c-a30b-235deac6a12d:invoice","INV-0071","O.C Strata Mangement","2025-11-24","132000","132000","0","91","DIFFERENT_IN_QB","[""NUMBER_DIFF"",""HAS_QB_PAYMENT"",""HAS_LINKED_TRANSACTION""]","REVIEW_PAYMENT","PAYMENT_MATCH","","[{""id"":""91"",""reasons"":[""EXACT_CUSTOMER_DATE_LINES_TOTALS"",""SAME_CUSTOMER_DATE_TOTAL_DESCRIPTIONS""],""score"":50}]","53a4e12b7c7f6e296254a6fb8c93e56f0d9d4409ccb8d28423b1ebddbe080531"
"ELSET","servicem8-job-abc2086c-1d95-4a86-8f47-234f7a4741cb:invoice","INV-0058","O.C Strata Mangement","2025-11-24","572000","572000","0","88","DIFFERENT_IN_QB","[""NUMBER_DIFF"",""HAS_QB_PAYMENT"",""HAS_LINKED_TRANSACTION""]","REVIEW_PAYMENT","PAYMENT_MATCH","","[{""id"":""88"",""reasons"":[""EXACT_CUSTOMER_DATE_LINES_TOTALS"",""SAME_CUSTOMER_DATE_TOTAL_DESCRIPTIONS""],""score"":50}]","d807311f860c6c6a49af16772dac7f75290d40abd80ddb29a1607686a3867611"
"ELSET","servicem8-job-013e41a0-93f4-43ef-82dd-238699dbc9dd:invoice","INV-0093","O.C Strata Mangement","2025-11-26","55000","55000","0","96","DIFFERENT_IN_QB","[""NUMBER_DIFF"",""HAS_QB_PAYMENT"",""HAS_LINKED_TRANSACTION""]","REVIEW_PAYMENT","PAYMENT_MATCH","","[{""id"":""96"",""reasons"":[""EXACT_CUSTOMER_DATE_LINES_TOTALS"",""SAME_CUSTOMER_DATE_TOTAL_DESCRIPTIONS""],""score"":50}]","3086ac171689951f85d5ca240bfa28fcc3fab4b5495e9f89ab092b61cb06e26c"
"ELSET","servicem8-job-05c202cb-7b4a-4e56-b33c-23878ed205ed:invoice","INV-0094","Giulia Galtieri","2025-11-26","330000","330000","0","99","DIFFERENT_IN_QB","[""NUMBER_DIFF"",""HAS_QB_PAYMENT"",""HAS_LINKED_TRANSACTION""]","REVIEW_PAYMENT","PAYMENT_MATCH","","[{""id"":""99"",""reasons"":[""EXACT_CUSTOMER_DATE_LINES_TOTALS"",""SAME_CUSTOMER_DATE_TOTAL_DESCRIPTIONS""],""score"":50}]","76f8b6d80735e20ede4459a1c8fed8a3ddd83706a8ca1812cd02008cc83116c3"
"ELSET","servicem8-job-556f52ba-34d9-42c5-9128-2379a058af3b:invoice","INV-0087","Ramanan Daniel","2025-11-26","1069200","1069200","0","100","DIFFERENT_IN_QB","[""NUMBER_DIFF"",""HAS_QB_PAYMENT"",""HAS_LINKED_TRANSACTION""]","REVIEW_PAYMENT","PAYMENT_MATCH","","[{""id"":""100"",""reasons"":[""EXACT_CUSTOMER_DATE_LINES_TOTALS"",""SAME_CUSTOMER_DATE_TOTAL_DESCRIPTIONS""],""score"":50}]","6e13398bf8984d2939ed7975cb6ae4fb5feab9a54340cd1105a4055a3c5a610e"
"ELSET","servicem8-job-11807d39-ad7a-43d0-8810-23553cd8362d:invoice","INV-0061","Aiello Constructions","2025-12-01","530200","530200","","","MISSING_IN_QB","[""PAYMENT_BALANCE_DIFF""]","CREATE_QB_INVOICE","PAYMENT_REVIEW_REQUIRED","","[]","44f1b161fcf14861bbdb6964930041ba162911826dbe6e9c9327fc2a7d0a5571"
"ELSET","servicem8-job-754ba2a6-499a-4334-be35-238baa1bcafd:invoice","INV-0095","BURRINDI HOLDINGS P/L","2025-12-01","79530","79530","","","MISSING_IN_QB","[""CUSTOMER_REVIEW"",""PAYMENT_BALANCE_DIFF""]","REVIEW_CONFLICT","PAYMENT_REVIEW_REQUIRED","","[]","c0dc1d4f188474e9bde05c3d7a03f2cc35cff8b5232284f0563d49bc1a4688db"
"ELSET","servicem8-job-fc7a4d87-1b10-47a4-a7da-238ba2719a5d:invoice","INV-0097","Colour Earth Wrough Ironworks","2025-12-01","495000","495000","0","103","DIFFERENT_IN_QB","[""NUMBER_DIFF"",""HAS_QB_PAYMENT"",""HAS_LINKED_TRANSACTION""]","REVIEW_PAYMENT","PAYMENT_MATCH","","[{""id"":""103"",""reasons"":[""EXACT_CUSTOMER_DATE_LINES_TOTALS"",""SAME_CUSTOMER_DATE_TOTAL_DESCRIPTIONS""],""score"":50}]","4ee274cef2bd4451a48ec7f4f4f411cc31ee489aae1953b91831b3328deab679"
"ELSET","servicem8-job-09653040-2a2c-4ff6-bef0-23404fad6bdd:invoice","INV-0035","Colour Earth Wrough Ironworks","2025-12-04","1210000","1210000","","","MISSING_IN_QB","[""PAYMENT_BALANCE_DIFF""]","CREATE_QB_INVOICE","PAYMENT_REVIEW_REQUIRED","","[]","7b249db769a3eca53e067fa39182d4c3e9004b5190433f71ff8834593ad1d134"
"ELSET","servicem8-job-98f37074-2b70-40bc-b24c-238f08eed79d:invoice","INV-0101","DAVID TAVOLETTI","2025-12-05","44000","44000","0","106","DIFFERENT_IN_QB","[""NUMBER_DIFF"",""HAS_QB_PAYMENT"",""HAS_LINKED_TRANSACTION""]","REVIEW_PAYMENT","PAYMENT_MATCH","","[{""id"":""106"",""reasons"":[""EXACT_CUSTOMER_DATE_LINES_TOTALS"",""SAME_CUSTOMER_DATE_TOTAL_DESCRIPTIONS""],""score"":50}]","71f8e083ebc4b6c0bbabbb570f8d407a69f685457ca7b8d0301224a5bcd3c419"
"ELSET","servicem8-job-32d813fd-1c41-4639-92be-23935734e69d:invoice","INV-0105","Slg builders and contractors","2025-12-08","275000","275000","0","123","DIFFERENT_IN_QB","[""NUMBER_DIFF"",""HAS_QB_PAYMENT"",""HAS_LINKED_TRANSACTION""]","REVIEW_PAYMENT","PAYMENT_MATCH","","[{""id"":""123"",""reasons"":[""EXACT_CUSTOMER_DATE_LINES_TOTALS"",""SAME_CUSTOMER_DATE_TOTAL_DESCRIPTIONS""],""score"":50}]","c21a3e239f76b3936bb403bebcbdb5521f65b026f20142e3592f4c4d5f17527a"
"ELSET","servicem8-job-41362188-9e84-4e14-a437-238f0fb1370d:invoice","INV-0102","Indu Saxena","2025-12-09","113300","113300","0","124","DIFFERENT_IN_QB","[""NUMBER_DIFF"",""HAS_QB_PAYMENT"",""HAS_LINKED_TRANSACTION""]","REVIEW_PAYMENT","PAYMENT_MATCH","","[{""id"":""124"",""reasons"":[""EXACT_CUSTOMER_DATE_LINES_TOTALS"",""SAME_CUSTOMER_DATE_TOTAL_DESCRIPTIONS""],""score"":50}]","aa81cd399f296a41d4cf7b3aeb0413b73bce1ddd173a4975a8c007717ce706c4"
"ELSET","servicem8-job-88a7a044-ac81-47ab-ac36-238f0003d3ed:invoice","INV-0100","LINTON TECH","2025-12-09","55000","55000","0","125","DIFFERENT_IN_QB","[""NUMBER_DIFF"",""HAS_QB_PAYMENT"",""HAS_LINKED_TRANSACTION""]","REVIEW_PAYMENT","PAYMENT_MATCH","","[{""id"":""125"",""reasons"":[""EXACT_CUSTOMER_DATE_LINES_TOTALS"",""SAME_CUSTOMER_DATE_TOTAL_DESCRIPTIONS""],""score"":50}]","52337b2c248a7daca3a3cd0816668d682b8cf435a6b07386e9db8b4803ef11dc"
"ELSET","servicem8-job-6368c1b4-5b99-486d-b164-2395be66168d:invoice","INV-0106","Lisa Dumbrell","2025-12-10","66000","66000","0","108","DIFFERENT_IN_QB","[""NUMBER_DIFF"",""HAS_QB_PAYMENT"",""HAS_LINKED_TRANSACTION""]","REVIEW_PAYMENT","PAYMENT_MATCH","","[{""id"":""108"",""reasons"":[""EXACT_CUSTOMER_DATE_LINES_TOTALS"",""SAME_CUSTOMER_DATE_TOTAL_DESCRIPTIONS""],""score"":50}]","d2b3e5c42244111fbe42d3611977186f7b790e91dc514c295a0a9c89ecbf1723"
"ELSET","servicem8-job-91ffcff4-c448-4cc1-8282-2357d080387d:invoice","INV-0068","Min Guo","2025-12-11","440000","440000","","","MISSING_IN_QB","[""PAYMENT_BALANCE_DIFF""]","CREATE_QB_INVOICE","PAYMENT_REVIEW_REQUIRED","","[]","5fdd5610dcb68c892e4b5fbe000660e65911904184a1ac56e73d5a20db0f713f"
"ELSET","servicem8-job-4b828477-8a36-466c-a845-2399be083fdd:invoice","INV-0107","O.C Strata Mangement","2025-12-15","23100","23100","23100","142","DIFFERENT_IN_QB","[""NUMBER_DIFF"",""PAYMENT_BALANCE_DIFF""]","REVIEW_CONFLICT","PAYMENT_REVIEW_REQUIRED","","[{""id"":""142"",""reasons"":[""EXACT_CUSTOMER_DATE_LINES_TOTALS"",""SAME_CUSTOMER_DATE_TOTAL_DESCRIPTIONS""],""score"":50}]","2d05d95dad0b3781a0ea2544765cad913c5b61a748fd5cd51e1b900742d764da"
"ELSET","servicem8-job-40208bfb-4e8f-42a0-bbbd-239356598eed:invoice","INV-0104","Sam","2025-12-16","220000","220000","0","122","DIFFERENT_IN_QB","[""NUMBER_DIFF"",""HAS_QB_PAYMENT"",""HAS_LINKED_TRANSACTION""]","REVIEW_PAYMENT","PAYMENT_MATCH","","[{""id"":""122"",""reasons"":[""EXACT_CUSTOMER_DATE_LINES_TOTALS"",""SAME_CUSTOMER_DATE_TOTAL_DESCRIPTIONS""],""score"":50}]","154950a60106a23f2143235f7d5608b7560b076df0c2b197f92dadc2680e6644"
"ELSET","servicem8-job-bdef90b3-37e7-4056-932b-239b1be3becd:invoice","INV-0108","michael shabilla","2025-12-16","55000","55000","0","138","DIFFERENT_IN_QB","[""NUMBER_DIFF"",""HAS_QB_PAYMENT"",""HAS_LINKED_TRANSACTION""]","REVIEW_PAYMENT","PAYMENT_MATCH","","[{""id"":""138"",""reasons"":[""EXACT_CUSTOMER_DATE_LINES_TOTALS"",""SAME_CUSTOMER_DATE_TOTAL_DESCRIPTIONS""],""score"":50}]","0703d4c529f4ccf14ef220b96bb4a2d0e13dec2f67234df7a5502361986f98d4"
"ELSET","servicem8-job-5b837f50-4a1e-45a6-bbec-23b1b89b351d:invoice","INV-0116","YOUR owners corporation","2026-01-08","57200","57200","0","120","DIFFERENT_IN_QB","[""NUMBER_DIFF"",""HAS_QB_PAYMENT"",""HAS_LINKED_TRANSACTION""]","REVIEW_PAYMENT","PAYMENT_MATCH","","[{""id"":""120"",""reasons"":[""EXACT_CUSTOMER_DATE_LINES_TOTALS"",""SAME_CUSTOMER_DATE_TOTAL_DESCRIPTIONS""],""score"":50}]","26fbfd08b75508f54824ad2dc892b1824f38d602896fd39258d992afa906bad1"
"ELSET","servicem8-job-df6d686e-fb92-423d-ae86-23b41fc63d1d:invoice","INV-0118","YOUR owners corporation","2026-01-11","99000","99000","","","MISSING_IN_QB","[""PAYMENT_BALANCE_DIFF""]","CREATE_QB_INVOICE","PAYMENT_REVIEW_REQUIRED","","[]","c08a4d8ec93e0590c81a52bd3c59db3ae5a8d722f757b6baf6c6cdfbd092e420"
"ELSET","servicem8-job-0a4a3ec3-2860-4817-bb5e-238f0c21e9ed:invoice","INV-0099","Aliza Rixton","2026-01-19","61600","61600","0","139","DIFFERENT_IN_QB","[""NUMBER_DIFF"",""HAS_QB_PAYMENT"",""HAS_LINKED_TRANSACTION""]","REVIEW_PAYMENT","PAYMENT_MATCH","","[{""id"":""139"",""reasons"":[""EXACT_CUSTOMER_DATE_LINES_TOTALS"",""SAME_CUSTOMER_DATE_TOTAL_DESCRIPTIONS""],""score"":50}]","a4521b03012d7bdbeb1940a37338a2a8c03ce7aedfcecdaee364fd55a01036b1"
"ELSET","servicem8-job-5e642bef-1d87-44b3-9fdd-23bc6552b65d:invoice","INV-0124","CALABRIA CLUB","2026-01-23","530475","530475","","","MISSING_IN_QB","[""PAYMENT_BALANCE_DIFF""]","CREATE_QB_INVOICE","PAYMENT_REVIEW_REQUIRED","","[]","79ecfd962ef0ff4883b07e65daf6c71949212ee49d20e413476c51ef2966ec21"
"ELSET","servicem8-job-2c7fb69f-57ea-4309-8134-23c6f817cf0d:invoice","INV-0130","OCPS 514657D C/- MICM","2026-01-29","37400","37400","","","MISSING_IN_QB","[""PAYMENT_BALANCE_DIFF""]","CREATE_QB_INVOICE","PAYMENT_REVIEW_REQUIRED","","[]","629cd39075c95cae0425449e458ec278cc582e68ba1ee4bd0b1ccc56c0939c46"
"ELSET","servicem8-job-fc8808b0-07cb-48f3-adab-23b7f077a4bd:invoice","INV-0122","Mcinnes and co group","2026-01-30","440000","440000","","","MISSING_IN_QB","[""PAYMENT_BALANCE_DIFF""]","CREATE_QB_INVOICE","PAYMENT_REVIEW_REQUIRED","","[]","c3ef45c3db2b445a1bb9b72778d9d34b8f6812d212c2964be1e6bcc204afdf7b"
"ELSET","servicem8-job-b2e37d57-a198-4d40-935b-23cde5bdc67d:invoice","INV-0132","MBCM ST KILDA","2026-02-05","88220","88220","0","134","DIFFERENT_IN_QB","[""NUMBER_DIFF"",""HAS_QB_PAYMENT"",""HAS_LINKED_TRANSACTION""]","REVIEW_PAYMENT","PAYMENT_MATCH","","[{""id"":""134"",""reasons"":[""EXACT_CUSTOMER_DATE_LINES_TOTALS"",""SAME_CUSTOMER_DATE_TOTAL_DESCRIPTIONS""],""score"":50}]","eaba394cb50328a947a1969ed2894adbf42baa53a7ee3f1ba7ee9829e4eff189"
"ELSET","servicem8-job-772d62a6-0094-4b04-8b31-23d9bfd7de9d:invoice","INV-0136","Miller Autralia","2026-02-17","33000","33000","0","293","DIFFERENT_IN_QB","[""NUMBER_DIFF"",""HAS_QB_PAYMENT"",""HAS_LINKED_TRANSACTION""]","REVIEW_PAYMENT","PAYMENT_MATCH","","[{""id"":""293"",""reasons"":[""EXACT_CUSTOMER_DATE_LINES_TOTALS"",""SAME_CUSTOMER_DATE_TOTAL_DESCRIPTIONS""],""score"":50}]","49ed4f44f83b74e02e5e3b14b9aad8a5359d0e0e0fbdd1abc243deeee7ce163c"
"ELSET","servicem8-job-3909c52b-bc86-4cde-bfc3-23da297a0bdd:invoice","INV-0137","FREIGHT MANAGEMENT SERVICES","2026-02-18","232650","232650","","","MISSING_IN_QB","[""CUSTOMER_REVIEW"",""PAYMENT_BALANCE_DIFF""]","REVIEW_CONFLICT","PAYMENT_REVIEW_REQUIRED","","[]","60c08190bfc81e2cd42984ee0dfbe9e0e707da3dea61e8a9e1e8586ab44ca1fd"
"ELSET","servicem8-job-7a1e8f4f-cdb5-456a-87fb-23d9bb05e95d:invoice","INV-0135","Raine & Horne Thomastown | Glenroy | Reservoir","2026-02-18","137500","137500","0","289","DIFFERENT_IN_QB","[""NUMBER_DIFF"",""HAS_QB_PAYMENT"",""HAS_LINKED_TRANSACTION""]","REVIEW_PAYMENT","PAYMENT_MATCH","","[{""id"":""289"",""reasons"":[""EXACT_CUSTOMER_DATE_LINES_TOTALS"",""SAME_CUSTOMER_DATE_TOTAL_DESCRIPTIONS""],""score"":50}]","25d41535556bf0bdd0b63c982e54dbeb7d4349b6fff4035bc270038e93f2a194"
"ELSET","servicem8-job-a6c76452-5328-484b-8577-23da29f0f51d:invoice","INV-0138","DIANA PETROLLO","2026-02-18","60500","60500","0","146","DIFFERENT_IN_QB","[""NUMBER_DIFF"",""HAS_QB_PAYMENT"",""HAS_LINKED_TRANSACTION""]","REVIEW_PAYMENT","PAYMENT_MATCH","","[{""id"":""146"",""reasons"":[""EXACT_CUSTOMER_DATE_LINES_TOTALS"",""SAME_CUSTOMER_DATE_TOTAL_DESCRIPTIONS""],""score"":50}]","e27eca4f26e06f4000236541911b9296822fb020b6219ba0792a804029b196ea"
"ELSET","servicem8-job-2f088946-d22a-428b-98ea-23dc306eda7d:invoice","INV-0140","Jacky Schaekers","2026-02-19","44550","44550","0","149","DIFFERENT_IN_QB","[""NUMBER_DIFF"",""HAS_QB_PAYMENT"",""HAS_LINKED_TRANSACTION""]","REVIEW_PAYMENT","PAYMENT_MATCH","","[{""id"":""149"",""reasons"":[""EXACT_CUSTOMER_DATE_LINES_TOTALS"",""SAME_CUSTOMER_DATE_TOTAL_DESCRIPTIONS""],""score"":50}]","f712af46f907c6c43da74675444851b257009f3a3c588ab8e60aa6a0b3b221c5"
"ELSET","servicem8-job-b38fc26e-3397-4e9f-b987-23dc39db68dd:invoice","INV-0142","Colour Earth Wrough Ironworks","2026-02-19","55000","0","","","MISSING_IN_QB","[""PAYMENT_BALANCE_DIFF""]","CREATE_QB_INVOICE","PAYMENT_REVIEW_REQUIRED","","[]","e35543c1b46ec33da7abc7ce8d7257588fba4cacfa6fa50637ae491c70d0f978"
"ELSET","servicem8-job-f065f37e-87c7-4657-9304-23dc3dbb679d:invoice","INV-0141","Jacky Schaekers","2026-02-19","49500","49500","0","150","DIFFERENT_IN_QB","[""NUMBER_DIFF"",""HAS_QB_PAYMENT"",""HAS_LINKED_TRANSACTION""]","REVIEW_PAYMENT","PAYMENT_MATCH","","[{""id"":""150"",""reasons"":[""EXACT_CUSTOMER_DATE_LINES_TOTALS"",""SAME_CUSTOMER_DATE_TOTAL_DESCRIPTIONS""],""score"":50}]","a5f3966bdd185b9efbd2e7b61f4094b551e283ce227a76d0e9b1287551186e8a"
"ELSET","servicem8-job-5b8664de-983a-4da0-b3db-23e26a11c44d:invoice","INV-0147","Citicommercialcleaning","2026-02-26","77550","77550","","","MISSING_IN_QB","[""PAYMENT_BALANCE_DIFF""]","CREATE_QB_INVOICE","PAYMENT_REVIEW_REQUIRED","","[]","be36dd6d528bd30c37b2ed0f8329c85353c9c450893a53314246300a28b5cf7c"
"ELSET","servicem8-job-18a887ad-793a-49f1-989c-23e38ad0601d:invoice","INV-0148","LEONIE SZABO","2026-02-27","171600","171600","0","152","DIFFERENT_IN_QB","[""NUMBER_DIFF"",""HAS_QB_PAYMENT"",""HAS_LINKED_TRANSACTION""]","REVIEW_PAYMENT","PAYMENT_MATCH","","[{""id"":""152"",""reasons"":[""EXACT_CUSTOMER_DATE_LINES_TOTALS"",""SAME_CUSTOMER_DATE_TOTAL_DESCRIPTIONS""],""score"":50}]","805be947bb7403353720af951648ccbbcac0703ef8ffb684b37ef37996fdb84b"
"ELSET","servicem8-job-bf89461a-d704-4da5-b991-23e38a1e0d3d:invoice","INV-0149","CAROL","2026-02-27","88000","88000","0","192","DIFFERENT_IN_QB","[""NUMBER_DIFF"",""HAS_QB_PAYMENT"",""HAS_LINKED_TRANSACTION""]","REVIEW_PAYMENT","PAYMENT_MATCH","","[{""id"":""192"",""reasons"":[""EXACT_CUSTOMER_DATE_LINES_TOTALS"",""SAME_CUSTOMER_DATE_TOTAL_DESCRIPTIONS""],""score"":50}]","784d7504d7cd5d7c6a14ef9551c99c2f5478ec27350faad550d32237484c3caf"
"ELSET","servicem8-job-f9efa06c-7ee5-4574-9aa2-23af65ee9fed:invoice","INV-0113","Debbie Phillips","2026-02-27","1562000","1562000","","","MISSING_IN_QB","[""CUSTOMER_REVIEW"",""PAYMENT_BALANCE_DIFF""]","REVIEW_CONFLICT","PAYMENT_REVIEW_REQUIRED","","[]","f2c293b249ac591ee2d1fe7b8be751121426fc2b30c3b66e32a99961d069fafd"
"ELSET","servicem8-job-76ca67d3-7bc1-456d-b329-23e9307a4a8d:invoice","INV-0152","ANDREW DONALDSON","2026-03-05","66000","66000","66000","159","DIFFERENT_IN_QB","[""NUMBER_DIFF"",""PAYMENT_BALANCE_DIFF""]","REVIEW_CONFLICT","PAYMENT_REVIEW_REQUIRED","","[{""id"":""159"",""reasons"":[""EXACT_CUSTOMER_DATE_LINES_TOTALS"",""SAME_CUSTOMER_DATE_TOTAL_DESCRIPTIONS""],""score"":50}]","13b855ed43267491f02e1846ac0b91a70a6ccd01e7f885680a0063b1548e4567"
"ELSET","servicem8-job-109ce7ef-4fc9-4077-a1be-23ee40e83ebd:invoice","INV-0153","Kenny","2026-03-10","44000","44000","","","MISSING_IN_QB","[""CUSTOMER_REVIEW"",""PAYMENT_BALANCE_DIFF""]","REVIEW_CONFLICT","PAYMENT_REVIEW_REQUIRED","","[]","b5434b30475070dfe2059770c498c5e7e12879a245099bf0d90d87a43d5dc071"
"ELSET","servicem8-job-2623678e-8600-46c5-9fed-23ef4f5e289d:invoice","INV-0158","CCG COMMERICAL","2026-03-10","56430","56430","","","MISSING_IN_QB","[""PAYMENT_BALANCE_DIFF""]","CREATE_QB_INVOICE","PAYMENT_REVIEW_REQUIRED","","[]","a52f420d1dfc6471e2ed436ffa1c38d3ea70327b19dc14ad03c8204c947d65c4"
"ELSET","servicem8-job-2c18390c-5da1-49f5-b659-23ee4cce1aed:invoice","INV-0154","AMV HOMES","2026-03-10","84150","84150","","","MISSING_IN_QB","[""CUSTOMER_REVIEW"",""PAYMENT_BALANCE_DIFF""]","REVIEW_CONFLICT","PAYMENT_REVIEW_REQUIRED","","[]","7120071a2d3e1e4c6815b99616385d28ef422d517be8f94ae4398369a42ea636"
"ELSET","servicem8-job-2f213bf7-1b3e-4aca-a451-23ee480b2c5d:invoice","INV-0156","YOUR owners corporation","2026-03-10","44000","44000","0","177","DIFFERENT_IN_QB","[""NUMBER_DIFF"",""HAS_QB_PAYMENT"",""HAS_LINKED_TRANSACTION""]","REVIEW_PAYMENT","PAYMENT_MATCH","","[{""id"":""177"",""reasons"":[""EXACT_CUSTOMER_DATE_LINES_TOTALS"",""SAME_CUSTOMER_DATE_TOTAL_DESCRIPTIONS""],""score"":50}]","468f6f17878d1f8ce2c049ff83b22466927e6e06f3739f8f37d327521fb57b86"
"ELSET","servicem8-job-2a83fa81-de97-4db5-a8d9-23ef429716ad:invoice","INV-0159","YOUR owners corporation","2026-03-11","60500","60500","","","MISSING_IN_QB","[""PAYMENT_BALANCE_DIFF""]","CREATE_QB_INVOICE","PAYMENT_REVIEW_REQUIRED","","[]","0ff0accca742b058adf3ab7b21d8302dffee8859161d5b4935f858a821a9d276"
"ELSET","servicem8-job-d6fe0bbd-7bec-48a4-83e5-23f0818a02cd:invoice","INV-0160","Pelligra Cakes","2026-03-11","61050","61050","0","308","DIFFERENT_IN_QB","[""NUMBER_DIFF"",""HAS_QB_PAYMENT"",""HAS_LINKED_TRANSACTION""]","REVIEW_PAYMENT","PAYMENT_MATCH","","[{""id"":""308"",""reasons"":[""EXACT_CUSTOMER_DATE_LINES_TOTALS"",""SAME_CUSTOMER_DATE_TOTAL_DESCRIPTIONS""],""score"":50}]","e4812c4c970be2ebd43faabf424768234bcafc5f2741f06a15be5b282e5e140e"
"ELSET","servicem8-job-61c530d0-4264-4097-a2aa-23f105c5991d:invoice","INV-0161","OCPS 514657D C/- MICM","2026-03-13","27500","27500","0","314","DIFFERENT_IN_QB","[""NUMBER_DIFF"",""HAS_QB_PAYMENT"",""HAS_LINKED_TRANSACTION""]","REVIEW_PAYMENT","PAYMENT_MATCH","","[{""id"":""314"",""reasons"":[""EXACT_CUSTOMER_DATE_LINES_TOTALS"",""SAME_CUSTOMER_DATE_TOTAL_DESCRIPTIONS""],""score"":50}]","e86b2c51e6a946bba0d44eec144ac33ba5470cd58389eb715ec442496b30ea11"
"ELSET","servicem8-job-205ae649-78a7-481c-80d1-23f411fd100d:invoice","INV-0169","28 BOKHARA ROAD PTY LTD","2026-03-16","440000","440000","","","MISSING_IN_QB","[""CUSTOMER_REVIEW"",""PAYMENT_BALANCE_DIFF""]","REVIEW_CONFLICT","PAYMENT_REVIEW_REQUIRED","","[]","f5d0da6f0efb504df0f929165af6edcfc47d2ae07cf7de17283f5b7a6902a669"
"ELSET","servicem8-job-7b6432c2-621e-422a-af80-23f412e4e50d:invoice","INV-0163","Onpoint Commercial","2026-03-16","42900","42900","","","MISSING_IN_QB","[""CUSTOMER_REVIEW"",""PAYMENT_BALANCE_DIFF""]","REVIEW_CONFLICT","PAYMENT_REVIEW_REQUIRED","","[]","4d5bbc4a43c5ecf82537f8929d2671e5ed01eb8965d0954824a8ec46486b8efa"
"ELSET","servicem8-job-9ef90e61-feed-4237-9c15-23f41ffbf0bd:invoice","INV-0166","O.C Strata Mangement","2026-03-16","49500","49500","0","182","DIFFERENT_IN_QB","[""NUMBER_DIFF"",""HAS_QB_PAYMENT"",""HAS_LINKED_TRANSACTION""]","REVIEW_PAYMENT","PAYMENT_MATCH","","[{""id"":""182"",""reasons"":[""EXACT_CUSTOMER_DATE_LINES_TOTALS"",""SAME_CUSTOMER_DATE_TOTAL_DESCRIPTIONS""],""score"":50}]","3198db60a4518de13bb736d58ebe4e29c449d158717b36059347f8b130c7bd89"
"ELSET","servicem8-job-ad42be06-dfe8-45e4-9eb1-23f4176d0e5d:invoice","INV-0164","Onpoint Commercial","2026-03-16","27500","27500","","","MISSING_IN_QB","[""CUSTOMER_REVIEW"",""PAYMENT_BALANCE_DIFF""]","REVIEW_CONFLICT","PAYMENT_REVIEW_REQUIRED","","[]","0fcb8e9c3151b4b4377d1e6c556f8b62bc16c9d13f93764972774714e87ab27e"
"ELSET","servicem8-job-cdb96d14-c46a-4deb-8b37-23f41ffe47ad:invoice","INV-0165","O.C Strata Mangement","2026-03-16","352000","352000","0","183","DIFFERENT_IN_QB","[""NUMBER_DIFF"",""HAS_QB_PAYMENT"",""HAS_LINKED_TRANSACTION""]","REVIEW_PAYMENT","PAYMENT_MATCH","","[{""id"":""183"",""reasons"":[""EXACT_CUSTOMER_DATE_LINES_TOTALS"",""SAME_CUSTOMER_DATE_TOTAL_DESCRIPTIONS""],""score"":50}]","72a622337f9281a0c4744c0a24f529f5f3c7706a51decf466df07cafeaed75a6"
"ELSET","servicem8-job-2065e0ce-8c55-40df-b74a-23f626383e8d:invoice","INV-0172","ROSS-HUNT real estate","2026-03-18","35200","35200","","","MISSING_IN_QB","[""PAYMENT_BALANCE_DIFF""]","CREATE_QB_INVOICE","PAYMENT_REVIEW_REQUIRED","","[]","704928f376315cb9fc02253fca861f9775f4e7215d3a00b652506c90747e556b"
"ELSET","servicem8-job-7180c8c5-0218-46a5-baa0-23f62f81c89d:invoice","INV-0170","Onpoint Commercial","2026-03-18","54780","54780","","","MISSING_IN_QB","[""CUSTOMER_REVIEW"",""PAYMENT_BALANCE_DIFF""]","REVIEW_CONFLICT","PAYMENT_REVIEW_REQUIRED","","[]","532d19f49601b32b77909bf23d49078ed9a1f2359e7f99edd5495443817e3fbf"
"ELSET","servicem8-job-b01eeaf3-0443-4ef2-8cc8-23f62b58f45d:invoice","INV-0171","Onpoint Commercial","2026-03-18","42900","42900","","","MISSING_IN_QB","[""CUSTOMER_REVIEW"",""PAYMENT_BALANCE_DIFF""]","REVIEW_CONFLICT","PAYMENT_REVIEW_REQUIRED","","[]","a7864a98f4a5872a5bc0933f7ac9ad56be12e7e7dbd8cf2c85fb6f0a43096205"
"ELSET","servicem8-job-5498c791-ec46-46c6-bfa6-23ef48a9952d:invoice","INV-0157","YOUR owners corporation","2026-03-24","220000","220000","0","194","DIFFERENT_IN_QB","[""NUMBER_DIFF"",""HAS_QB_PAYMENT"",""HAS_LINKED_TRANSACTION""]","REVIEW_PAYMENT","PAYMENT_MATCH","","[{""id"":""194"",""reasons"":[""EXACT_CUSTOMER_DATE_LINES_TOTALS"",""SAME_CUSTOMER_DATE_TOTAL_DESCRIPTIONS""],""score"":50}]","ed72b073c6ff680aeb3569ecf9495854d83d9c2e48a2d972969049c11b386f23"
"ELSET","servicem8-job-f48e95f6-8f6f-47de-9bf6-23bdd26b60ed:invoice","INV-0125","MBCM FOOTRSCRAY/ ASCOT VALE","2026-03-24","495000","495000","0","310","DIFFERENT_IN_QB","[""NUMBER_DIFF"",""HAS_QB_PAYMENT"",""HAS_LINKED_TRANSACTION""]","REVIEW_PAYMENT","PAYMENT_MATCH","","[{""id"":""310"",""reasons"":[""EXACT_CUSTOMER_DATE_LINES_TOTALS"",""SAME_CUSTOMER_DATE_TOTAL_DESCRIPTIONS""],""score"":50}]","2866eb7e7da498b4768bc5f18e22d015060d9572f4fcdfa0a08cd1dc5c2dd30f"
"ELSET","servicem8-job-f73e4a5e-70c8-4161-b58c-23fef8bf65ad:invoice","INV-0173","YOUR owners corporation","2026-03-25","58300","58300","","","MISSING_IN_QB","[""PAYMENT_BALANCE_DIFF""]","CREATE_QB_INVOICE","PAYMENT_REVIEW_REQUIRED","","[]","29f1a7f6d43614e3f984f25637d9fcda2b3b9e575135a27dccb9d5d4eef48576"
"ELSET","servicem8-job-51153912-7125-4b2f-836e-23ffd0774f8d:invoice","INV-0174","Colour Earth Wrough Ironworks","2026-03-26","451000","451000","0","326","DIFFERENT_IN_QB","[""NUMBER_DIFF"",""HAS_QB_PAYMENT"",""HAS_LINKED_TRANSACTION""]","REVIEW_PAYMENT","PAYMENT_MATCH","","[{""id"":""326"",""reasons"":[""EXACT_CUSTOMER_DATE_LINES_TOTALS"",""SAME_CUSTOMER_DATE_TOTAL_DESCRIPTIONS""],""score"":50}]","6ca2a2b7e690648c2f8eb71ad1d93877471b7c7d3b192bb29f3a657abc649187"
"ELSET","servicem8-job-436d8b89-3099-44e1-9865-240005314c3d:invoice","INV-0175","Kate Collins","2026-03-27","52250","52250","0","195","DIFFERENT_IN_QB","[""NUMBER_DIFF"",""HAS_QB_PAYMENT"",""HAS_LINKED_TRANSACTION""]","REVIEW_PAYMENT","PAYMENT_MATCH","","[{""id"":""195"",""reasons"":[""EXACT_CUSTOMER_DATE_LINES_TOTALS"",""SAME_CUSTOMER_DATE_TOTAL_DESCRIPTIONS""],""score"":50}]","af10b494a2918b111fe90b6c47071e0525229a70a2ab92ba41ba6863ef0a6848"
"ELSET","servicem8-job-94ffb681-a5a5-492f-8524-24000529fddd:invoice","INV-0176","JJ Lattouf","2026-03-27","181500","181500","0","197","DIFFERENT_IN_QB","[""NUMBER_DIFF"",""HAS_QB_PAYMENT"",""HAS_LINKED_TRANSACTION""]","REVIEW_PAYMENT","PAYMENT_MATCH","","[{""id"":""197"",""reasons"":[""EXACT_CUSTOMER_DATE_LINES_TOTALS"",""SAME_CUSTOMER_DATE_TOTAL_DESCRIPTIONS""],""score"":50}]","cf330a61bc5124f2f9d7fb79a3fe28bfcc57f42079a54ec6f5cb3937c8e9333b"
"ELSET","servicem8-job-4270eca1-4fb1-41cd-9b79-23e93994799d:invoice","INV-0151","Gayathri Thillainathan","2026-03-30","101200","101200","0","198","DIFFERENT_IN_QB","[""NUMBER_DIFF"",""HAS_QB_PAYMENT"",""HAS_LINKED_TRANSACTION""]","REVIEW_PAYMENT","PAYMENT_MATCH","","[{""id"":""198"",""reasons"":[""EXACT_CUSTOMER_DATE_LINES_TOTALS"",""SAME_CUSTOMER_DATE_TOTAL_DESCRIPTIONS""],""score"":50}]","8b6aaa2fb8e2150aa4b54c1fedf5d98306da39ee9aeb957fc4d7ef43bf5c99f3"
"ELSET","servicem8-job-be95043c-d3a9-4c55-a171-2404891737fd:invoice","INV-0177","Great Ocean Road RV","2026-04-01","104500","104500","0","199","DIFFERENT_IN_QB","[""NUMBER_DIFF"",""HAS_QB_PAYMENT"",""HAS_LINKED_TRANSACTION""]","REVIEW_PAYMENT","PAYMENT_MATCH","","[{""id"":""199"",""reasons"":[""EXACT_CUSTOMER_DATE_LINES_TOTALS"",""SAME_CUSTOMER_DATE_TOTAL_DESCRIPTIONS""],""score"":50}]","054c0f3799d4f7194f4baffe7044466b649717f27801c72c524c0c87da41664d"
"ELSET","servicem8-job-ff02a684-6cad-4149-82cf-2405b69eb16d:invoice","INV-0178","STEPHANIE YUAN","2026-04-01","95700","95700","0","329","DIFFERENT_IN_QB","[""NUMBER_DIFF"",""HAS_QB_PAYMENT"",""HAS_LINKED_TRANSACTION""]","REVIEW_PAYMENT","PAYMENT_MATCH","","[{""id"":""329"",""reasons"":[""EXACT_CUSTOMER_DATE_LINES_TOTALS"",""SAME_CUSTOMER_DATE_TOTAL_DESCRIPTIONS""],""score"":50}]","c8ecee2d509df57f6b7133c2096d38906454b59878f747d2514e5e8b52a684b8"
"ELSET","servicem8-job-22f4a1e4-67dd-4beb-9dfc-24121b5c92cd:invoice","INV-0181","Annie Williams","2026-04-15","107800","107800","","","MISSING_IN_QB","[""CUSTOMER_REVIEW"",""PAYMENT_BALANCE_DIFF""]","REVIEW_CONFLICT","PAYMENT_REVIEW_REQUIRED","","[]","5b0f8b2d45797d063586df3746d2d13db46e0b97cc80807765268182deb54257"
"ELSET","servicem8-job-9c9c1954-9658-4903-a6c1-2418dd29160d:invoice","INV-0184","O.C Strata Mangement","2026-04-20","330000","330000","0","332","DIFFERENT_IN_QB","[""NUMBER_DIFF"",""HAS_QB_PAYMENT"",""HAS_LINKED_TRANSACTION""]","REVIEW_PAYMENT","PAYMENT_MATCH","","[{""id"":""332"",""reasons"":[""EXACT_CUSTOMER_DATE_LINES_TOTALS"",""SAME_CUSTOMER_DATE_TOTAL_DESCRIPTIONS""],""score"":50}]","bd27ca86a9c982c03d61b8699a2662f22ee050bf13781501ce2fff5b2080d645"
"ELSET","servicem8-job-2093f79d-5361-4669-a97a-241ac9248b5d:invoice","INV-0187","Tom Gorog","2026-04-22","27500","27500","0","325","DIFFERENT_IN_QB","[""NUMBER_DIFF"",""HAS_QB_PAYMENT"",""HAS_LINKED_TRANSACTION""]","REVIEW_PAYMENT","PAYMENT_MATCH","","[{""id"":""325"",""reasons"":[""EXACT_CUSTOMER_DATE_LINES_TOTALS"",""SAME_CUSTOMER_DATE_TOTAL_DESCRIPTIONS""],""score"":50}]","3dd0175e3a9bb7a562e62a347f5b4413b735c6de71dd22c8e9c7ce4db5e1129b"
"ELSET","servicem8-job-d8071f30-4e82-464d-8cb4-241908e3131d:invoice","INV-0185","Mirella Makcon","2026-04-22","62700","62700","","","MISSING_IN_QB","[""CUSTOMER_REVIEW"",""PAYMENT_BALANCE_DIFF""]","REVIEW_CONFLICT","PAYMENT_REVIEW_REQUIRED","","[]","4ed64158bfa8028a2a3765d18a2d6e2de51dcdf0ed3e3fc61c99c7bf72e89dae"
"ELSET","servicem8-job-e0882d84-411f-4848-ad23-241ac844633d:invoice","INV-0186","DOMENIC LOCANDRO","2026-04-22","52800","52800","","","MISSING_IN_QB","[""PAYMENT_BALANCE_DIFF""]","CREATE_QB_INVOICE","PAYMENT_REVIEW_REQUIRED","","[]","aac801b7c5e387ec03430f1971eb4561578f4089036e0dd7b6e2e20167fa15ab"
"ELSET","servicem8-job-e888237a-9dd2-4c23-b447-236bc62061bd:invoice","INV-0084","Greg Bain","2026-04-22","1144000","1144000","0","290","DIFFERENT_IN_QB","[""NUMBER_DIFF"",""HAS_QB_PAYMENT"",""HAS_LINKED_TRANSACTION""]","REVIEW_PAYMENT","PAYMENT_MATCH","","[{""id"":""290"",""reasons"":[""EXACT_CUSTOMER_DATE_LINES_TOTALS"",""SAME_CUSTOMER_DATE_TOTAL_DESCRIPTIONS""],""score"":50}]","1be5e74f9adacf1b6a851b425b1a8454c926b251e82808f240d06a9a74604157"
"ELSET","servicem8-job-3f265032-28c2-47f8-ba1f-2413773a1c4d:invoice","INV-0183","Juliette","2026-04-24","447700","447700","","","MISSING_IN_QB","[""PAYMENT_BALANCE_DIFF""]","CREATE_QB_INVOICE","PAYMENT_REVIEW_REQUIRED","","[]","592e803bab6ca9675970f986ccc6adbd788520438db3d49fbbe8427134634726"
"ELSET","servicem8-job-7085117e-b3d1-4f49-92ba-242074250c8d:invoice","INV-0188","Kristen Pinder","2026-04-29","70950","70950","","","MISSING_IN_QB","[""PAYMENT_BALANCE_DIFF""]","CREATE_QB_INVOICE","PAYMENT_REVIEW_REQUIRED","","[]","6f40e5423ba3eba692883d3fc269941aaa1aa6b69a20f1a386c2024c5f3cac89"
"ELSET","servicem8-job-716bb5f8-3995-44e7-874e-2423ac9e440d:invoice","INV-0189","DOMLIA Property Group Pt Ltd","2026-05-01","327800","327800","","","MISSING_IN_QB","[""CUSTOMER_REVIEW"",""PAYMENT_BALANCE_DIFF""]","REVIEW_CONFLICT","PAYMENT_REVIEW_REQUIRED","","[]","1467a26bc6627b6b8b6dee6b942713e78dfaf95d2755c67cadbbea19cc1de005"
"ELSET","servicem8-job-0c944010-a86a-4574-a175-2428c432e85d:invoice","INV-0191","Melcorp","2026-05-07","162800","162800","","","MISSING_IN_QB","[""CUSTOMER_REVIEW"",""PAYMENT_BALANCE_DIFF""]","REVIEW_CONFLICT","PAYMENT_REVIEW_REQUIRED","","[]","2f983eae4e683d0892d052fb15075eb84e8c7dc9eae1d2aac526e6ffdab9f78c"
"ELSET","servicem8-job-648ffe4d-d388-47f0-ba15-242de94aa37d:invoice","INV-0194","Melcorp","2026-05-12","70400","70400","","","MISSING_IN_QB","[""CUSTOMER_REVIEW"",""PAYMENT_BALANCE_DIFF""]","REVIEW_CONFLICT","PAYMENT_REVIEW_REQUIRED","","[]","3508961563f37a0854ef9d8b51f82183a949690f458c13f04fbdb47d500cf4e8"
"ELSET","servicem8-job-d5814d45-60cf-48c7-bbe9-2373523fbecd:invoice","INV-0086","David wells","2026-05-13","260700","260700","0","330","DIFFERENT_IN_QB","[""NUMBER_DIFF"",""HAS_QB_PAYMENT"",""HAS_LINKED_TRANSACTION""]","REVIEW_PAYMENT","PAYMENT_MATCH","","[{""id"":""330"",""reasons"":[""EXACT_CUSTOMER_DATE_LINES_TOTALS"",""SAME_CUSTOMER_DATE_TOTAL_DESCRIPTIONS""],""score"":50}]","43eba4d82e92ec5b60725810da375ea23671ce7124317d069b812935868867fc"
"ELSET","servicem8-job-13d6f9b5-62de-4571-9c61-2434f6bc95fa:invoice","INV-0196","Lamanna Direct","2026-05-18","269500","269500","0","328","DIFFERENT_IN_QB","[""NUMBER_DIFF"",""HAS_QB_PAYMENT"",""HAS_LINKED_TRANSACTION""]","REVIEW_PAYMENT","PAYMENT_MATCH","","[{""id"":""328"",""reasons"":[""EXACT_CUSTOMER_DATE_LINES_TOTALS"",""SAME_CUSTOMER_DATE_TOTAL_DESCRIPTIONS""],""score"":50}]","399657a6b908c4fb34ef447f34c8170653b52214e8411b72530719d3683c212b"
"ELSET","servicem8-job-30237859-cec5-49c4-8f75-23da2f75af1d:invoice","INV-0139","Melcorp","2026-05-20","616000","616000","","","MISSING_IN_QB","[""CUSTOMER_REVIEW"",""PAYMENT_BALANCE_DIFF""]","REVIEW_CONFLICT","PAYMENT_REVIEW_REQUIRED","","[]","d880fd9c165828a9555c72e067df82ac1d514787f13b4ea17495c7b6fde7ffb0"
"ELSET","servicem8-job-6c6271ef-506c-40cf-8132-243ae1b3c55d:invoice","INV-0199","MBCM FOOTRSCRAY/ ASCOT VALE","2026-05-25","7700","7700","0","220","DIFFERENT_IN_QB","[""NUMBER_DIFF"",""HAS_QB_PAYMENT"",""HAS_LINKED_TRANSACTION""]","REVIEW_PAYMENT","PAYMENT_MATCH","","[{""id"":""220"",""reasons"":[""EXACT_CUSTOMER_DATE_LINES_TOTALS"",""SAME_CUSTOMER_DATE_TOTAL_DESCRIPTIONS""],""score"":50}]","984642a84cc20cdd3df5c7cc5216a528ec15d3d8258f162d5b6ad52eeba86401"
"ELSET","servicem8-job-e44972f0-ff1b-4eb8-a243-2434ff64ef1a:invoice","INV-0195","jasbe Investements PTY LYD","2026-05-25","302500","302500","","","MISSING_IN_QB","[""PAYMENT_BALANCE_DIFF""]","CREATE_QB_INVOICE","PAYMENT_REVIEW_REQUIRED","","[]","d2ea2dd6eeb29281160712e672ed9649b07a1580754d53499c3e797aac62946f"
"ELSET","servicem8-job-e6845e5f-2bf0-4a83-b675-24365a22d2ab:invoice","INV-0197","Seymour passenger services","2026-05-25","401500","401500","0","331","DIFFERENT_IN_QB","[""NUMBER_DIFF"",""HAS_QB_PAYMENT"",""HAS_LINKED_TRANSACTION""]","REVIEW_PAYMENT","PAYMENT_MATCH","","[{""id"":""331"",""reasons"":[""EXACT_CUSTOMER_DATE_LINES_TOTALS"",""SAME_CUSTOMER_DATE_TOTAL_DESCRIPTIONS""],""score"":50}]","f38abebcfe054e2a40e022a3f012f2fcff362996cd9c66993dc35bebef825752"
"ELSET","servicem8-job-8e6e55af-9796-47e7-819d-243dd55929ad:invoice","INV-0201","CCG COMMERICAL","2026-05-27","60500","60500","","","MISSING_IN_QB","[""PAYMENT_BALANCE_DIFF""]","CREATE_QB_INVOICE","PAYMENT_REVIEW_REQUIRED","","[]","589c559e5a02234bd90feb72c82bc868d8948e537df2805f6a5417f3755f06e5"
"ELSET","servicem8-job-9cbe5e7c-9c06-40b2-8335-243dd63bc1ed:invoice","INV-0200","Aiello Constructions","2026-05-27","561000","561000","","","MISSING_IN_QB","[""PAYMENT_BALANCE_DIFF""]","CREATE_QB_INVOICE","PAYMENT_REVIEW_REQUIRED","","[]","50119eee4104c88a8c4409b936895696be5ec04692c20e471b494adc941a2736"
"ELSET","servicem8-job-41a97852-1090-496c-90d8-24432738110d:invoice","INV-0202","Onpoint Commercial","2026-06-02","50600","50600","","","MISSING_IN_QB","[""CUSTOMER_REVIEW"",""PAYMENT_BALANCE_DIFF""]","REVIEW_CONFLICT","PAYMENT_REVIEW_REQUIRED","","[]","c3cf5ee688df8146d8a60190e5456dd9f101c6c527570e8d8b806bd6dfd550cc"
"ELSET","servicem8-job-457396ea-ec2f-499a-ac2f-244327da3fed:invoice","INV-0203","Melcorp","2026-06-02","60500","60500","","","MISSING_IN_QB","[""CUSTOMER_REVIEW"",""PAYMENT_BALANCE_DIFF""]","REVIEW_CONFLICT","PAYMENT_REVIEW_REQUIRED","","[]","3e5b3cf3f09260c16b595c0240ccac585ba1f9f9149504cf55989858187c6a09"
"ELSET","servicem8-job-fc6e846e-700c-4614-85c6-2449639897dd:invoice","INV-0206","Action Powder Apllicators P/L","2026-06-09","550000","550000","0","238","DIFFERENT_IN_QB","[""NUMBER_DIFF"",""HAS_QB_PAYMENT"",""HAS_LINKED_TRANSACTION""]","REVIEW_PAYMENT","PAYMENT_MATCH","","[{""id"":""238"",""reasons"":[""EXACT_CUSTOMER_DATE_LINES_TOTALS"",""SAME_CUSTOMER_DATE_TOTAL_DESCRIPTIONS""],""score"":50}]","9907d53b00b7a7791acfde8ab8b9b87afd07c026a41c9a4042409a0a3cf0a222"
"ELSET","servicem8-job-ffc80a7b-1fde-4e03-81d1-244968c0429d:invoice","INV-0208","YOUR owners corporation","2026-06-09","141900","141900","","","MISSING_IN_QB","[""PAYMENT_BALANCE_DIFF""]","CREATE_QB_INVOICE","PAYMENT_REVIEW_REQUIRED","","[]","ce3435857103d5afae5ba98b832010d053735942fbd8aa0facc320eb7c5aadb5"
"ELSET","servicem8-job-99ecc12a-ad79-4328-bf92-244bdd7ccb7d:invoice","INV-0210","Phillip Grech Plumbing services","2026-06-11","330000","330000","0","283","DIFFERENT_IN_QB","[""NUMBER_DIFF"",""HAS_QB_PAYMENT"",""HAS_LINKED_TRANSACTION""]","REVIEW_PAYMENT","PAYMENT_MATCH","","[{""id"":""283"",""reasons"":[""EXACT_CUSTOMER_DATE_LINES_TOTALS"",""SAME_CUSTOMER_DATE_TOTAL_DESCRIPTIONS""],""score"":50}]","8b2e27d79fad8e5b5f5d7267fc456f811f808e731de03b9735027bb9398fa012"
"ELSET","servicem8-job-87dcc227-f219-42ed-ac3d-233b1e5cf24d:invoice","INV-0030","YOUR owners corporation","2026-06-18","56100","56100","","","MISSING_IN_QB","[""PAYMENT_BALANCE_DIFF""]","CREATE_QB_INVOICE","PAYMENT_REVIEW_REQUIRED","","[]","8bff995966873d234f31ad2639ed3dc46c16bd057f31b131ea703f19698a925b"
"ELSET","servicem8-job-a2b148df-fc64-45df-a961-2428c8da91ad:invoice","INV-0192","Domain Prestige Homes","2026-06-18","1155000","577500","","","MISSING_IN_QB","[""PAYMENT_BALANCE_DIFF""]","CREATE_QB_INVOICE","PAYMENT_REVIEW_REQUIRED","","[]","d57ed68db5701175a229828aa2d3608af483c0f2d989d7a22548346c4741cca1"
"ELSET","servicem8-job-a97e87bc-442c-482a-b9e0-23e04e80170d:invoice","INV-0145","MBCM FOOTRSCRAY/ ASCOT VALE","2026-06-18","675400","675400","","","MISSING_IN_QB","[""PAYMENT_BALANCE_DIFF""]","CREATE_QB_INVOICE","PAYMENT_REVIEW_REQUIRED","","[]","d6af8b708a46ecd43b734ee39cfe6515c2bed3ea49b3a71894a4ee5c67d77e04"
"ELSET","servicem8-job-bce2fe26-414d-4bd2-8da8-23d3470d00dd:invoice","INV-0133","GN Building Group PL","2026-06-18","451000","451000","","","MISSING_IN_QB","[""PAYMENT_BALANCE_DIFF""]","CREATE_QB_INVOICE","PAYMENT_REVIEW_REQUIRED","","[]","994b06e7cde32ba8c607130c278ea6b3e710cbbdc667a272b70d588760d9dcc1"
"ELSET","servicem8-job-ceb61857-32ee-4d96-8890-23b1bf8e95cd:invoice","INV-0114","Melcorp","2026-06-18","528000","0","","","MISSING_IN_QB","[""CUSTOMER_REVIEW"",""PAYMENT_BALANCE_DIFF""]","REVIEW_CONFLICT","PAYMENT_REVIEW_REQUIRED","","[]","f32fe82dbb438baa913f3168a83402c208b3ca23e4372056a26f5878f4b13394"
"ELSET","servicem8-job-100bb050-d97e-4b96-9b00-24540f33979d:invoice","INV-0215","Candace Newport","2026-06-19","64900","64900","","","MISSING_IN_QB","[""PAYMENT_BALANCE_DIFF""]","CREATE_QB_INVOICE","PAYMENT_REVIEW_REQUIRED","","[]","00b4b79318e40e65a3da3b88d04ae8b6de33382f690fc05e3ec1a36184ef6790"
"ELSET","servicem8-job-131b5673-1752-490f-9f88-245404bb600d:invoice","INV-0213","MBCM ST KILDA","2026-06-19","49500","49500","","","MISSING_IN_QB","[""PAYMENT_BALANCE_DIFF""]","CREATE_QB_INVOICE","PAYMENT_REVIEW_REQUIRED","","[]","bc2594f7c912dbc21c7ac692cdad8dce0653c76f44974c6258219f9287ef73ec"
"ELSET","servicem8-job-5e535740-1090-4b67-9ce0-23c5c4457a8d:invoice","INV-0129","MBCM FOOTRSCRAY/ ASCOT VALE","2026-06-19","545600","545600","0","284","DIFFERENT_IN_QB","[""NUMBER_DIFF"",""HAS_QB_PAYMENT"",""HAS_LINKED_TRANSACTION""]","REVIEW_PAYMENT","PAYMENT_MATCH","","[{""id"":""284"",""reasons"":[""EXACT_CUSTOMER_DATE_LINES_TOTALS"",""SAME_CUSTOMER_DATE_TOTAL_DESCRIPTIONS""],""score"":50}]","a99f0f2604121763c1be2168dd624dadba72e666ee40e4f0cdf151f1f7906d8e"
"ELSET","servicem8-job-91a7d54a-9dc6-4ffa-80ea-24540255e10d:invoice","INV-0216","Melcorp","2026-06-19","93500","93500","","","MISSING_IN_QB","[""CUSTOMER_REVIEW"",""PAYMENT_BALANCE_DIFF""]","REVIEW_CONFLICT","PAYMENT_REVIEW_REQUIRED","","[]","c8e6a4c32aacb15444be9cdfb7fd4ec5ee785e5bf76c0a1abd90c33820015319"
"ELSET","servicem8-job-c33b6eaa-9686-436c-9efc-245400a6cb4d:invoice","INV-0217","Tom Gorog","2026-06-19","80080","80080","","","MISSING_IN_QB","[""PAYMENT_BALANCE_DIFF""]","CREATE_QB_INVOICE","PAYMENT_REVIEW_REQUIRED","","[]","fa9149aaafd6bf08a40048464235b121e833dca10d42120ca20cb25eead371ec"
"ELSET","servicem8-job-da5e0b69-d4e7-4781-b72b-2458563fff2d:invoice","INV-0218","DTV Construction Group PTY LTD","2026-06-23","440000","440000","0","245","DIFFERENT_IN_QB","[""NUMBER_DIFF"",""HAS_QB_PAYMENT"",""HAS_LINKED_TRANSACTION""]","REVIEW_PAYMENT","PAYMENT_MATCH","","[{""id"":""245"",""reasons"":[""EXACT_CUSTOMER_DATE_LINES_TOTALS"",""SAME_CUSTOMER_DATE_TOTAL_DESCRIPTIONS""],""score"":50}]","46eab3db02dd846549e10a14eaaaf8a489dd7c0ad93664ab962b28afbfce8438"
"ELSET","servicem8-job-019f8778-d21d-7eaa-947d-1256238f456d:invoice","INV-0219","OCPS 514657D C/- MICM","2026-07-22","517000","517000","400400","246","DIFFERENT_IN_QB","[""NUMBER_DIFF"",""HAS_QB_PAYMENT"",""HAS_LINKED_TRANSACTION"",""PAYMENT_BALANCE_DIFF""]","REVIEW_PAYMENT","PAYMENT_REVIEW_REQUIRED","","[{""id"":""246"",""reasons"":[""EXACT_CUSTOMER_DATE_LINES_TOTALS"",""SAME_CUSTOMER_DATE_TOTAL_DESCRIPTIONS""],""score"":50}]","4da2ba79468175fc491d104ee161016288189b534c117c47f9e624824359c81e"
"ELSET","servicem8-job-019f8785-2c11-7eaa-947c-6a4d8ef8aead:invoice","INV-0220","OCPS 514657D C/- MICM","2026-07-22","41250","41250","0","247","DIFFERENT_IN_QB","[""NUMBER_DIFF"",""HAS_QB_PAYMENT"",""HAS_LINKED_TRANSACTION""]","REVIEW_PAYMENT","PAYMENT_MATCH","","[{""id"":""247"",""reasons"":[""EXACT_CUSTOMER_DATE_LINES_TOTALS"",""SAME_CUSTOMER_DATE_TOTAL_DESCRIPTIONS""],""score"":50}]","467409565bbb00581a4aaad3f52769c0b3242aa76ad661d1fb4c35ab5e2e65f4"
"ELSET","servicem8-job-019f8787-a531-7eaa-947d-470b6936811d:invoice","INV-0221","Igot Goldshtien","2026-07-23","49500","49500","0","285","DIFFERENT_IN_QB","[""NUMBER_DIFF"",""HAS_QB_PAYMENT"",""HAS_LINKED_TRANSACTION""]","REVIEW_PAYMENT","PAYMENT_MATCH","","[{""id"":""285"",""reasons"":[""EXACT_CUSTOMER_DATE_LINES_TOTALS"",""SAME_CUSTOMER_DATE_TOTAL_DESCRIPTIONS""],""score"":50}]","874facad11f7583a93688fa7171ea035871d6a33240a38f14247268008b1e86b"
"ELSET","servicem8-job-019f8cb6-6866-7eaa-947c-d041956a7fbd:invoice","INV-0222","Eddy Chang","2026-07-23","88000","88000","0","248","DIFFERENT_IN_QB","[""NUMBER_DIFF"",""HAS_QB_PAYMENT"",""HAS_LINKED_TRANSACTION""]","REVIEW_PAYMENT","PAYMENT_MATCH","","[{""id"":""248"",""reasons"":[""EXACT_CUSTOMER_DATE_LINES_TOTALS"",""SAME_CUSTOMER_DATE_TOTAL_DESCRIPTIONS""],""score"":50}]","25757ae63a34853be480dd47791b8080a2a90c73757626012bdd6a322666ae3a"
"ELSET","servicem8-job-019fa6fe-75ea-7eaa-947c-cd445028051d:invoice","INV-0224","Dream Napasrisoingoen","2026-07-28","106700","106700","0","249","DIFFERENT_IN_QB","[""NUMBER_DIFF"",""HAS_QB_PAYMENT"",""HAS_LINKED_TRANSACTION""]","REVIEW_PAYMENT","PAYMENT_MATCH","","[{""id"":""249"",""reasons"":[""EXACT_CUSTOMER_DATE_LINES_TOTALS"",""SAME_CUSTOMER_DATE_TOTAL_DESCRIPTIONS""],""score"":50}]","59b232d33b56b33c38f185f83c1274dd3eb62acb9c6318960bd9aecf4ce1a3dc"
"ELSET","servicem8-job-f4fb3f45-a59d-474d-b838-23e6f9f9481d:invoice","INV-0150","Ben Jones","2026-07-28","550000","550000","0","281","DIFFERENT_IN_QB","[""NUMBER_DIFF"",""HAS_QB_PAYMENT"",""HAS_LINKED_TRANSACTION""]","REVIEW_PAYMENT","PAYMENT_MATCH","","[{""id"":""281"",""reasons"":[""EXACT_CUSTOMER_DATE_LINES_TOTALS"",""SAME_CUSTOMER_DATE_TOTAL_DESCRIPTIONS""],""score"":50}]","6ea7e0bd580630c53deb17fd3cae0423b30d5de83c8bd756fe6c4b934ece220c"
"ELSET","servicem8-job-019fa6ef-3492-7eaa-947d-471ec516c3ed:invoice","INV-0223","Vera Mascaro","2026-08-04","82170","82170","0","312","DIFFERENT_IN_QB","[""NUMBER_DIFF"",""HAS_QB_PAYMENT"",""HAS_LINKED_TRANSACTION""]","REVIEW_PAYMENT","PAYMENT_MATCH","","[{""id"":""312"",""reasons"":[""EXACT_CUSTOMER_DATE_LINES_TOTALS"",""SAME_CUSTOMER_DATE_TOTAL_DESCRIPTIONS""],""score"":50}]","4f5c4f7ce2880853ae91a98b7957dc57bad149a28261fa2ff56d840b71cf0156"
"ELSET","servicem8-job-019fc9f6-6810-7eaa-947d-f3289182bafd:invoice","INV-0225","Jason Kisielis","2026-08-04","27500","27500","0","250","DIFFERENT_IN_QB","[""NUMBER_DIFF"",""HAS_QB_PAYMENT"",""HAS_LINKED_TRANSACTION""]","REVIEW_PAYMENT","PAYMENT_MATCH","","[{""id"":""250"",""reasons"":[""EXACT_CUSTOMER_DATE_LINES_TOTALS"",""SAME_CUSTOMER_DATE_TOTAL_DESCRIPTIONS""],""score"":50}]","86ed7d195c7b460741334d2a59d648a6da019eb9598c612ac1afb181d69d674e"
"ELSET","servicem8-job-019fc9f8-caf8-7eaa-947c-ec40b2a77a7d:invoice","INV-0226","Great Ocean Road RV","2026-08-04","48400","48400","0","251","DIFFERENT_IN_QB","[""NUMBER_DIFF"",""HAS_QB_PAYMENT"",""HAS_LINKED_TRANSACTION""]","REVIEW_PAYMENT","PAYMENT_MATCH","","[{""id"":""251"",""reasons"":[""EXACT_CUSTOMER_DATE_LINES_TOTALS"",""SAME_CUSTOMER_DATE_TOTAL_DESCRIPTIONS""],""score"":50}]","2759334deb9504e7e7676a20888a84effe9be95d7f2341f5ec0bb5080a1a3139"
"ELSET","servicem8-job-019fc9fa-abb2-7eaa-947d-15a30962826d:invoice","INV-0228","Lisa Dumbrell","2026-08-04","80850","80850","0","309","DIFFERENT_IN_QB","[""NUMBER_DIFF"",""HAS_QB_PAYMENT"",""HAS_LINKED_TRANSACTION""]","REVIEW_PAYMENT","PAYMENT_MATCH","","[{""id"":""309"",""reasons"":[""EXACT_CUSTOMER_DATE_LINES_TOTALS"",""SAME_CUSTOMER_DATE_TOTAL_DESCRIPTIONS""],""score"":50}]","e186267aefa1c17547e5d11148795e9ae7e9c2d90a920196b687b081606f5cdf"
"ELSET","servicem8-job-019fca43-5cb6-7eaa-947c-8614f0cdc32d:invoice","INV-0229","Bessel Sleiman","2026-08-04","38500","38500","0","252","DIFFERENT_IN_QB","[""NUMBER_DIFF"",""HAS_QB_PAYMENT"",""HAS_LINKED_TRANSACTION""]","REVIEW_PAYMENT","PAYMENT_MATCH","","[{""id"":""252"",""reasons"":[""EXACT_CUSTOMER_DATE_LINES_TOTALS"",""SAME_CUSTOMER_DATE_TOTAL_DESCRIPTIONS""],""score"":50}]","02b5dee61d21a7b38ca207efedc0fb49a360a95c54b3fbb04bfac8d80fe96f0c"
"ELSET","servicem8-job-019fca47-907b-7eaa-947d-021bf6618efd:invoice","INV-0230","Vinay Samuel","2026-08-04","168850","168850","","","MISSING_IN_QB","[""PAYMENT_BALANCE_DIFF""]","CREATE_QB_INVOICE","PAYMENT_REVIEW_REQUIRED","","[]","5e4edc64dcc2aa56dc295fe7ad09aa7c87aa05831e83088b741ff0b2f3ee9139"
"ELSET","servicem8-job-019fca4c-0fa5-7eaa-947c-38dffb0f865d:invoice","INV-0231","Jian Zhou","2026-08-04","121000","121000","0","253","DIFFERENT_IN_QB","[""NUMBER_DIFF"",""HAS_QB_PAYMENT"",""HAS_LINKED_TRANSACTION""]","REVIEW_PAYMENT","PAYMENT_MATCH","","[{""id"":""253"",""reasons"":[""EXACT_CUSTOMER_DATE_LINES_TOTALS"",""SAME_CUSTOMER_DATE_TOTAL_DESCRIPTIONS""],""score"":50}]","80517e26bd8ede30a6555ca2858155e0dd74faaf3254899d11534ba3eb9911da"
"ELSET","servicem8-job-019fca50-f9ea-7eaa-947d-39e96b11f4bd:invoice","INV-0232","Rocco Colangelo","2026-08-04","115500","115500","0","311","DIFFERENT_IN_QB","[""NUMBER_DIFF"",""HAS_QB_PAYMENT"",""HAS_LINKED_TRANSACTION""]","REVIEW_PAYMENT","PAYMENT_MATCH","","[{""id"":""311"",""reasons"":[""EXACT_CUSTOMER_DATE_LINES_TOTALS"",""SAME_CUSTOMER_DATE_TOTAL_DESCRIPTIONS""],""score"":50}]","f897742001c6867ed35424a4b4bbd8b8038a6b85e9b77e87e47b4c31edb33539"
"ELSET","servicem8-job-019fcb12-92b2-7eaa-947d-d503e20f1a8d:invoice","INV-0234","ROSS-HUNT real estate","2026-08-04","66000","66000","0","254","DIFFERENT_IN_QB","[""NUMBER_DIFF"",""HAS_QB_PAYMENT"",""HAS_LINKED_TRANSACTION""]","REVIEW_PAYMENT","PAYMENT_MATCH","","[{""id"":""254"",""reasons"":[""EXACT_CUSTOMER_DATE_LINES_TOTALS"",""SAME_CUSTOMER_DATE_TOTAL_DESCRIPTIONS""],""score"":50}]","fc6ca84384199e221d9c617b6f7d43119df5926df2b5dda64061556e0ee0f45a"
"ELSET","servicem8-job-39e5a529-a955-4df1-9809-2454026ca45d:invoice","INV-0214","LEONIE SZABO","2026-08-04","208450","208450","0","307","DIFFERENT_IN_QB","[""NUMBER_DIFF"",""HAS_QB_PAYMENT"",""HAS_LINKED_TRANSACTION""]","REVIEW_PAYMENT","PAYMENT_MATCH","","[{""id"":""307"",""reasons"":[""EXACT_CUSTOMER_DATE_LINES_TOTALS"",""SAME_CUSTOMER_DATE_TOTAL_DESCRIPTIONS""],""score"":50}]","ed0cf7958997aeaa000c07d280613c1c81f69fcea695d1c16dff5ade5172ff38"
"ELSET","servicem8-job-019fcf1c-3dc1-7eaa-947c-db183bd14e7d:invoice","INV-0235","Paul Rosen","2026-08-05","74800","74800","0","255","DIFFERENT_IN_QB","[""NUMBER_DIFF"",""HAS_QB_PAYMENT"",""HAS_LINKED_TRANSACTION""]","REVIEW_PAYMENT","PAYMENT_MATCH","","[{""id"":""255"",""reasons"":[""EXACT_CUSTOMER_DATE_LINES_TOTALS"",""SAME_CUSTOMER_DATE_TOTAL_DESCRIPTIONS""],""score"":50}]","1a1e806964150dfd9866c7cd253cd92120123e828e80d7bf64ac741567ed220d"
"ELSET","servicem8-job-019fd52e-16ac-7eaa-947c-0fb356f9bf1d:invoice","INV-0236","Kate Collins","2026-08-06","27500","27500","27500","256","DIFFERENT_IN_QB","[""NUMBER_DIFF"",""PAYMENT_BALANCE_DIFF""]","REVIEW_CONFLICT","PAYMENT_REVIEW_REQUIRED","","[{""id"":""256"",""reasons"":[""EXACT_CUSTOMER_DATE_LINES_TOTALS"",""SAME_CUSTOMER_DATE_TOTAL_DESCRIPTIONS""],""score"":50}]","1293bbd06f6577e0dc293f89df9093dba5982326657541513f8b65b69c979a72"
"ELSET","servicem8-job-019fd532-ec91-7eaa-947d-b1068581566d:invoice","INV-0237","NORTHEN INVESTMENT ENTERPRISES","2026-08-06","60830","60830","0","291","DIFFERENT_IN_QB","[""NUMBER_DIFF"",""HAS_QB_PAYMENT"",""HAS_LINKED_TRANSACTION""]","REVIEW_PAYMENT","PAYMENT_MATCH","","[{""id"":""291"",""reasons"":[""EXACT_CUSTOMER_DATE_LINES_TOTALS"",""SAME_CUSTOMER_DATE_TOTAL_DESCRIPTIONS""],""score"":50}]","b23db982e8d5cc476a7f697d37fbe3a38e2586ae0073ee39c4d931fb118669c7"
"ELSET","servicem8-job-019fefd5-4259-7eaa-947c-916e46df6a3d:invoice","INV-0239","Nick Nesci","2026-08-11","204600","204600","","","MISSING_IN_QB","[""CUSTOMER_REVIEW"",""PAYMENT_BALANCE_DIFF""]","REVIEW_CONFLICT","PAYMENT_REVIEW_REQUIRED","","[]","79717361558f77f40c0bc89cc5f5e663d3ebf65a668fa4691ce18c83ad254249"
"ELSET","servicem8-job-019fefdc-664c-7eaa-947d-031b5a443e3d:invoice","INV-0240","Smile Constructions Pty Ltd","2026-08-11","71500","71500","0","278","DIFFERENT_IN_QB","[""NUMBER_DIFF"",""HAS_QB_PAYMENT"",""HAS_LINKED_TRANSACTION""]","REVIEW_PAYMENT","PAYMENT_MATCH","","[{""id"":""278"",""reasons"":[""EXACT_CUSTOMER_DATE_LINES_TOTALS"",""SAME_CUSTOMER_DATE_TOTAL_DESCRIPTIONS""],""score"":50}]","0f9a78c5ea6330a6153c06e61305e1b4f2b846acbdd8e3faac84bfb22f1872b3"
"ELSET","servicem8-job-019ff849-8b27-7eaa-947d-0b2d7b5753dd:invoice","INV-0242","YOUR owners corporation","2026-08-13","149600","149600","","","MISSING_IN_QB","[""PAYMENT_BALANCE_DIFF""]","CREATE_QB_INVOICE","PAYMENT_REVIEW_REQUIRED","","[]","259d8367fc64387c58b88837ba237b9844ca16c31414f13b81097ccd164a6917"
"ELSET","servicem8-job-019ff96c-f7e2-7eaa-947c-ac7fb547723d:invoice","INV-0243","YOUR owners corporation","2026-08-13","73700","73700","0","343","DIFFERENT_IN_QB","[""NUMBER_DIFF"",""HAS_QB_PAYMENT"",""HAS_LINKED_TRANSACTION""]","REVIEW_PAYMENT","PAYMENT_MATCH","","[{""id"":""343"",""reasons"":[""EXACT_CUSTOMER_DATE_LINES_TOTALS"",""SAME_CUSTOMER_DATE_TOTAL_DESCRIPTIONS""],""score"":50}]","c53467c8a92630520af10c47c5b92e78bd89fcd60df045ff714556734ca754f0"
"ELSET","servicem8-job-019ff96e-b8a4-7eaa-947c-f700c4a1c8dd:invoice","INV-0244","YOUR owners corporation","2026-08-13","99550","99550","","","MISSING_IN_QB","[""PAYMENT_BALANCE_DIFF""]","CREATE_QB_INVOICE","PAYMENT_REVIEW_REQUIRED","","[]","d7241d723729422571e25a312020f11e821c5b41545957ff2e0458749a0eae8a"
"ELSET","servicem8-job-019ff971-6e3b-7eaa-947d-befdddc0b51d:invoice","INV-0245","MKS PROJECTS","2026-08-13","440000","440000","0","344","DIFFERENT_IN_QB","[""NUMBER_DIFF"",""HAS_QB_PAYMENT"",""HAS_LINKED_TRANSACTION""]","REVIEW_PAYMENT","PAYMENT_MATCH","","[{""id"":""344"",""reasons"":[""EXACT_CUSTOMER_DATE_LINES_TOTALS"",""SAME_CUSTOMER_DATE_TOTAL_DESCRIPTIONS""],""score"":50}]","17d25b90c8f061d72f5616fd99c9bc931452c6e8f379b6f01c4ba21a5a803444"
"ELSET","servicem8-job-019ff975-b4f8-7eaa-947d-f292538d600d:invoice","INV-0246","YOUR owners corporation","2026-08-17","462000","462000","","","MISSING_IN_QB","[""PAYMENT_BALANCE_DIFF""]","CREATE_QB_INVOICE","PAYMENT_REVIEW_REQUIRED","","[]","ee66138aed4fea4da13be51e9dd71865284776d7649d732c4fee37a88420ba8d"
"ELSET","servicem8-job-019fcb0f-7498-7eaa-947d-5e2753b3896d:invoice","INV-0233","ROSS-HUNT real estate","2026-08-19","68200","68200","","","MISSING_IN_QB","[""PAYMENT_BALANCE_DIFF""]","CREATE_QB_INVOICE","PAYMENT_REVIEW_REQUIRED","","[]","e18aa2d25a038b227098a8907cec624e927f4cd7b2c8994b00dfb1e6abd46885"
"ELSET","servicem8-job-01a03b51-3c9c-7eaa-947c-e9540b3cbd9d:invoice","INV-0249","George & Heidi Koumantatakis","2026-08-26","591800","385000","591800","352","EXACT_MATCH","[""PAYMENT_BALANCE_DIFF""]","NONE","PAYMENT_REVIEW_REQUIRED","","[{""id"":""352"",""reasons"":[""EXISTING_MAPPING"",""EXACT_NUMBER"",""ELSET_MARKER"",""EXACT_CUSTOMER_DATE_LINES_TOTALS"",""SAME_CUSTOMER_DATE_TOTAL_DESCRIPTIONS""],""score"":100}]","fada339abffdfd394466e42840567c327bb767e47f7bbf0fcac0570b956d0588"
"ELSET","servicem8-job-01a0423e-832f-7eaa-947c-46e77ebb612d:invoice","INV-0252","Melbourne Auto Rental & Repairs Pty Ltd","2026-08-27","52800","52800","52800","353","EXACT_MATCH","[""PAYMENT_BALANCE_DIFF""]","NONE","PAYMENT_REVIEW_REQUIRED","","[{""id"":""353"",""reasons"":[""EXISTING_MAPPING"",""EXACT_NUMBER"",""ELSET_MARKER"",""EXACT_CUSTOMER_DATE_LINES_TOTALS"",""SAME_CUSTOMER_DATE_TOTAL_DESCRIPTIONS""],""score"":100},{""id"":""346"",""reasons"":[""EXACT_CUSTOMER_DATE_LINES_TOTALS"",""SAME_CUSTOMER_DATE_TOTAL_DESCRIPTIONS""],""score"":50}]","c7c303f93fc51b9287ed4d7adb27cd5bc3626989013a4673aeeac60a1a36559f"
"ELSET","servicem8-job-01a03d67-0dec-7eaa-947d-747bbfb1ee1d:invoice","INV-0251","Barbara M","2026-08-28","1001000","500000","1001000","354","EXACT_MATCH","[""PAYMENT_BALANCE_DIFF""]","NONE","PAYMENT_REVIEW_REQUIRED","","[{""id"":""354"",""reasons"":[""EXISTING_MAPPING"",""EXACT_NUMBER"",""ELSET_MARKER"",""EXACT_CUSTOMER_DATE_LINES_TOTALS"",""SAME_CUSTOMER_DATE_TOTAL_DESCRIPTIONS""],""score"":100}]","d2863f9a10428cc5d6dff1c5f34c63782aa99e9b0b188a8b589303a9957161c4"
"ELSET","servicem8-job-01a05a13-ea71-7eaa-947d-006b0a76aa7d:invoice","INV-0255","YOUR owners corporation","2026-09-01","57200","57200","57200","355","EXACT_MATCH","[""PAYMENT_BALANCE_DIFF""]","NONE","PAYMENT_REVIEW_REQUIRED","","[{""id"":""355"",""reasons"":[""EXISTING_MAPPING"",""EXACT_NUMBER"",""ELSET_MARKER"",""EXACT_CUSTOMER_DATE_LINES_TOTALS"",""SAME_CUSTOMER_DATE_TOTAL_DESCRIPTIONS""],""score"":100}]","88626752cb1feb1cd05f758270e11c7527f5aab2357074f6d651b0c921d64c3e"
"ELSET","servicem8-job-01a05a61-768a-7eaa-947d-0698f8819bad:invoice","INV-0258","YOUR owners corporation","2026-09-01","39600","39600","39600","356","EXACT_MATCH","[""PAYMENT_BALANCE_DIFF""]","NONE","PAYMENT_REVIEW_REQUIRED","","[{""id"":""356"",""reasons"":[""EXISTING_MAPPING"",""EXACT_NUMBER"",""ELSET_MARKER"",""EXACT_CUSTOMER_DATE_LINES_TOTALS"",""SAME_CUSTOMER_DATE_TOTAL_DESCRIPTIONS""],""score"":100}]","fba34deb365db346e75e20e9ef973aa1d8a6059ded2591fe3335b4fdbeed72cb"
"ELSET","servicem8-job-01a05a5d-8eb0-7eaa-947c-2ee22c09341d:invoice","INV-0256","YOUR owners corporation","2026-09-02","102740","0","102740","357","EXACT_MATCH","[]","NONE","PAYMENT_MATCH","","[{""id"":""357"",""reasons"":[""EXISTING_MAPPING"",""EXACT_NUMBER"",""ELSET_MARKER"",""EXACT_CUSTOMER_DATE_LINES_TOTALS"",""SAME_CUSTOMER_DATE_TOTAL_DESCRIPTIONS""],""score"":100}]","a50366ad7457f9f604047f3571f905457aef48c0f087ae40a789e0c4aa5abb92"
"ELSET","servicem8-job-01a05fd1-8a77-7eaa-947d-ae683845900d:invoice","INV-0259","Melbourne Auto Rental & Repairs Pty Ltd","2026-09-06","298540","298540","298540","358","EXACT_MATCH","[""PAYMENT_BALANCE_DIFF""]","NONE","PAYMENT_REVIEW_REQUIRED","","[{""id"":""358"",""reasons"":[""EXISTING_MAPPING"",""EXACT_NUMBER"",""ELSET_MARKER"",""EXACT_CUSTOMER_DATE_LINES_TOTALS"",""SAME_CUSTOMER_DATE_TOTAL_DESCRIPTIONS""],""score"":100}]","b027b74f8eb06fc21b7d69655d3c59113488a038439bc59d88af1fde23471db8"
"ELSET","servicem8-job-01a060c5-9400-7eaa-947c-9dbff4b932ed:invoice","INV-0260","YOUR owners corporation","2026-09-06","429550","0","429550","359","EXACT_MATCH","[]","NONE","PAYMENT_MATCH","","[{""id"":""359"",""reasons"":[""EXISTING_MAPPING"",""EXACT_NUMBER"",""ELSET_MARKER"",""EXACT_CUSTOMER_DATE_LINES_TOTALS"",""SAME_CUSTOMER_DATE_TOTAL_DESCRIPTIONS""],""score"":100}]","53fd62a81bc3e50e5d54ecec17e9d7ed2a0a5e9141ea6e94666976daba72453c"
"ELSET","7d6e49d1-af3a-4e11-aa6c-0672a31fe44e:invoice","INV-0265","Ming Li","2026-09-08","46750","46750","46750","360","EXACT_MATCH","[""PAYMENT_BALANCE_DIFF""]","NONE","PAYMENT_REVIEW_REQUIRED","","[{""id"":""360"",""reasons"":[""EXISTING_MAPPING"",""EXACT_NUMBER"",""ELSET_MARKER"",""EXACT_CUSTOMER_DATE_LINES_TOTALS"",""SAME_CUSTOMER_DATE_TOTAL_DESCRIPTIONS""],""score"":100}]","e969fab2ea9c200e7bc4af72ec02ccc9d1257bb44dea18da6c34f4174b0125c8"
"ELSET","cd50f1a4-7d4e-4902-9902-4b729d8d30f6:invoice","INV-0263","Quality Pharmacy Group","2026-09-08","69300","0","69300","361","EXACT_MATCH","[]","NONE","PAYMENT_MATCH","","[{""id"":""361"",""reasons"":[""EXISTING_MAPPING"",""EXACT_NUMBER"",""ELSET_MARKER"",""EXACT_CUSTOMER_DATE_LINES_TOTALS"",""SAME_CUSTOMER_DATE_TOTAL_DESCRIPTIONS""],""score"":100}]","4ebbec4d61804474aa80ce85da450cd951842872b97bdd47cce77d89c980027e"
"ELSET","3c064c27-5b05-4d06-a834-c5269c2a8417:invoice","INV-0266","Adrian","2026-09-09","38500","38500","38500","362","EXACT_MATCH","[""PAYMENT_BALANCE_DIFF""]","NONE","PAYMENT_REVIEW_REQUIRED","","[{""id"":""362"",""reasons"":[""EXISTING_MAPPING"",""EXACT_NUMBER"",""ELSET_MARKER"",""EXACT_CUSTOMER_DATE_LINES_TOTALS"",""SAME_CUSTOMER_DATE_TOTAL_DESCRIPTIONS""],""score"":100}]","ba66e13802e44eded13cad6f86c67132d508e3d418b1078241086eda1d3c308a"
"ELSET","2e4a7350-e712-46c4-b5d2-17edc63ecfe8:invoice","INV-0272","CHESTWELL PTY LTD","2026-09-10","356400","356400","356400","363","EXACT_MATCH","[""PAYMENT_BALANCE_DIFF""]","NONE","PAYMENT_REVIEW_REQUIRED","","[{""id"":""363"",""reasons"":[""EXISTING_MAPPING"",""EXACT_NUMBER"",""ELSET_MARKER"",""EXACT_CUSTOMER_DATE_LINES_TOTALS"",""SAME_CUSTOMER_DATE_TOTAL_DESCRIPTIONS""],""score"":100}]","74fd9eb1c66e58af61a0799ec7446932b3605d30113afa81107ff263d91a457e"
"ELSET","aad2b4ab-1d02-4673-9e97-c64a073bd954:invoice","INV-0264","Joe Crisara","2026-09-10","433000","433000","433000","364","EXACT_MATCH","[""PAYMENT_BALANCE_DIFF""]","NONE","PAYMENT_REVIEW_REQUIRED","","[{""id"":""364"",""reasons"":[""EXISTING_MAPPING"",""EXACT_NUMBER"",""ELSET_MARKER"",""EXACT_CUSTOMER_DATE_LINES_TOTALS"",""SAME_CUSTOMER_DATE_TOTAL_DESCRIPTIONS""],""score"":100}]","338503c005bad1cf4edaf92666b3d5202a22f70bf3f4068193d0ddca959e3406"
"ELSET","fc8c9c4d-8ec0-4df4-8713-457c00583cff:invoice","INV-0273","Turnbullcook","2026-09-11","122100","122100","122100","365","EXACT_MATCH","[""PAYMENT_BALANCE_DIFF""]","NONE","PAYMENT_REVIEW_REQUIRED","","[{""id"":""365"",""reasons"":[""EXISTING_MAPPING"",""EXACT_NUMBER"",""ELSET_MARKER"",""EXACT_CUSTOMER_DATE_LINES_TOTALS"",""SAME_CUSTOMER_DATE_TOTAL_DESCRIPTIONS""],""score"":100}]","4b4355f167b57633f475c7e3d2e2cfab02d294cc7cd806dac9fa20a11242c1db"
"ELSET","servicem8-job-019fc9f9-ef4d-7eaa-947d-8337f9f9c4bd:invoice","INV-0227","Vera Mascaro","2026-09-11","82170","82170","82170","366","EXACT_MATCH","[""PAYMENT_BALANCE_DIFF""]","NONE","PAYMENT_REVIEW_REQUIRED","","[{""id"":""366"",""reasons"":[""EXISTING_MAPPING"",""EXACT_NUMBER"",""ELSET_MARKER"",""EXACT_CUSTOMER_DATE_LINES_TOTALS"",""SAME_CUSTOMER_DATE_TOTAL_DESCRIPTIONS""],""score"":100}]","62dc7a5c2d8feed1ed745ffbc4f586b159f31f39af71438a89949d3ddb7d8867"
"ELSET","d25b39a2-6ceb-4ee5-9e3d-1cecd8fa549a:invoice","INV-0275","Louise Bowman","2026-09-14","54450","0","54450","367","EXACT_MATCH","[]","NONE","PAYMENT_MATCH","","[{""id"":""367"",""reasons"":[""EXISTING_MAPPING"",""EXACT_NUMBER"",""ELSET_MARKER"",""EXACT_CUSTOMER_DATE_LINES_TOTALS"",""SAME_CUSTOMER_DATE_TOTAL_DESCRIPTIONS""],""score"":100}]","3b9add540ba9cf50d6d9121545a238682f6b9f1361d7800653d15e5d4ba4a7f1"
"ELSET","6072c634-7073-4cb3-8e17-86b6f13e4cb2:invoice","INV-0271","O.C Strata Mangement","2026-09-15","74800","0","74800","368","EXACT_MATCH","[]","NONE","PAYMENT_MATCH","","[{""id"":""368"",""reasons"":[""EXISTING_MAPPING"",""EXACT_NUMBER"",""ELSET_MARKER"",""EXACT_CUSTOMER_DATE_LINES_TOTALS"",""SAME_CUSTOMER_DATE_TOTAL_DESCRIPTIONS""],""score"":100}]","211ba39997e2e713ff16b3df9cb8404c72b1c1559b712f46ed8fc3f43a4c5c5c"
"ELSET","38855656-86ea-42e8-8562-cbcf6dd66f4c:invoice","INV-0277","Adrian Cester","2026-09-21","27500","0","27500","369","EXACT_MATCH","[]","NONE","PAYMENT_MATCH","","[{""id"":""369"",""reasons"":[""EXISTING_MAPPING"",""EXACT_NUMBER"",""ELSET_MARKER"",""EXACT_CUSTOMER_DATE_LINES_TOTALS"",""SAME_CUSTOMER_DATE_TOTAL_DESCRIPTIONS""],""score"":100}]","79b091c705bc9edb61422d5c84c4292c8d5665cf09b540b0c15b4621ee8e1f27"
"ELSET","548d91c7-d5e8-4926-8212-4739b4ba6232:invoice","INV-0285","Adrian Cester","2026-09-21","39600","0","39600","370","EXACT_MATCH","[]","NONE","PAYMENT_MATCH","","[{""id"":""370"",""reasons"":[""EXISTING_MAPPING"",""EXACT_NUMBER"",""ELSET_MARKER"",""EXACT_CUSTOMER_DATE_LINES_TOTALS"",""SAME_CUSTOMER_DATE_TOTAL_DESCRIPTIONS""],""score"":100}]","d2c9d76ae5d294f88297e9cede22309f1626b3cdd03ff40d453498d0768d204a"
"QuickBooks","548d91c7-d5e8-4926-8212-4739b4ba6232:invoice","INV-0285","Adrian Cester [6b4a880bd9f52e39]","2026-09-21","39600","","39600","370","CANONICAL_ELSET_MATCH","[]","NONE","","","","d2c9d76ae5d294f88297e9cede22309f1626b3cdd03ff40d453498d0768d204a"
"QuickBooks","38855656-86ea-42e8-8562-cbcf6dd66f4c:invoice","INV-0277","Adrian Cester [6b4a880bd9f52e39]","2026-09-21","27500","","27500","369","CANONICAL_ELSET_MATCH","[]","NONE","","","","79b091c705bc9edb61422d5c84c4292c8d5665cf09b540b0c15b4621ee8e1f27"
"QuickBooks","6072c634-7073-4cb3-8e17-86b6f13e4cb2:invoice","INV-0271","O.C Strata Mangement","2026-09-15","74800","","74800","368","CANONICAL_ELSET_MATCH","[]","NONE","","","","211ba39997e2e713ff16b3df9cb8404c72b1c1559b712f46ed8fc3f43a4c5c5c"
"QuickBooks","d25b39a2-6ceb-4ee5-9e3d-1cecd8fa549a:invoice","INV-0275","Louise Bowman [a31fa858ab5c9f93]","2026-09-14","54450","","54450","367","CANONICAL_ELSET_MATCH","[]","NONE","","","","3b9add540ba9cf50d6d9121545a238682f6b9f1361d7800653d15e5d4ba4a7f1"
"QuickBooks","servicem8-job-019fc9f9-ef4d-7eaa-947d-8337f9f9c4bd:invoice","INV-0227","Vera Mascaro","2026-09-11","82170","","82170","366","CANONICAL_ELSET_MATCH","[]","NONE","","","","62dc7a5c2d8feed1ed745ffbc4f586b159f31f39af71438a89949d3ddb7d8867"
"QuickBooks","fc8c9c4d-8ec0-4df4-8713-457c00583cff:invoice","INV-0273","Turnbullcook","2026-09-11","122100","","122100","365","CANONICAL_ELSET_MATCH","[]","NONE","","","","4b4355f167b57633f475c7e3d2e2cfab02d294cc7cd806dac9fa20a11242c1db"
"QuickBooks","aad2b4ab-1d02-4673-9e97-c64a073bd954:invoice","INV-0264","Joe Crisara [85ab6aef00e394ff]","2026-09-10","433000","","433000","364","CANONICAL_ELSET_MATCH","[]","NONE","","","","338503c005bad1cf4edaf92666b3d5202a22f70bf3f4068193d0ddca959e3406"
"QuickBooks","2e4a7350-e712-46c4-b5d2-17edc63ecfe8:invoice","INV-0272","CHESTWELL PTY LTD [0cbcab79a5d41f3b]","2026-09-10","356400","","356400","363","CANONICAL_ELSET_MATCH","[]","NONE","","","","74fd9eb1c66e58af61a0799ec7446932b3605d30113afa81107ff263d91a457e"
"QuickBooks","3c064c27-5b05-4d06-a834-c5269c2a8417:invoice","INV-0266","Adrian [619dcf25e923e75f]","2026-09-09","38500","","38500","362","CANONICAL_ELSET_MATCH","[]","NONE","","","","ba66e13802e44eded13cad6f86c67132d508e3d418b1078241086eda1d3c308a"
"QuickBooks","cd50f1a4-7d4e-4902-9902-4b729d8d30f6:invoice","INV-0263","Quality Pharmacy Group [b383d676910e3cd3]","2026-09-08","69300","","69300","361","CANONICAL_ELSET_MATCH","[]","NONE","","","","4ebbec4d61804474aa80ce85da450cd951842872b97bdd47cce77d89c980027e"
"QuickBooks","7d6e49d1-af3a-4e11-aa6c-0672a31fe44e:invoice","INV-0265","Ming Li [d256f9d96e3d003c]","2026-09-08","46750","","46750","360","CANONICAL_ELSET_MATCH","[]","NONE","","","","e969fab2ea9c200e7bc4af72ec02ccc9d1257bb44dea18da6c34f4174b0125c8"
"QuickBooks","servicem8-job-01a060c5-9400-7eaa-947c-9dbff4b932ed:invoice","INV-0260","YOUR owners corporation","2026-09-06","429550","","429550","359","CANONICAL_ELSET_MATCH","[]","NONE","","","","53fd62a81bc3e50e5d54ecec17e9d7ed2a0a5e9141ea6e94666976daba72453c"
"QuickBooks","servicem8-job-01a05fd1-8a77-7eaa-947d-ae683845900d:invoice","INV-0259","Melbourne Auto Rental & Repairs Pty Ltd","2026-09-06","298540","","298540","358","CANONICAL_ELSET_MATCH","[]","NONE","","","","b027b74f8eb06fc21b7d69655d3c59113488a038439bc59d88af1fde23471db8"
"QuickBooks","servicem8-job-01a05a5d-8eb0-7eaa-947c-2ee22c09341d:invoice","INV-0256","YOUR owners corporation","2026-09-02","102740","","102740","357","CANONICAL_ELSET_MATCH","[]","NONE","","","","a50366ad7457f9f604047f3571f905457aef48c0f087ae40a789e0c4aa5abb92"
"QuickBooks","servicem8-job-01a05a61-768a-7eaa-947d-0698f8819bad:invoice","INV-0258","YOUR owners corporation","2026-09-01","39600","","39600","356","CANONICAL_ELSET_MATCH","[]","NONE","","","","fba34deb365db346e75e20e9ef973aa1d8a6059ded2591fe3335b4fdbeed72cb"
"QuickBooks","servicem8-job-01a05a13-ea71-7eaa-947d-006b0a76aa7d:invoice","INV-0255","YOUR owners corporation","2026-09-01","57200","","57200","355","CANONICAL_ELSET_MATCH","[]","NONE","","","","88626752cb1feb1cd05f758270e11c7527f5aab2357074f6d651b0c921d64c3e"
"QuickBooks","servicem8-job-01a03d67-0dec-7eaa-947d-747bbfb1ee1d:invoice","INV-0251","Barbara M [5e8cfea2765e1140]","2026-08-28","1001000","","1001000","354","CANONICAL_ELSET_MATCH","[]","NONE","","","","d2863f9a10428cc5d6dff1c5f34c63782aa99e9b0b188a8b589303a9957161c4"
"QuickBooks","servicem8-job-01a0423e-832f-7eaa-947c-46e77ebb612d:invoice","INV-0252","Melbourne Auto Rental & Repairs Pty Ltd","2026-08-27","52800","","52800","353","CANONICAL_ELSET_MATCH","[]","NONE","","","","c7c303f93fc51b9287ed4d7adb27cd5bc3626989013a4673aeeac60a1a36559f"
"QuickBooks","servicem8-job-01a03b51-3c9c-7eaa-947c-e9540b3cbd9d:invoice","INV-0249","George & Heidi Koumantatakis [93bb5b84cdb4f3d0]","2026-08-26","591800","","591800","352","CANONICAL_ELSET_MATCH","[]","NONE","","","","fada339abffdfd394466e42840567c327bb767e47f7bbf0fcac0570b956d0588"
"QuickBooks","","263","Turnbullcook","2026-09-07","122100","","0","347","QB_ONLY","[""HAS_QB_PAYMENT"",""HAS_LINKED_TRANSACTION""]","REVIEW_QB_ONLY","","","","170c230ae65d98886b4031cbc2572c4b731f362a51ab6ef27522e9854a0dbbc1"
"QuickBooks","","238","Nick Nesci","2026-08-11","204600","","0","277","QB_ONLY","[""HAS_QB_PAYMENT"",""HAS_LINKED_TRANSACTION""]","REVIEW_QB_ONLY","","","","f4166ae9c1bc88c117cd6995fc59f512d597cbcc78ee7175d0e1ce51df414b36"
"QuickBooks","","251","Melbourne Auto Rental & Repairs Pty Ltd","2026-08-27","52800","","0","346","LIKELY_DUPLICATE","[""HAS_QB_PAYMENT"",""HAS_LINKED_TRANSACTION""]","REVIEW_DUPLICATE","","","","a42565e91ce0d845d186dadc97821dcc34ce8a183cbd0962a12e37dbb1047c4e"
"QuickBooks","servicem8-job-019ff96c-f7e2-7eaa-947c-ac7fb547723d:invoice","242","YOUR owners corporation","2026-08-13","73700","","0","343","CANONICAL_ELSET_MATCH","[""HAS_QB_PAYMENT"",""HAS_LINKED_TRANSACTION""]","REVIEW_PAYMENT","","","","de8997e2d12aa85d43e3d6937fabd6fca86a6b5d72baac9fed9b800f99256558"
"QuickBooks","servicem8-job-019ff971-6e3b-7eaa-947d-befdddc0b51d:invoice","244","MKS PROJECTS","2026-08-13","440000","","0","344","CANONICAL_ELSET_MATCH","[""HAS_QB_PAYMENT"",""HAS_LINKED_TRANSACTION""]","REVIEW_PAYMENT","","","","778b351721ee6a9b631abafdb4c24318c087c1dcd3c4b48ead0d1d9d8cbdc430"
"QuickBooks","servicem8-job-9c9c1954-9658-4903-a6c1-2418dd29160d:invoice","184","O.C Strata Mangement","2026-04-20","330000","","0","332","CANONICAL_ELSET_MATCH","[""HAS_QB_PAYMENT"",""HAS_LINKED_TRANSACTION""]","REVIEW_PAYMENT","","","","9d33f6e77c731eaa00aa39c646eb75737378ee15983476697cb828bd11f01e21"
"QuickBooks","servicem8-job-d5814d45-60cf-48c7-bbe9-2373523fbecd:invoice","86","David wells","2026-05-13","260700","","0","330","CANONICAL_ELSET_MATCH","[""HAS_QB_PAYMENT"",""HAS_LINKED_TRANSACTION""]","REVIEW_PAYMENT","","","","f20858b3df5109f33b5643fcabe564d5e075ec7f3185a80be2d60dfdab4750dc"
"QuickBooks","servicem8-job-51153912-7125-4b2f-836e-23ffd0774f8d:invoice","174","Colour Earth Wrough Ironworks","2026-03-26","451000","","0","326","CANONICAL_ELSET_MATCH","[""HAS_QB_PAYMENT"",""HAS_LINKED_TRANSACTION""]","REVIEW_PAYMENT","","","","7d5dfe536fa4f0910b1cd1c5fc170762465678a14b74cc94009308cdd1e64e53"
"QuickBooks","","185","Mirella Makcon","2026-04-22","62700","","0","333","QB_ONLY","[""HAS_QB_PAYMENT"",""HAS_LINKED_TRANSACTION""]","REVIEW_QB_ONLY","","","","a0e64cb13c43129d317fe2736776e7492d6080a84e4dc08770fbbc2b373be066"
"QuickBooks","servicem8-job-e6845e5f-2bf0-4a83-b675-24365a22d2ab:invoice","197","Seymour passenger services","2026-05-25","401500","","0","331","CANONICAL_ELSET_MATCH","[""HAS_QB_PAYMENT"",""HAS_LINKED_TRANSACTION""]","REVIEW_PAYMENT","","","","2a98bb06668da33cd64cdce889c830c1354065abd86c8018f4baab5d364fbdc9"
"QuickBooks","servicem8-job-13d6f9b5-62de-4571-9c61-2434f6bc95fa:invoice","196","Lamanna Direct","2026-05-18","269500","","0","328","CANONICAL_ELSET_MATCH","[""HAS_QB_PAYMENT"",""HAS_LINKED_TRANSACTION""]","REVIEW_PAYMENT","","","","c080faafc21bc49a358825eb9e6c98b9758aa8818c0808d1249111df457607fb"
"QuickBooks","servicem8-job-ff02a684-6cad-4149-82cf-2405b69eb16d:invoice","178","STEPHANIE YUAN","2026-04-01","95700","","0","329","CANONICAL_ELSET_MATCH","[""HAS_QB_PAYMENT"",""HAS_LINKED_TRANSACTION""]","REVIEW_PAYMENT","","","","be343e3620b5ec5c25a6105df325036f3d352106f422f04ad1dfd72abea3a8e9"
"QuickBooks","","139","Melcorp","2026-05-20","616000","","0","327","QB_ONLY","[""HAS_QB_PAYMENT"",""HAS_LINKED_TRANSACTION""]","REVIEW_QB_ONLY","","","","3aab230c5d05ec3638bae160bfb23ba0826adf5f8124f1450e2dc77106965988"
"QuickBooks","servicem8-job-2093f79d-5361-4669-a97a-241ac9248b5d:invoice","187","Tom Gorog","2026-04-22","27500","","0","325","CANONICAL_ELSET_MATCH","[""HAS_QB_PAYMENT"",""HAS_LINKED_TRANSACTION""]","REVIEW_PAYMENT","","","","4fc0823d17abad5d9a14ff0adf80b87feef3587eeced28c61405c68ad71ba1a6"
"QuickBooks","servicem8-job-019fca50-f9ea-7eaa-947d-39e96b11f4bd:invoice","231","Rocco Colangelo","2026-08-04","115500","","0","311","CANONICAL_ELSET_MATCH","[""HAS_QB_PAYMENT"",""HAS_LINKED_TRANSACTION""]","REVIEW_PAYMENT","","","","57ca2fab251d67826cf4564983c249dbe95494fada1dc1f18e1cf33653a55c37"
"QuickBooks","servicem8-job-61c530d0-4264-4097-a2aa-23f105c5991d:invoice","161","OCPS 514657D  C/- MICM","2026-03-13","27500","","0","314","CANONICAL_ELSET_MATCH","[""HAS_QB_PAYMENT"",""HAS_LINKED_TRANSACTION""]","REVIEW_PAYMENT","","","","01ee4708c6dce4d9e69ccdb97141099bf4458cc1787a99f67fe4098ac9cd4b71"
"QuickBooks","","172","ROSS-HUNT real estate","2026-03-18","35200","","0","313","QB_ONLY","[""HAS_QB_PAYMENT"",""HAS_LINKED_TRANSACTION""]","REVIEW_QB_ONLY","","","","f02b9f409c7c7fa6ea42ec814c7c76cfc4b071eb4e7265d7d3ceec6e058b65bd"
"QuickBooks","servicem8-job-019fc9fa-abb2-7eaa-947d-15a30962826d:invoice","227","Lisa Dumbrell","2026-08-04","80850","","0","309","CANONICAL_ELSET_MATCH","[""HAS_QB_PAYMENT"",""HAS_LINKED_TRANSACTION""]","REVIEW_PAYMENT","","","","6b0e807a15d9d989159aefa1f0231b8a97e0807a9427abfe76cc71cc6568a049"
"QuickBooks","servicem8-job-019fa6ef-3492-7eaa-947d-471ec516c3ed:invoice","221","Vera Mascaro","2026-08-04","82170","","0","312","CANONICAL_ELSET_MATCH","[""HAS_QB_PAYMENT"",""HAS_LINKED_TRANSACTION""]","REVIEW_PAYMENT","","","","fbdbc9e71ee4caacce75bf9bcca653b23e7377d596cb06684c0e7e08fc560f5a"
"QuickBooks","servicem8-job-39e5a529-a955-4df1-9809-2454026ca45d:invoice","212","LEONIE SZABO","2026-08-04","208450","","0","307","CANONICAL_ELSET_MATCH","[""HAS_QB_PAYMENT"",""HAS_LINKED_TRANSACTION""]","REVIEW_PAYMENT","","","","465bfee8ae29692085eb4e17a72cfbe16fc0eb9e3a824deff392861afce93087"
"QuickBooks","servicem8-job-f48e95f6-8f6f-47de-9bf6-23bdd26b60ed:invoice","125","MBCM FOOTRSCRAY/ ASCOT VALE","2026-03-24","495000","","0","310","CANONICAL_ELSET_MATCH","[""HAS_QB_PAYMENT"",""HAS_LINKED_TRANSACTION""]","REVIEW_PAYMENT","","","","c9b51e82113fab68a8e574245d2ef75457ef725ed76d9b0f4198ba63f7de7929"
"QuickBooks","","173","YOUR owners corporation","2026-03-25","58300","","0","315","QB_ONLY","[""HAS_QB_PAYMENT"",""HAS_LINKED_TRANSACTION""]","REVIEW_QB_ONLY","","","","232fa1c2bf27fd6ace260e1c2e54b9e34cae17be76299a40f25faf8848bfdcd4"
"QuickBooks","servicem8-job-d6fe0bbd-7bec-48a4-83e5-23f0818a02cd:invoice","160","Pelligra Cakes","2026-03-11","61050","","0","308","CANONICAL_ELSET_MATCH","[""HAS_QB_PAYMENT"",""HAS_LINKED_TRANSACTION""]","REVIEW_PAYMENT","","","","3924f2f2542b2d0e5fc234c99c7c5e7abbc6e7835e0671713b47b7b5ed9f34db"
"QuickBooks","","113","Debbie Phillips","2026-01-05","1562000","","0","292","QB_ONLY","[""HAS_QB_PAYMENT"",""HAS_LINKED_TRANSACTION""]","REVIEW_QB_ONLY","","","","0cbc416e8d65a5f7ca043ea90d67e1f449a180baf23f6620409c3167d498c470"
"QuickBooks","","194","Melcorp","2026-05-12","70400","","0","294","QB_ONLY","[""HAS_QB_PAYMENT"",""HAS_LINKED_TRANSACTION""]","REVIEW_QB_ONLY","","","","8690dd654566270fcd94d66adc54d3d3945386ae090f9242d456cdd285cec8d5"
"QuickBooks","","191","Melcorp","2026-05-07","162800","","0","296","QB_ONLY","[""HAS_QB_PAYMENT"",""HAS_LINKED_TRANSACTION""]","REVIEW_QB_ONLY","","","","63da58906f88af40a9599cb1e2554ed7d8aa282d8aec3b906f63fb39dfb1b3b9"
"QuickBooks","","183","Juliette","2026-04-16","447700","","0","295","QB_ONLY","[""HAS_QB_PAYMENT"",""HAS_LINKED_TRANSACTION""]","REVIEW_QB_ONLY","","","","7c2d01b719459af1adeb56eed6b80cac2160028214da116eb67431293075a210"
"QuickBooks","servicem8-job-772d62a6-0094-4b04-8b31-23d9bfd7de9d:invoice","136","Miller Autralia","2026-02-17","33000","","0","293","CANONICAL_ELSET_MATCH","[""HAS_QB_PAYMENT"",""HAS_LINKED_TRANSACTION""]","REVIEW_PAYMENT","","","","d48770a685ae01534d793a59a7935e1c26e5f0d0be43eb95e3ad0e945ab5efbb"
"QuickBooks","servicem8-job-e888237a-9dd2-4c23-b447-236bc62061bd:invoice","84","Greg Bain","2026-04-22","1144000","","0","290","CANONICAL_ELSET_MATCH","[""HAS_QB_PAYMENT"",""HAS_LINKED_TRANSACTION""]","REVIEW_PAYMENT","","","","777b991abf44e8ca1f77f17b666d871a0e699a966bbeec4b463aa6b7f452ba2f"
"QuickBooks","servicem8-job-7a1e8f4f-cdb5-456a-87fb-23d9bb05e95d:invoice","135","Raine & Horne Thomastown | Glenroy | Reservoir","2026-02-18","137500","","0","289","CANONICAL_ELSET_MATCH","[""HAS_QB_PAYMENT"",""HAS_LINKED_TRANSACTION""]","REVIEW_PAYMENT","","","","5c833fd122232cac307f374fe0ed5faaa2c05564ca77f132b16d007db98ea403"
"QuickBooks","servicem8-job-019fd532-ec91-7eaa-947d-b1068581566d:invoice","236","NORTHEN INVESTMENT ENTERPRISES","2026-08-06","60830","","0","291","CANONICAL_ELSET_MATCH","[""HAS_QB_PAYMENT"",""HAS_LINKED_TRANSACTION""]","REVIEW_PAYMENT","","","","835d5aca24f259eb7993890049fe273346602cbbd9daef52665cadf2d7abfb48"
"QuickBooks","servicem8-job-5e535740-1090-4b67-9ce0-23c5c4457a8d:invoice","129","MBCM FOOTRSCRAY/ ASCOT VALE","2026-06-19","545600","","0","284","CANONICAL_ELSET_MATCH","[""HAS_QB_PAYMENT"",""HAS_LINKED_TRANSACTION""]","REVIEW_PAYMENT","","","","d68b1a97b8fe137fc98d4360f4a8629eed718268b8479ffda017f2fe4d3697a4"
"QuickBooks","servicem8-job-99ecc12a-ad79-4328-bf92-244bdd7ccb7d:invoice","210","Phillip Grech Plumbing services","2026-06-11","330000","","0","283","CANONICAL_ELSET_MATCH","[""HAS_QB_PAYMENT"",""HAS_LINKED_TRANSACTION""]","REVIEW_PAYMENT","","","","c4b69585fd06b656a6c37aec1d286433de097cb1400b2904d231df2028b48650"
"QuickBooks","servicem8-job-019f8787-a531-7eaa-947d-470b6936811d:invoice","219","Igot Goldshtien","2026-07-23","49500","","0","285","CANONICAL_ELSET_MATCH","[""HAS_QB_PAYMENT"",""HAS_LINKED_TRANSACTION""]","REVIEW_PAYMENT","","","","b19cb7bd585b0f8bb74f44938ea111affcd6934139ed506e85df016a028de151"
"QuickBooks","servicem8-job-f4fb3f45-a59d-474d-b838-23e6f9f9481d:invoice","150","Ben Jones","2026-07-28","550000","","0","281","CANONICAL_ELSET_MATCH","[""HAS_QB_PAYMENT"",""HAS_LINKED_TRANSACTION""]","REVIEW_PAYMENT","","","","b901ae2dac6232ee3f2dde7ca0b18d95bc79bb2eb784d982e51474ecf726fb3c"
"QuickBooks","servicem8-job-019fca43-5cb6-7eaa-947c-8614f0cdc32d:invoice","228","Bessel Sleiman","2026-08-04","38500","","0","252","CANONICAL_ELSET_MATCH","[""HAS_QB_PAYMENT"",""HAS_LINKED_TRANSACTION""]","REVIEW_PAYMENT","","","","80bcb34f420f078a319bdb6e5fdd1022ad4ee7b13a5e79bb09f245e06c33be63"
"QuickBooks","servicem8-job-019fefdc-664c-7eaa-947d-031b5a443e3d:invoice","239","Smile Constructions Pty Ltd","2026-08-11","71500","","0","278","CANONICAL_ELSET_MATCH","[""HAS_QB_PAYMENT"",""HAS_LINKED_TRANSACTION""]","REVIEW_PAYMENT","","","","1ebdb1d67fe65fd1d0fb44599ca4eed9bed05877e62c1280689ff1ec1299d5d4"
"QuickBooks","servicem8-job-019f8785-2c11-7eaa-947c-6a4d8ef8aead:invoice","218","OCPS 514657D  C/- MICM","2026-07-22","41250","","0","247","CANONICAL_ELSET_MATCH","[""HAS_QB_PAYMENT"",""HAS_LINKED_TRANSACTION""]","REVIEW_PAYMENT","","","","5225b768ba67c22946a819d92f665c1c9fb51e2f1f9f55e3b121ba135d27983d"
"QuickBooks","servicem8-job-019fa6fe-75ea-7eaa-947c-cd445028051d:invoice","222","Dream Napasrisoingoen","2026-07-28","106700","","0","249","CANONICAL_ELSET_MATCH","[""HAS_QB_PAYMENT"",""HAS_LINKED_TRANSACTION""]","REVIEW_PAYMENT","","","","dc575875ea1bb77ba921671771380e59104f17a49f00adf5606b9ee070b7b64a"
"QuickBooks","","200","Aiello Constructions","2026-05-27","561000","","0","221","QB_ONLY","[""HAS_QB_PAYMENT"",""HAS_LINKED_TRANSACTION""]","REVIEW_QB_ONLY","","","","65001a7e058611c2906ffc638f98dd6b17118cfbab99761c82b0f47091b254a4"
"QuickBooks","servicem8-job-019f8cb6-6866-7eaa-947c-d041956a7fbd:invoice","220","Eddy Chang","2026-07-23","88000","","0","248","CANONICAL_ELSET_MATCH","[""HAS_QB_PAYMENT"",""HAS_LINKED_TRANSACTION""]","REVIEW_PAYMENT","","","","301ae8997c589f483d2a74c529dfcfc1ae99708b024264178c3c7dc97cda5adf"
"QuickBooks","","211","Tom Gorog","2026-06-19","80080","","0","241","QB_ONLY","[""HAS_QB_PAYMENT"",""HAS_LINKED_TRANSACTION""]","REVIEW_QB_ONLY","","","","d7536c68dba229dc14035afe5ef480befd081212e08730f06276139b6ebd619d"
"QuickBooks","","154","AMV HOMES","2026-03-10","84150","","0","175","QB_ONLY","[""HAS_QB_PAYMENT"",""HAS_LINKED_TRANSACTION""]","REVIEW_QB_ONLY","","","","cb6778a859d8d7b7f2a33090538356bdbb90b56ab7e275e745b417dc2089157c"
"QuickBooks","servicem8-job-019fcb12-92b2-7eaa-947d-d503e20f1a8d:invoice","233","ROSS-HUNT real estate","2026-08-04","66000","","0","254","CANONICAL_ELSET_MATCH","[""HAS_QB_PAYMENT"",""HAS_LINKED_TRANSACTION""]","REVIEW_PAYMENT","","","","9c368ed1d5b5b82392cb803e49896d3a8f69593684bb5f2d93ca4f35d11e2bfa"
"QuickBooks","servicem8-job-019fca4c-0fa5-7eaa-947c-38dffb0f865d:invoice","230","Jian Zhou","2026-08-04","121000","","0","253","CANONICAL_ELSET_MATCH","[""HAS_QB_PAYMENT"",""HAS_LINKED_TRANSACTION""]","REVIEW_PAYMENT","","","","12dbfd952266aeb60e5bb2099c84fac89cb6c217e7fc6ac5a3a77ad3e619e45e"
"QuickBooks","servicem8-job-da5e0b69-d4e7-4781-b72b-2458563fff2d:invoice","216","DTV Construction Group PTY LTD","2026-06-23","440000","","0","245","CANONICAL_ELSET_MATCH","[""HAS_QB_PAYMENT"",""HAS_LINKED_TRANSACTION""]","REVIEW_PAYMENT","","","","5eb0337c96ce41c51f2edb1800666b58bacd682d57abe503939b74defe83ed7c"
"QuickBooks","","203","Melcorp","2026-06-02","60500","","0","227","QB_ONLY","[""HAS_QB_PAYMENT"",""HAS_LINKED_TRANSACTION""]","REVIEW_QB_ONLY","","","","e00999a19ccee5336c746e7880e93da93578e8941bf967d19fb9cef68c3cf300"
"QuickBooks","","208","YOUR owners corporation","2026-06-09","141900","","0","239","QB_ONLY","[""HAS_QB_PAYMENT"",""HAS_LINKED_TRANSACTION""]","REVIEW_QB_ONLY","","","","47f186c0f00c119aac46827c4ea81e7047d5c6c9e257f8a016a8888caa39e401"
"QuickBooks","servicem8-job-019fc9f8-caf8-7eaa-947c-ec40b2a77a7d:invoice","225","Great Ocean Road RV","2026-08-04","48400","","0","251","CANONICAL_ELSET_MATCH","[""HAS_QB_PAYMENT"",""HAS_LINKED_TRANSACTION""]","REVIEW_PAYMENT","","","","69ca413b1c1a880d4ca6f5a97a9b19c12c5e4ccc3a2bbcab78926b322696e3af"
"QuickBooks","servicem8-job-019fc9f6-6810-7eaa-947d-f3289182bafd:invoice","224","Jason Kisielis","2026-08-04","27500","","0","250","CANONICAL_ELSET_MATCH","[""HAS_QB_PAYMENT"",""HAS_LINKED_TRANSACTION""]","REVIEW_PAYMENT","","","","f621b258cdfe51ae35acd5d6e919d629b3dd957ece0303a34f46ca63be1ee23c"
"QuickBooks","servicem8-job-fc6e846e-700c-4614-85c6-2449639897dd:invoice","206","Action Powder Apllicators P/L","2026-06-09","550000","","0","238","CANONICAL_ELSET_MATCH","[""HAS_QB_PAYMENT"",""HAS_LINKED_TRANSACTION""]","REVIEW_PAYMENT","","","","d9be12bf00b9f5db91e7ad27ba346831ee5cea2bb4761a11da62e362770159ef"
"QuickBooks","servicem8-job-6c6271ef-506c-40cf-8132-243ae1b3c55d:invoice","199","MBCM FOOTRSCRAY/ ASCOT VALE","2026-05-25","7700","","0","220","CANONICAL_ELSET_MATCH","[""HAS_QB_PAYMENT"",""HAS_LINKED_TRANSACTION""]","REVIEW_PAYMENT","","","","e41ef4f7fc8eb8ae71e2372551696bf9137d6ba31f88ac74a032a9e04ccfaca7"
"QuickBooks","","214","Melcorp","2026-06-19","93500","","0","243","QB_ONLY","[""HAS_QB_PAYMENT"",""HAS_LINKED_TRANSACTION""]","REVIEW_QB_ONLY","","","","38a1467db77e6c3b143a5ddaa7a3f845c554536a78a8750fc6bb2b84610f0850"
"QuickBooks","servicem8-job-019fcf1c-3dc1-7eaa-947c-db183bd14e7d:invoice","234","Paul Rosen","2026-08-05","74800","","0","255","CANONICAL_ELSET_MATCH","[""HAS_QB_PAYMENT"",""HAS_LINKED_TRANSACTION""]","REVIEW_PAYMENT","","","","2062d28c2a74f8b9b8bb6aa6bb3ea0326953b359612b53d98642c51fab8f2a96"
"QuickBooks","","215","Candice Newport","2026-06-19","64900","","0","244","QB_ONLY","[""HAS_QB_PAYMENT"",""HAS_LINKED_TRANSACTION""]","REVIEW_QB_ONLY","","","","eded012e4dcd5dd4d027cd4a93b7cda9c00d825ac7f911ac2d80e51f207c6c2c"
"QuickBooks","","202","Onpoint Commercial","2026-06-02","50600","","0","226","QB_ONLY","[""HAS_QB_PAYMENT"",""HAS_LINKED_TRANSACTION""]","REVIEW_QB_ONLY","","","","5f826d62952ba38436ba12099165d4df72e62ebc9964bfa648bbd49c166abaf0"
"QuickBooks","servicem8-job-4270eca1-4fb1-41cd-9b79-23e93994799d:invoice","151","Gayathri Thillainathan","2026-03-30","101200","","0","198","CANONICAL_ELSET_MATCH","[""HAS_QB_PAYMENT"",""HAS_LINKED_TRANSACTION""]","REVIEW_PAYMENT","","","","15b25755c23682687e752967417acd1346c051f4943b0c1473f4c776f48de313"
"QuickBooks","servicem8-job-019fd52e-16ac-7eaa-947c-0fb356f9bf1d:invoice","235","Kate Collins","2026-08-06","27500","","27500","256","CANONICAL_ELSET_MATCH","[]","REVIEW_CONFLICT","","","","383ceee6d8df3186a98b440a604e1701250a651b3e3c97db9facc7314cd94d33"
"QuickBooks","servicem8-job-019f8778-d21d-7eaa-947d-1256238f456d:invoice","217","OCPS 514657D  C/- MICM","2026-07-22","517000","","400400","246","CANONICAL_ELSET_MATCH","[""HAS_QB_PAYMENT"",""HAS_LINKED_TRANSACTION""]","REVIEW_PAYMENT","","","","d152c96fb9bd80c9fa2c03fb828ed2d0b14212c3f2809020f4d9346a5a89cfde"
"QuickBooks","","213","MBCM ST KILDA","2026-06-19","49500","","49500","242","QB_ONLY","[]","REVIEW_QB_ONLY","","","","c9f9db05089a2a79c5eec56952ec18c468dc1590b3068cc6f66bfc46e121664d"
"QuickBooks","","201","CCG COMMERICAL","2026-05-27","60500","","0","225","QB_ONLY","[""HAS_QB_PAYMENT"",""HAS_LINKED_TRANSACTION""]","REVIEW_QB_ONLY","","","","25c7891b8724595ffe454b48c04ebda6072d67da3554add2c4143240ef01ae57"
"QuickBooks","","204","RUIBIN QIN","2026-06-09","715000","","715000","237","QB_ONLY","[]","REVIEW_QB_ONLY","","","","bedd180a66a6508bba00d88f40dc52414d59c561873ea6e1b011e241eb2a72f4"
"QuickBooks","","164","Onpoint Commercial","2026-03-16","27500","","0","181","QB_ONLY","[""HAS_QB_PAYMENT"",""HAS_LINKED_TRANSACTION""]","REVIEW_QB_ONLY","","","","593854bf53aa3b1f7b6bc6f7c5f064303d1f112cfc21ed3420e9f8fc63943f65"
"QuickBooks","","163","Onpoint Commercial","2026-03-16","42900","","0","180","QB_ONLY","[""HAS_QB_PAYMENT"",""HAS_LINKED_TRANSACTION""]","REVIEW_QB_ONLY","","","","ebe4fa5e09c65417ce7d7f1523007fad14e31078fdc47a1ed73f2e9d0a628417"
"QuickBooks","","153","Kenny","2026-03-10","44000","","0","174","QB_ONLY","[""HAS_QB_PAYMENT"",""HAS_LINKED_TRANSACTION""]","REVIEW_QB_ONLY","","","","e38ce6b2ebff7ee176986284403735e2c26dbe184d19b8919cb42648ac31b91c"
"QuickBooks","","189","DOMLIA Property Group Pt Ltd","2026-05-01","327800","","0","217","QB_ONLY","[""HAS_QB_PAYMENT"",""HAS_LINKED_TRANSACTION""]","REVIEW_QB_ONLY","","","","e1c4046efe3b3b3cccb17e8ac8ac27ebcb4b3ac566a9668f30826ef8f6a78423"
"QuickBooks","servicem8-job-f065f37e-87c7-4657-9304-23dc3dbb679d:invoice","141","Jacky Schaekers","2026-02-19","49500","","0","150","CANONICAL_ELSET_MATCH","[""HAS_QB_PAYMENT"",""HAS_LINKED_TRANSACTION""]","REVIEW_PAYMENT","","","","5d4a41b93509c173fcfefeb6b0c76eaf54765faa4e2e9d4329198332ba7244d6"
"QuickBooks","","188","Kristen Pinder","2026-04-29","70950","","0","212","QB_ONLY","[""HAS_QB_PAYMENT"",""HAS_LINKED_TRANSACTION""]","REVIEW_QB_ONLY","","","","90e248e489ac199981b10e6a2b056e56943acb069b08a1b10fed5aa089a26856"
"QuickBooks","","181","Annie Williams","2026-04-15","107800","","0","208","QB_ONLY","[""HAS_QB_PAYMENT"",""HAS_LINKED_TRANSACTION""]","REVIEW_QB_ONLY","","","","bda3ac67ce0dc1891a0829872b015b34ff501008d782ce0f64aaa92d0bd9db82"
"QuickBooks","servicem8-job-be95043c-d3a9-4c55-a171-2404891737fd:invoice","177","Great Ocean Road RV","2026-04-01","104500","","0","199","CANONICAL_ELSET_MATCH","[""HAS_QB_PAYMENT"",""HAS_LINKED_TRANSACTION""]","REVIEW_PAYMENT","","","","4942313e253ecf482ca4ea9eb476e38a3786e8388670d218910205615997347f"
"QuickBooks","servicem8-job-94ffb681-a5a5-492f-8524-24000529fddd:invoice","176","JJ Lattouf","2026-03-27","181500","","0","197","CANONICAL_ELSET_MATCH","[""HAS_QB_PAYMENT"",""HAS_LINKED_TRANSACTION""]","REVIEW_PAYMENT","","","","79844049cd0ef431767cbe2b1e32018f33cb6197e197b9a59b262a9119eac2d2"
"QuickBooks","","186","DOMENIC LOCANDRO","2026-04-22","52800","","52800","211","QB_ONLY","[]","REVIEW_QB_ONLY","","","","5f4c345487e13fc9682e8a22e4131813a7cfe594cbcdbc891d0f1e663902c0af"
"QuickBooks","","170","Onpoint Commercial","2026-03-18","54780","","0","185","QB_ONLY","[""HAS_QB_PAYMENT"",""HAS_LINKED_TRANSACTION""]","REVIEW_QB_ONLY","","","","43078cdbddaf200f051ce93aefa822e62d1e9562e3e861740c0a3ae8612c478b"
"QuickBooks","","158","CCG COMMERICAL","2026-03-10","56430","","0","178","QB_ONLY","[""HAS_QB_PAYMENT"",""HAS_LINKED_TRANSACTION""]","REVIEW_QB_ONLY","","","","fb9351dd00cf090bdbbc7bf1ce4542795b7fc8e47f80e635b49b2da4df5d9cfa"
"QuickBooks","servicem8-job-436d8b89-3099-44e1-9865-240005314c3d:invoice","175","Kate Collins","2026-03-27","52250","","0","195","CANONICAL_ELSET_MATCH","[""HAS_QB_PAYMENT"",""HAS_LINKED_TRANSACTION""]","REVIEW_PAYMENT","","","","c4c1db0f653161ecf01981bffa5e408237d54a5814d17cdc5e20acbda4efc321"
"QuickBooks","","171","Onpoint Commercial","2026-03-18","42900","","0","186","QB_ONLY","[""HAS_QB_PAYMENT"",""HAS_LINKED_TRANSACTION""]","REVIEW_QB_ONLY","","","","70c32a09efd26f3e83eace7068fae35afb040ee02ff10f734543d1ce86700ee1"
"QuickBooks","servicem8-job-cdb96d14-c46a-4deb-8b37-23f41ffe47ad:invoice","165","O.C Strata Mangement","2026-03-16","352000","","0","183","CANONICAL_ELSET_MATCH","[""HAS_QB_PAYMENT"",""HAS_LINKED_TRANSACTION""]","REVIEW_PAYMENT","","","","136def1961ddaf0d084961421cf1dad8c8fdccda9fd30ace9b9e37fdea009bf2"
"QuickBooks","servicem8-job-9ef90e61-feed-4237-9c15-23f41ffbf0bd:invoice","166","O.C Strata Mangement","2026-03-16","49500","","0","182","CANONICAL_ELSET_MATCH","[""HAS_QB_PAYMENT"",""HAS_LINKED_TRANSACTION""]","REVIEW_PAYMENT","","","","70208d648e424702d8e0f19b14a457c4837afde8b34751b987fd2f61c7abc376"
"QuickBooks","servicem8-job-5498c791-ec46-46c6-bfa6-23ef48a9952d:invoice","157","YOUR owners corporation","2026-03-24","220000","","0","194","CANONICAL_ELSET_MATCH","[""HAS_QB_PAYMENT"",""HAS_LINKED_TRANSACTION""]","REVIEW_PAYMENT","","","","23593d98363ab6d1e172fe798ca0f88d11bdfe305244a4f55ed3f0fcee5c7131"
"QuickBooks","servicem8-job-bf89461a-d704-4da5-b991-23e38a1e0d3d:invoice","149","CAROL","2026-02-27","88000","","0","192","CANONICAL_ELSET_MATCH","[""HAS_QB_PAYMENT"",""HAS_LINKED_TRANSACTION""]","REVIEW_PAYMENT","","","","161b07067e7a7c74c8cc626dd625895cf3e96ca322333c28baade4edad342bec"
"QuickBooks","servicem8-job-5b837f50-4a1e-45a6-bbec-23b1b89b351d:invoice","116","YOUR owners corporation","2026-01-08","57200","","0","120","CANONICAL_ELSET_MATCH","[""HAS_QB_PAYMENT"",""HAS_LINKED_TRANSACTION""]","REVIEW_PAYMENT","","","","53d0776135a6eb14caf8a8fb51c5ad368b7f44d859240c7e0880548aefeb1681"
"QuickBooks","servicem8-job-2f213bf7-1b3e-4aca-a451-23ee480b2c5d:invoice","156","YOUR owners corporation","2026-03-10","44000","","0","177","CANONICAL_ELSET_MATCH","[""HAS_QB_PAYMENT"",""HAS_LINKED_TRANSACTION""]","REVIEW_PAYMENT","","","","fd9b03e439aa9d1863219120feb6182ce1ff4aa48d99fa5a6ccf4eb8d884b17e"
"QuickBooks","","169","28 BOKHARA ROAD PTY LTD","2026-03-16","440000","","0","184","QB_ONLY","[""HAS_QB_PAYMENT"",""HAS_LINKED_TRANSACTION""]","REVIEW_QB_ONLY","","","","1b867d00285d2dc972361cf103e947d61e5bfd2b66f2482339eac4543cadd8cf"
"QuickBooks","","159","YOUR owners corporation","2026-03-11","60500","","0","179","QB_ONLY","[""HAS_QB_PAYMENT"",""HAS_LINKED_TRANSACTION""]","REVIEW_QB_ONLY","","","","f0e32ccd5cf94895cc7765825823bb173498975c930524766355f95502f59ab6"
"QuickBooks","","78","Emilio Manfrin","2025-10-24","55770","","0","56","QB_ONLY","[""HAS_QB_PAYMENT"",""HAS_LINKED_TRANSACTION""]","REVIEW_QB_ONLY","","","","88dfff5f44e29a4dafff4672a186e869a82ee77192fb5673403e5887005a2365"
"QuickBooks","","147","Citicommercialcleaning","2026-02-26","77550","","0","153","QB_ONLY","[""HAS_QB_PAYMENT"",""HAS_LINKED_TRANSACTION""]","REVIEW_QB_ONLY","","","","358df3c962cb748f0f6cb47c9e918e4da080ad5bf97d6824fc7710aebbec3d5e"
"QuickBooks","servicem8-job-76ca67d3-7bc1-456d-b329-23e9307a4a8d:invoice","152","ANDREW DONALDSON","2026-03-05","66000","","66000","159","CANONICAL_ELSET_MATCH","[]","REVIEW_CONFLICT","","","","a0b1157c9f669e73629ed16eebc39257dd7dae41ea3c32099b0ff530076751e9"
"QuickBooks","","137","FREIGHT MANAGEMENT SERVICES","2026-02-18","232650","","0","148","QB_ONLY","[""HAS_QB_PAYMENT"",""HAS_LINKED_TRANSACTION""]","REVIEW_QB_ONLY","","","","33cdbd253b5f62eaea0431ebd239e10bc92101e3426fdfdbc62057cc05607a1b"
"QuickBooks","servicem8-job-556f52ba-34d9-42c5-9128-2379a058af3b:invoice","87","Ramanan Daniel","2025-11-26","1069200","","0","100","CANONICAL_ELSET_MATCH","[""HAS_QB_PAYMENT"",""HAS_LINKED_TRANSACTION""]","REVIEW_PAYMENT","","","","9da57532a0ed220d4481482ff2e8440d87d4c68cc19571f0dbeea3ce0ba8cb09"
"QuickBooks","servicem8-job-18a887ad-793a-49f1-989c-23e38ad0601d:invoice","148","LEONIE SZABO","2026-02-27","171600","","0","152","CANONICAL_ELSET_MATCH","[""HAS_QB_PAYMENT"",""HAS_LINKED_TRANSACTION""]","REVIEW_PAYMENT","","","","e691a104a5dda127477b81eb15829767e572af21afda47ef775003605f65f4d3"
"QuickBooks","servicem8-job-2f088946-d22a-428b-98ea-23dc306eda7d:invoice","140","Jacky Schaekers","2026-02-19","44550","","0","149","CANONICAL_ELSET_MATCH","[""HAS_QB_PAYMENT"",""HAS_LINKED_TRANSACTION""]","REVIEW_PAYMENT","","","","6f39cdf83c680de051ef945e8e2827d06ac0d4047283952320f27351802226db"
"QuickBooks","","122","Mcinnes and co group","2026-01-19","440000","","0","144","QB_ONLY","[""HAS_QB_PAYMENT"",""HAS_LINKED_TRANSACTION""]","REVIEW_QB_ONLY","","","","2abab6ce33cbb5ca3bf758427470b2732908f426cebc436f36396a8fc7b11e3b"
"QuickBooks","servicem8-job-a6c76452-5328-484b-8577-23da29f0f51d:invoice","138","DIANA PETROLLO","2026-02-18","60500","","0","146","CANONICAL_ELSET_MATCH","[""HAS_QB_PAYMENT"",""HAS_LINKED_TRANSACTION""]","REVIEW_PAYMENT","","","","60db5e60aa85d1e00891d3b1fb028718a18721ffb5aaeafb91ca10ea9bf7698b"
"QuickBooks","","61","Aiello Constructions","2025-10-21","530200","","0","143","QB_ONLY","[""HAS_QB_PAYMENT"",""HAS_LINKED_TRANSACTION""]","REVIEW_QB_ONLY","","","","afd64a2a475e544da09fde277503cad90856be03ae920ec520f8c2b32f23a865"
"QuickBooks","servicem8-job-0a4a3ec3-2860-4817-bb5e-238f0c21e9ed:invoice","99","Aliza Rixton","2026-01-19","61600","","0","139","CANONICAL_ELSET_MATCH","[""HAS_QB_PAYMENT"",""HAS_LINKED_TRANSACTION""]","REVIEW_PAYMENT","","","","ab3280e8b3ae2e21f0c48a022cb038f4e194752972ad26262dca8e32ea7f2862"
"QuickBooks","servicem8-job-4b828477-8a36-466c-a845-2399be083fdd:invoice","107","O.C Strata Mangement","2025-12-15","23100","","23100","142","CANONICAL_ELSET_MATCH","[]","REVIEW_CONFLICT","","","","8e43990408b8f226a5fb2a69f1dc1939658619be12e587f1003fe24ec4a6ef2a"
"QuickBooks","servicem8-job-bdef90b3-37e7-4056-932b-239b1be3becd:invoice","108","michael shabilla","2025-12-16","55000","","0","138","CANONICAL_ELSET_MATCH","[""HAS_QB_PAYMENT"",""HAS_LINKED_TRANSACTION""]","REVIEW_PAYMENT","","","","de183c9ebbef0fb6a6047b2447a0ba8c0ed9396f5b205cf189b24c0847efe500"
"QuickBooks","servicem8-job-40208bfb-4e8f-42a0-bbbd-239356598eed:invoice","104","Sam","2025-12-16","220000","","0","122","CANONICAL_ELSET_MATCH","[""HAS_QB_PAYMENT"",""HAS_LINKED_TRANSACTION""]","REVIEW_PAYMENT","","","","a86b413ce1e9cf130ae9d0c8a1e453e232c3ad7485a227984d130a41874afe55"
"QuickBooks","","118","YOUR owners corporation","2026-01-11","99000","","0","121","QB_ONLY","[""HAS_QB_PAYMENT"",""HAS_LINKED_TRANSACTION""]","REVIEW_QB_ONLY","","","","7553f7bcccb714a02be834c3bd35960d99ffac9a209ebec1885b667675ea2eac"
"QuickBooks","servicem8-job-b2e37d57-a198-4d40-935b-23cde5bdc67d:invoice","132","MBCM ST KILDA","2026-02-05","88220","","0","134","CANONICAL_ELSET_MATCH","[""HAS_QB_PAYMENT"",""HAS_LINKED_TRANSACTION""]","REVIEW_PAYMENT","","","","e850b838dc644a81a7b2e2704b6d39fd4472d9aad5b005a58a589c175295da95"
"QuickBooks","","124","CALABRIA CLUB","2026-01-23","530475","","0","132","QB_ONLY","[""HAS_QB_PAYMENT"",""HAS_LINKED_TRANSACTION""]","REVIEW_QB_ONLY","","","","99ff082ad631c05b88462b02fe2134b9a515758975f41bd4c2eb2a3a6ff2317c"
"QuickBooks","","130","OCPS 514657D  C/- MICM","2026-01-29","37400","","0","130","QB_ONLY","[""HAS_QB_PAYMENT"",""HAS_LINKED_TRANSACTION""]","REVIEW_QB_ONLY","","","","174fd654246ab607eb33f46844049a984deb4bf761e3bf60c6dce17826d5d363"
"QuickBooks","","127","MBCM FOOTRSCRAY/ ASCOT VALE","2026-01-27","143000","","143000","129","QB_ONLY","[]","REVIEW_QB_ONLY","","","","82ced91269aa390bade07b223c2b1b8417be7485e79e5d97171209690733bd85"
"QuickBooks","servicem8-job-88a7a044-ac81-47ab-ac36-238f0003d3ed:invoice","100","LINTON TECH","2025-12-09","55000","","0","125","CANONICAL_ELSET_MATCH","[""HAS_QB_PAYMENT"",""HAS_LINKED_TRANSACTION""]","REVIEW_PAYMENT","","","","9ae6329170631402f30dad30e919be9603ae7a739bd03736dc2b2b0cc87b889b"
"QuickBooks","servicem8-job-32d813fd-1c41-4639-92be-23935734e69d:invoice","105","Slg builders and contractors","2025-12-08","275000","","0","123","CANONICAL_ELSET_MATCH","[""HAS_QB_PAYMENT"",""HAS_LINKED_TRANSACTION""]","REVIEW_PAYMENT","","","","a230057837560f1e96570f69ad8ceb87c400b40345cb0b83e084b246363934bd"
"QuickBooks","servicem8-job-41362188-9e84-4e14-a437-238f0fb1370d:invoice","102","Indu Saxena","2025-12-09","113300","","0","124","CANONICAL_ELSET_MATCH","[""HAS_QB_PAYMENT"",""HAS_LINKED_TRANSACTION""]","REVIEW_PAYMENT","","","","2229aab78ec9f33d11dcc72d7f51e2534157329264a0d3edcab604b4e4f7b858"
"QuickBooks","servicem8-job-98f37074-2b70-40bc-b24c-238f08eed79d:invoice","101","DAVID TAVOLETTI","2025-12-05","44000","","0","106","CANONICAL_ELSET_MATCH","[""HAS_QB_PAYMENT"",""HAS_LINKED_TRANSACTION""]","REVIEW_PAYMENT","","","","625235ce69cc7c3110451cdf0baa6dc679558e5e071964df08655a5bef1b557f"
"QuickBooks","","68","Min Guo","2025-10-28","440000","","0","109","QB_ONLY","[""HAS_QB_PAYMENT"",""HAS_LINKED_TRANSACTION""]","REVIEW_QB_ONLY","","","","62488d1a24b82c059ed4da2bd8f3dff72468cf910d28dd98b7d3567ed4f10d66"
"QuickBooks","servicem8-job-6368c1b4-5b99-486d-b164-2395be66168d:invoice","106","Lisa Dumbrell","2025-12-10","66000","","0","108","CANONICAL_ELSET_MATCH","[""HAS_QB_PAYMENT"",""HAS_LINKED_TRANSACTION""]","REVIEW_PAYMENT","","","","ecac871ed6bd77172e60ed47a8fc14d197b5b9df4f9e497e6f4fc897ab915059"
"QuickBooks","","91","Allied moving Tasmania Pty Ltd","2025-11-24","94600","","0","97","QB_ONLY","[""HAS_QB_PAYMENT"",""HAS_LINKED_TRANSACTION""]","REVIEW_QB_ONLY","","","","9a3daffc8e76a1134a4fd6e9ffc1a4e2231c85f0f3b1402937b84e377011d16b"
"QuickBooks","servicem8-job-013e41a0-93f4-43ef-82dd-238699dbc9dd:invoice","93","O.C Strata Mangement","2025-11-26","55000","","0","96","CANONICAL_ELSET_MATCH","[""HAS_QB_PAYMENT"",""HAS_LINKED_TRANSACTION""]","REVIEW_PAYMENT","","","","d798657a3ad82c74079ec93fe00d0f44f832b9d5549862885ffeb0dc4572c2ca"
"QuickBooks","servicem8-job-abc2086c-1d95-4a86-8f47-234f7a4741cb:invoice","58","O.C Strata Mangement","2025-11-24","572000","","0","88","CANONICAL_ELSET_MATCH","[""HAS_QB_PAYMENT"",""HAS_LINKED_TRANSACTION""]","REVIEW_PAYMENT","","","","f88144838d17b4085ddaf3312b654947a86b0f92f16bfdc79e80287cebf0606e"
"QuickBooks","","35","Colour Earth Wrough Ironworks","2025-09-16","1210000","","600000","105","QB_ONLY","[""HAS_QB_PAYMENT"",""HAS_LINKED_TRANSACTION""]","REVIEW_QB_ONLY","","","","7eb4c6be2388a50bbf4f5401a834cab38946002671397181f288d455cfaaa1bf"
"QuickBooks","servicem8-job-748a92bb-8b67-491c-a30b-235deac6a12d:invoice","71","O.C Strata Mangement","2025-11-24","132000","","0","91","CANONICAL_ELSET_MATCH","[""HAS_QB_PAYMENT"",""HAS_LINKED_TRANSACTION""]","REVIEW_PAYMENT","","","","67578aa52f500691451bfd050eea36e04fc73e2f0fc47412b26b738d854e9e52"
"QuickBooks","","48","Jason Kisielis","2025-11-10","924000","","0","71","QB_ONLY","[""HAS_QB_PAYMENT"",""HAS_LINKED_TRANSACTION""]","REVIEW_QB_ONLY","","","","a44158739c08aeca5548d89cce556b346c7b9540237e6b0f3c9a5c2b7cc937c2"
"QuickBooks","servicem8-job-fc7a4d87-1b10-47a4-a7da-238ba2719a5d:invoice","97","Colour Earth Wrough Ironworks","2025-12-01","495000","","0","103","CANONICAL_ELSET_MATCH","[""HAS_QB_PAYMENT"",""HAS_LINKED_TRANSACTION""]","REVIEW_PAYMENT","","","","c6bfa38f6c81e439cd5ff4697888987c634173d8204401b79273afd46829245b"
"QuickBooks","servicem8-job-05c202cb-7b4a-4e56-b33c-23878ed205ed:invoice","94","Giulia Galtieri","2025-11-26","330000","","0","99","CANONICAL_ELSET_MATCH","[""HAS_QB_PAYMENT"",""HAS_LINKED_TRANSACTION""]","REVIEW_PAYMENT","","","","5c77821b95bd8d693289b2c5955e16efe10fc96a4828b9e09be0e8c7fab38694"
"QuickBooks","","95","BURRINDI HOLDINGS P/L","2025-12-01","79530","","0","102","QB_ONLY","[""HAS_QB_PAYMENT"",""HAS_LINKED_TRANSACTION""]","REVIEW_QB_ONLY","","","","3ab0aed51a5b97194f69cb4b9a656ab67a7b06a3e36dd4aa8d4debf28c01aef5"
"QuickBooks","servicem8-job-84e3fdd4-6667-4b97-8267-23684a95570d:invoice","79","EASTPOINT PROPERTY","2025-11-17","122100","","0","95","CANONICAL_ELSET_MATCH","[""HAS_QB_PAYMENT"",""HAS_LINKED_TRANSACTION""]","REVIEW_PAYMENT","","","","6875cc3d2594042eddc6876c81961b25daa552ad115b9d4b1d6bd399aaf46b8a"
"QuickBooks","servicem8-job-0b3abfb9-12df-42d6-bd08-237c2c1eabbb:invoice","89","Nest","2025-11-15","44000","","0","92","CANONICAL_ELSET_MATCH","[""HAS_QB_PAYMENT"",""HAS_LINKED_TRANSACTION""]","REVIEW_PAYMENT","","","","35a3e96e7ee8bfec593f067734205a38c8959dc8606c08ef81fe4693f0f9ec19"
"QuickBooks","servicem8-job-418c4d6d-51f7-482c-bc4b-2384e59a48bd:invoice","92","Miller Autralia","2025-11-24","27500","","27500","94","CANONICAL_ELSET_MATCH","[]","REVIEW_CONFLICT","","","","483bdd565692d31f0fe8402f5111ac457f3dda10551ee00da14fe3ac7ffcde2c"
"QuickBooks","","33","Michael Joyce","2025-09-16","1320000","","0","68","QB_ONLY","[""HAS_QB_PAYMENT"",""HAS_LINKED_TRANSACTION""]","REVIEW_QB_ONLY","","","","408743f7fbb94d0068e31f02a3a54ac6c3581f2723465c4ee41e4512ec6a16b0"
"QuickBooks","","74","Paul Rosen","2025-10-22","66000","","0","78","QB_ONLY","[""HAS_QB_PAYMENT"",""HAS_LINKED_TRANSACTION""]","REVIEW_QB_ONLY","","","","8a0504a917d16c77b08b148cc86d2468ec7708e38e3d4c0e36033f94eeaeadde"
"QuickBooks","servicem8-job-dfd6b983-74d6-4868-9204-2356ea34d69d:invoice","63","O.C Strata Mangement","2025-10-08","66000","","0","39","CANONICAL_ELSET_MATCH","[""HAS_QB_PAYMENT"",""HAS_LINKED_TRANSACTION""]","REVIEW_PAYMENT","","","","a17c332056e41999fdeb183099573d671c21fa3c3bc3cb6ff26a90bbd5f2e5ba"
"QuickBooks","servicem8-job-4a07cc9c-9c04-4234-ac50-2333f64b40cd:invoice","17","O.C Strata Mangement","2025-09-03","35200","","0","11","CANONICAL_ELSET_MATCH","[""HAS_QB_PAYMENT"",""HAS_LINKED_TRANSACTION""]","REVIEW_PAYMENT","","","","fa0e87192c6d447a726fecf27fdaa76f474c22b194ba7023b8c90522231fa043"
"QuickBooks","servicem8-job-09b6f395-3bdc-4523-9c48-233ad23fbc9b:invoice","29","O.C Strata Mangement","2025-09-10","27500","","0","15","CANONICAL_ELSET_MATCH","[""HAS_QB_PAYMENT"",""HAS_LINKED_TRANSACTION""]","REVIEW_PAYMENT","","","","11a9e67cd653fa430f0d0517a2bf39494eab173affb17c9063f9ba629e5dc00e"
"QuickBooks","servicem8-job-21c60d95-a33a-4be0-8647-2333fdf40e5d:invoice","19","O.C Strata Mangement","2025-09-03","38500","","0","9","CANONICAL_ELSET_MATCH","[""HAS_QB_PAYMENT"",""HAS_LINKED_TRANSACTION""]","REVIEW_PAYMENT","","","","79b90e315fda64d7b0f110ae0b4a4d79618edddfe707658e7951b857d4e9d675"
"QuickBooks","","64","Chris Moore","2025-10-21","177650","","0","45","QB_ONLY","[""HAS_QB_PAYMENT"",""HAS_LINKED_TRANSACTION""]","REVIEW_QB_ONLY","","","","c4500fea01a069c6932da4519e47a14c571b0e3899f532e6795cd86787d2943c"
"QuickBooks","servicem8-job-1eb49917-0af4-46bf-814d-2379a87043cd:invoice","88","STAG PROJECTS","2025-11-12","330000","","0","75","CANONICAL_ELSET_MATCH","[""HAS_QB_PAYMENT"",""HAS_LINKED_TRANSACTION""]","REVIEW_PAYMENT","","","","f61551a10f26edf3f9a78f1d75a162234a873392e42172f693460c453cda4a76"
"QuickBooks","","42","MBCM ST KILDA","2025-10-03","134090","","0","46","QB_ONLY","[""HAS_QB_PAYMENT"",""HAS_LINKED_TRANSACTION""]","REVIEW_QB_ONLY","","","","c7ab0ece13f328c1b489f716c1d96348e1c1a381d4b913dba1d09285855d019a"
"QuickBooks","","83","Central estate properties Pty Ltd","2025-10-29","740850","","0","67","QB_ONLY","[""HAS_QB_PAYMENT"",""HAS_LINKED_TRANSACTION""]","REVIEW_QB_ONLY","","","","6945203c169c7a905908d2cb099937b24f73f87834e595438046ee4d474e1852"
"QuickBooks","","70","Melcorp","2025-10-15","89100","","0","54","QB_ONLY","[""HAS_QB_PAYMENT"",""HAS_LINKED_TRANSACTION""]","REVIEW_QB_ONLY","","","","75281678accfae9773b8de1ea6fb4d7ef7ecfb322afff9b4f5b39556509b423b"
"QuickBooks","","72","EASTPOINT PROPERTY","2025-10-20","117700","","0","47","QB_ONLY","[""HAS_QB_PAYMENT"",""HAS_LINKED_TRANSACTION""]","REVIEW_QB_ONLY","","","","cc8503704f97b5deb23547639e9cdd2d0695a695c1b5facd78d63f2a9470aa02"
"QuickBooks","servicem8-job-01e394c4-7ce5-419f-92ad-2338bf74911b:invoice","24","michael shabilla","2025-10-28","275000","","0","57","CANONICAL_ELSET_MATCH","[""HAS_QB_PAYMENT"",""HAS_LINKED_TRANSACTION""]","REVIEW_PAYMENT","","","","9df4d2f638edb01bcc66a73c002b2fe6c25c4fc8e59396eb49091ba2f539675c"
"QuickBooks","servicem8-job-5b31c3cb-5db8-49ca-aed9-2366d2c7c42d:invoice","76","YOUR owners corporation","2025-10-24","44000","","0","55","CANONICAL_ELSET_MATCH","[""HAS_QB_PAYMENT"",""HAS_LINKED_TRANSACTION""]","REVIEW_PAYMENT","","","","9cd9f021caa01897084990a3c14e94deb2b270d8b36ef103797e5c5da7a1d73c"
"QuickBooks","servicem8-job-25ee7dac-1370-4d85-b371-234d5ef9b8ed:invoice","54","Plastics 2000","2025-10-20","132000","","0","49","CANONICAL_ELSET_MATCH","[""HAS_QB_PAYMENT"",""HAS_LINKED_TRANSACTION""]","REVIEW_PAYMENT","","","","45b5773d7bf37117c4048edd77a1ff6f7fb14d3d9ca0df98836f644503bec2ef"
"QuickBooks","servicem8-job-8452edae-348b-44d6-b1dc-234d5dd2bf4d:invoice","55","ILIR TAQUY","2025-10-31","88000","","0","58","CANONICAL_ELSET_MATCH","[""HAS_QB_PAYMENT"",""HAS_LINKED_TRANSACTION""]","REVIEW_PAYMENT","","","","00f7f6aaad4bb2b93c9c8ac1c9b6f6643ee1711114a8b62ae45b923b61e7135b"
"QuickBooks","servicem8-job-8ec0576e-dd49-4dd7-970d-235b39478e1d:invoice","69","Citicommercialcleaning","2025-10-13","66000","","0","51","CANONICAL_ELSET_MATCH","[""HAS_QB_PAYMENT"",""HAS_LINKED_TRANSACTION""]","REVIEW_PAYMENT","","","","d7f9d49ce06d1e8945b90893b60659ba643cd9e99f3b135150dbe62b027a0c62"
"QuickBooks","servicem8-job-1f2d284f-c6e3-48fc-94d5-234e5d27859b:invoice","56","Jay jeyakumar","2025-10-21","15400","","0","48","CANONICAL_ELSET_MATCH","[""HAS_QB_PAYMENT"",""HAS_LINKED_TRANSACTION""]","REVIEW_PAYMENT","","","","d16524b6ef8ea5bdf5668f53ad4603a9c8eaf9ec00be13f1ebdca8d7015f4379"
"QuickBooks","servicem8-job-718aff56-e72a-4c1e-a49e-2356ece92dcb:invoice","66","Rosie Fayman","2025-10-10","27500","","0","40","CANONICAL_ELSET_MATCH","[""HAS_QB_PAYMENT"",""HAS_LINKED_TRANSACTION""]","REVIEW_PAYMENT","","","","a348cbdab8f26d19e4637f3d2f0753d67f476bd2619d9d7cc24e51fc9560ed0b"
"QuickBooks","servicem8-job-4dde4a1f-d374-4634-b74a-2361750a489b:invoice","73","Seymour passenger services","2025-10-21","330000","","0","42","CANONICAL_ELSET_MATCH","[""HAS_QB_PAYMENT"",""HAS_LINKED_TRANSACTION""]","REVIEW_PAYMENT","","","","2cced6108022bfa94ac559cb9413a9971273be0662ddec682c519408c0fdba35"
"QuickBooks","servicem8-job-2156ea8c-07db-495f-9311-235531bd755b:invoice","59","Citicommercialcleaning","2025-10-10","44000","","0","37","CANONICAL_ELSET_MATCH","[""HAS_QB_PAYMENT"",""HAS_LINKED_TRANSACTION""]","REVIEW_PAYMENT","","","","7cacae4aab7efc2190a8d3825ab97a44ccaa532ce351b5ae0981236b8a84820b"
"QuickBooks","","52","Colour Earth Wrough Ironworks","2025-09-29","385000","","0","33","QB_ONLY","[""HAS_QB_PAYMENT"",""HAS_LINKED_TRANSACTION""]","REVIEW_QB_ONLY","","","","a462794e94e353e7c098facd2c12e8a5b2cc5f339841c9e09ef581156c00112b"
"QuickBooks","servicem8-job-e1b442b3-a510-4b6e-a401-23467d3eda7b:invoice","44","P&K Corporation Pty LTD","2025-09-29","297000","","0","34","CANONICAL_ELSET_MATCH","[""HAS_QB_PAYMENT"",""HAS_LINKED_TRANSACTION""]","REVIEW_PAYMENT","","","","1e61fe76ced81b1754cffd0de19699ec39aa51fbde410994de76fe00dc6a3135"
"QuickBooks","servicem8-job-1fbb5570-c07a-4051-8044-23553f2da77d:invoice","62","Mark Giuliano","2025-10-08","440000","","0","31","CANONICAL_ELSET_MATCH","[""HAS_QB_PAYMENT"",""HAS_LINKED_TRANSACTION""]","REVIEW_PAYMENT","","","","eefd571ad04ee2de79df194b265a6749e71946c524407d61b8150c40873c7621"
"QuickBooks","","41","Candice Newport","2025-09-29","44000","","0","28","QB_ONLY","[""HAS_QB_PAYMENT"",""HAS_LINKED_TRANSACTION""]","REVIEW_QB_ONLY","","","","1350c24568384c231a350fd5569624337e1463400fa3cce529768767ecbbbd00"
"QuickBooks","servicem8-job-4a95b097-3bea-4f76-8b9b-233c6cd13aab:invoice","32","Astase pty ltd","2025-09-29","275000","","0","27","CANONICAL_ELSET_MATCH","[""HAS_QB_PAYMENT"",""HAS_LINKED_TRANSACTION""]","REVIEW_PAYMENT","","","","caddefdf4f90fb8d77f63c13df44935e01dc394ec52e3c2d5cc345deec9fa9a1"
"QuickBooks","servicem8-job-822def3b-9478-453b-84c2-2347b5c0ffbd:invoice","47","OCPS 514657D  C/- MICM","2025-09-23","154000","","0","22","CANONICAL_ELSET_MATCH","[""HAS_QB_PAYMENT"",""HAS_LINKED_TRANSACTION""]","REVIEW_PAYMENT","","","","c769d46e26243964d2dafd169e6a86f44742440d909d237b18ce2951e927378c"
"QuickBooks","","46","OCPS 514657D  C/- MICM","2025-09-23","58300","","0","21","QB_ONLY","[""HAS_QB_PAYMENT"",""HAS_LINKED_TRANSACTION""]","REVIEW_QB_ONLY","","","","2bee9345ee9f36ba909db06491b63e545504de3d7cceba6223ddcea028853f55"
"QuickBooks","","27","YOUR owners corporation","2025-09-11","38500","","0","13","QB_ONLY","[""HAS_QB_PAYMENT"",""HAS_LINKED_TRANSACTION""]","REVIEW_QB_ONLY","","","","52304867bd5abb9d46bfcf2e4d743d747794f10405a9e6e9831a165051519f52"
"QuickBooks","servicem8-job-a0c015c5-2d25-4313-9c1b-233b1888ee6b:invoice","31","Astase pty ltd","2025-09-12","275000","","0","14","CANONICAL_ELSET_MATCH","[""HAS_QB_PAYMENT"",""HAS_LINKED_TRANSACTION""]","REVIEW_PAYMENT","","","","5a0fcbee8c29a821cf76100d21bde4d42cf360f7d17f2fcd43232b10683ab9e0"
"QuickBooks","servicem8-job-9b56c586-68b9-43b0-a7be-2338b077631b:invoice","23","RUIBIN QIN","2025-09-09","140000","","0","10","CANONICAL_ELSET_MATCH","[""HAS_QB_PAYMENT"",""HAS_LINKED_TRANSACTION""]","REVIEW_PAYMENT","","","","2923ce08834f99e426d623285aef0d3bd9ccbb2145dea29ab02a788176dbfc9f"