invoiceNumber,elsetInvoiceId,elsetCustomer,elsetDate,elsetSubtotalCents,elsetGstCents,elsetTotalCents,elsetPaidCents,elsetBalanceCents,mappedQuickbooksId,qbId,qbDocNumber,qbCustomer,qbCustomerId,qbDate,qbSubtotalCents,qbGstCents,qbTotalCents,qbBalanceCents,qbInferredPaidCents,linkedTransactionTypes,linkedTransactions,linkedPayments,createdAt,updatedAt,existingLocalMappings,otherLocalClaims,fieldMatches,monetaryDifferences,lines,CUSTOMER_DIFF,DATE_DIFF,DOC_NUMBER_DIFF,LINE_COUNT_DIFF,PRODUCT_SERVICE_DIFF,DESCRIPTION_DIFF,QTY_DIFF,UNIT_PRICE_DIFF,LINE_AMOUNT_DIFF,SUBTOTAL_DIFF,GST_DIFF,TOTAL_DIFF,BALANCE_DIFF,PAYMENT_STATE_DIFF,LINE_ORDER_DIFF,DOC_NUMBER_FORMAT_ONLY,DOC_NUMBER_CONTENT_DIFF,DESCRIPTION_FORMAT_ONLY,DESCRIPTION_CONTENT_DIFF,HISTORICAL_ITEM_DIFFERENCE_ONLY,STRICT_ITEM_ONLY,PRODUCT_SERVICE_COMPARISON_UNKNOWN,INCOME_ACCOUNT_DIFF,firstPassEvidence,canonicalStatus,canonicalCandidateId,canonicalReason
"INV-0218","servicem8-job-da5e0b69-d4e7-4781-b72b-2458563fff2d:invoice","DTV Construction Group PTY LTD","2026-06-23","400000","40000","440000","440000","0","","245","216","DTV Construction Group PTY LTD","70","2026-06-23","400000","40000","440000","0","440000","[""Payment""]","[{""type"":""Payment"",""id"":""270"",""via"":""payment allocation""}]","[{""id"":""270"",""date"":""2026-06-24"",""customerId"":""70"",""totalCents"":440000,""unappliedCents"":0,""allocations"":[{""amountCents"":440000,""links"":[{""TxnId"":""245"",""TxnType"":""Invoice""}]}],""metadata"":{""CreateTime"":""2026-08-06T17:30:50-07:00"",""LastUpdatedTime"":""2026-08-06T17:30:50-07:00""}}]","2026-06-22T23:01:17-07:00","2026-08-06T17:32:43-07:00","[]","[{""invoiceNumber"":""INV-0216"",""mapped"":false,""evidence"":[""NUMBER_VARIANT_ONLY""],""businessContentMatch"":false}]","{""CUSTOMER_MATCH"":true,""DATE_MATCH"":true,""DOC_NUMBER_MATCH"":false,""LINE_COUNT_MATCH"":true,""PRODUCT_SERVICE_MATCH"":false,""DESCRIPTION_MATCH"":true,""QTY_MATCH"":true,""UNIT_PRICE_MATCH"":true,""LINE_AMOUNT_MATCH"":true,""SUBTOTAL_MATCH"":true,""GST_MATCH"":true,""TOTAL_MATCH"":true,""BALANCE_MATCH"":true,""PAYMENT_STATE_MATCH"":true}","[]","[{""position"":1,""qbPosition"":1,""lineAlignment"":""EXACT_CONTENT_BIJECTION"",""elsetLineId"":""servicem8-material-95470e19-126d-40ba-a9b0-24585d77b1ad"",""priceListItemId"":"""",""elsetDescription"":""Supply and installation of Automation system for SLIDING GATE . 24v DEA LIVI x incl. 4 handsets ."",""qbDescription"":""Supply and installation of Automation system for SLIDING GATE . 24v DEA LIVI x incl. 4 handsets ."",""expectedItem"":{""id"":""123"",""name"":""ELSET Services"",""incomeAccountId"":""9"",""status"":""FALLBACK"",""reason"":""Saved line has no priceListItemId; the new model uses the configured fallback."",""comparisonKnown"":true,""accountEligibility"":""NOT_REVALIDATED_ARCHIVE_HAS_NO_ACCOUNT_ENTITY""},""qbItemId"":""98"",""qbItemName"":""DEA LIVI X"",""qbIncomeAccountId"":""16"",""qbIncomeAccountName"":""Billable Expense Income ( 16 )"",""elsetQuantityMicros"":2000000,""qbQuantityMicros"":2000000,""elsetUnitPriceMicros"":2000000000,""qbUnitPriceMicros"":2000000000,""elsetLineAmountCents"":400000,""qbLineAmountCents"":400000,""DESCRIPTION_DIFF"":false,""DESCRIPTION_FORMAT_ONLY"":false,""DESCRIPTION_CONTENT_DIFF"":false,""PRODUCT_SERVICE_DIFF"":true,""PRODUCT_SERVICE_COMPARISON_UNKNOWN"":false,""INCOME_ACCOUNT_DIFF"":true,""QTY_DIFF"":false,""UNIT_PRICE_DIFF"":false,""LINE_AMOUNT_DIFF"":false}]","false","false","true","false","true","false","false","false","false","false","false","false","false","false","false","false","true","false","false","true","false","false","true","[""EXACT_CUSTOMER_DATE_LINES_TOTALS"",""SAME_CUSTOMER_DATE_TOTAL_DESCRIPTIONS""]","CLEAR_CANONICAL_CANDIDATE","245","Unique full business-content match with no competing mapped or exact-content ELSET owner. Other shared reference claims lack full content equality. Diagnostic recommendation only; reference differences and paid history still require review before linking."
"INV-0218","servicem8-job-da5e0b69-d4e7-4781-b72b-2458563fff2d:invoice","DTV Construction Group PTY LTD","2026-06-23","400000","40000","440000","440000","0","","247","218","OCPS 514657D  C/- MICM","9","2026-07-22","37500","3750","41250","0","41250","[""Payment""]","[{""type"":""Payment"",""id"":""263"",""via"":""payment allocation""}]","[{""id"":""263"",""date"":""2026-07-28"",""customerId"":""9"",""totalCents"":41250,""unappliedCents"":0,""allocations"":[{""amountCents"":41250,""links"":[{""TxnId"":""247"",""TxnType"":""Invoice""}]}],""metadata"":{""CreateTime"":""2026-08-06T17:30:49-07:00"",""LastUpdatedTime"":""2026-08-06T17:30:49-07:00""}}]","2026-07-23T02:44:14-07:00","2026-08-06T17:33:03-07:00","[]","[{""invoiceNumber"":""INV-0220"",""mapped"":false,""evidence"":[""EXACT_CUSTOMER_DATE_LINES_TOTALS"",""SAME_CUSTOMER_DATE_TOTAL_DESCRIPTIONS""],""businessContentMatch"":true}]","{""CUSTOMER_MATCH"":false,""DATE_MATCH"":false,""DOC_NUMBER_MATCH"":false,""LINE_COUNT_MATCH"":true,""PRODUCT_SERVICE_MATCH"":false,""DESCRIPTION_MATCH"":false,""QTY_MATCH"":false,""UNIT_PRICE_MATCH"":false,""LINE_AMOUNT_MATCH"":false,""SUBTOTAL_MATCH"":false,""GST_MATCH"":false,""TOTAL_MATCH"":false,""BALANCE_MATCH"":true,""PAYMENT_STATE_MATCH"":true}","[{""field"":""subtotal"",""elset"":400000,""quickbooks"":37500,""unit"":""AUD cents""},{""field"":""gst"",""elset"":40000,""quickbooks"":3750,""unit"":""AUD cents""},{""field"":""total"",""elset"":440000,""quickbooks"":41250,""unit"":""AUD cents""},{""field"":""paid_vs_inferred_paid"",""elset"":440000,""quickbooks"":41250,""unit"":""AUD cents""},{""field"":""unit_price"",""position"":1,""elset"":2000000000,""quickbooks"":375000000,""unit"":""AUD millionths""},{""field"":""line_amount"",""position"":1,""elset"":400000,""quickbooks"":37500,""unit"":""AUD cents""}]","[{""position"":1,""qbPosition"":1,""lineAlignment"":""POSITION_REQUIRES_REVIEW"",""elsetLineId"":""servicem8-material-95470e19-126d-40ba-a9b0-24585d77b1ad"",""priceListItemId"":"""",""elsetDescription"":""Supply and installation of Automation system for SLIDING GATE . 24v DEA LIVI x incl. 4 handsets ."",""qbDescription"":""Repair and service"",""expectedItem"":{""id"":""123"",""name"":""ELSET Services"",""incomeAccountId"":""9"",""status"":""FALLBACK"",""reason"":""Saved line has no priceListItemId; the new model uses the configured fallback."",""comparisonKnown"":true,""accountEligibility"":""NOT_REVALIDATED_ARCHIVE_HAS_NO_ACCOUNT_ENTITY""},""qbItemId"":""21"",""qbItemName"":""RSCO"",""qbIncomeAccountId"":""16"",""qbIncomeAccountName"":""Billable Expense Income ( 16 )"",""elsetQuantityMicros"":2000000,""qbQuantityMicros"":1000000,""elsetUnitPriceMicros"":2000000000,""qbUnitPriceMicros"":375000000,""elsetLineAmountCents"":400000,""qbLineAmountCents"":37500,""DESCRIPTION_DIFF"":true,""DESCRIPTION_FORMAT_ONLY"":false,""DESCRIPTION_CONTENT_DIFF"":true,""PRODUCT_SERVICE_DIFF"":true,""PRODUCT_SERVICE_COMPARISON_UNKNOWN"":false,""INCOME_ACCOUNT_DIFF"":true,""QTY_DIFF"":true,""UNIT_PRICE_DIFF"":true,""LINE_AMOUNT_DIFF"":true}]","true","true","true","false","true","true","true","true","true","true","true","true","false","false","false","true","false","false","true","false","false","false","true","[""NUMBER_VARIANT_ONLY""]","CLEAR_CANONICAL_CANDIDATE","245","Unique full business-content match with no competing mapped or exact-content ELSET owner. Other shared reference claims lack full content equality. Diagnostic recommendation only; reference differences and paid history still require review before linking."
"INV-0219","servicem8-job-019f8778-d21d-7eaa-947d-1256238f456d:invoice","OCPS 514657D C/- MICM","2026-07-22","470000","47000","517000","517000","0","","246","217","OCPS 514657D  C/- MICM","9","2026-07-22","470000","47000","517000","400400","116600","[""Payment""]","[{""type"":""Payment"",""id"":""25"",""via"":""payment allocation""}]","[{""id"":""25"",""date"":""2025-10-03"",""customerId"":""9"",""totalCents"":154000,""unappliedCents"":0,""allocations"":[{""amountCents"":116600,""links"":[{""TxnId"":""246"",""TxnType"":""Invoice""}]}],""metadata"":{""CreateTime"":""2025-10-07T16:30:33-07:00"",""LastUpdatedTime"":""2026-07-21T18:51:29-07:00""}}]","2026-07-21T18:51:28-07:00","2026-07-21T18:51:29-07:00","[]","[{""invoiceNumber"":""INV-0217"",""mapped"":false,""evidence"":[""NUMBER_VARIANT_ONLY""],""businessContentMatch"":false}]","{""CUSTOMER_MATCH"":true,""DATE_MATCH"":true,""DOC_NUMBER_MATCH"":false,""LINE_COUNT_MATCH"":true,""PRODUCT_SERVICE_MATCH"":false,""DESCRIPTION_MATCH"":true,""QTY_MATCH"":true,""UNIT_PRICE_MATCH"":true,""LINE_AMOUNT_MATCH"":true,""SUBTOTAL_MATCH"":true,""GST_MATCH"":true,""TOTAL_MATCH"":true,""BALANCE_MATCH"":false,""PAYMENT_STATE_MATCH"":false}","[{""field"":""balance"",""elset"":0,""quickbooks"":400400,""unit"":""AUD cents""},{""field"":""paid_vs_inferred_paid"",""elset"":517000,""quickbooks"":116600,""unit"":""AUD cents""}]","[{""position"":1,""qbPosition"":1,""lineAlignment"":""EXACT_CONTENT_BIJECTION"",""elsetLineId"":""servicem8-material-019f877a-33ae-7eaa-947c-b75e0e3ac72d"",""priceListItemId"":"""",""elsetDescription"":""DEA LIVI X 24V SLIDING GATE MOTOR."",""qbDescription"":""DEA LIVI X 24V SLIDING GATE MOTOR."",""expectedItem"":{""id"":""123"",""name"":""ELSET Services"",""incomeAccountId"":""9"",""status"":""FALLBACK"",""reason"":""Saved line has no priceListItemId; the new model uses the configured fallback."",""comparisonKnown"":true,""accountEligibility"":""NOT_REVALIDATED_ARCHIVE_HAS_NO_ACCOUNT_ENTITY""},""qbItemId"":""49"",""qbItemName"":""DEAG"",""qbIncomeAccountId"":""16"",""qbIncomeAccountName"":""Billable Expense Income ( 16 )"",""elsetQuantityMicros"":1000000,""qbQuantityMicros"":1000000,""elsetUnitPriceMicros"":3300000000,""qbUnitPriceMicros"":3300000000,""elsetLineAmountCents"":330000,""qbLineAmountCents"":330000,""DESCRIPTION_DIFF"":false,""DESCRIPTION_FORMAT_ONLY"":false,""DESCRIPTION_CONTENT_DIFF"":false,""PRODUCT_SERVICE_DIFF"":true,""PRODUCT_SERVICE_COMPARISON_UNKNOWN"":false,""INCOME_ACCOUNT_DIFF"":true,""QTY_DIFF"":false,""UNIT_PRICE_DIFF"":false,""LINE_AMOUNT_DIFF"":false},{""position"":2,""qbPosition"":2,""lineAlignment"":""EXACT_CONTENT_BIJECTION"",""elsetLineId"":""servicem8-material-019f877b-3a1e-7eaa-947d-7d772beb552d"",""priceListItemId"":"""",""elsetDescription"":""Remote control"",""qbDescription"":""Remote control"",""expectedItem"":{""id"":""123"",""name"":""ELSET Services"",""incomeAccountId"":""9"",""status"":""FALLBACK"",""reason"":""Saved line has no priceListItemId; the new model uses the configured fallback."",""comparisonKnown"":true,""accountEligibility"":""NOT_REVALIDATED_ARCHIVE_HAS_NO_ACCOUNT_ENTITY""},""qbItemId"":""4"",""qbItemName"":""RC-001"",""qbIncomeAccountId"":""16"",""qbIncomeAccountName"":""Billable Expense Income ( 16 )"",""elsetQuantityMicros"":20000000,""qbQuantityMicros"":20000000,""elsetUnitPriceMicros"":70000000,""qbUnitPriceMicros"":70000000,""elsetLineAmountCents"":140000,""qbLineAmountCents"":140000,""DESCRIPTION_DIFF"":false,""DESCRIPTION_FORMAT_ONLY"":false,""DESCRIPTION_CONTENT_DIFF"":false,""PRODUCT_SERVICE_DIFF"":true,""PRODUCT_SERVICE_COMPARISON_UNKNOWN"":false,""INCOME_ACCOUNT_DIFF"":true,""QTY_DIFF"":false,""UNIT_PRICE_DIFF"":false,""LINE_AMOUNT_DIFF"":false}]","false","false","true","false","true","false","false","false","false","false","false","false","true","true","false","false","true","false","false","true","false","false","true","[""EXACT_CUSTOMER_DATE_LINES_TOTALS"",""SAME_CUSTOMER_DATE_TOTAL_DESCRIPTIONS""]","CLEAR_CANONICAL_CANDIDATE","246","Unique full business-content match with no competing mapped or exact-content ELSET owner. Other shared reference claims lack full content equality. Diagnostic recommendation only; reference differences and paid history still require review before linking."
"INV-0219","servicem8-job-019f8778-d21d-7eaa-947d-1256238f456d:invoice","OCPS 514657D C/- MICM","2026-07-22","470000","47000","517000","517000","0","","285","219","Igot Goldshtien","80","2026-07-23","45000","4500","49500","0","49500","[""Payment""]","[{""type"":""Payment"",""id"":""286"",""via"":""payment allocation""}]","[{""id"":""286"",""date"":""2026-06-29"",""customerId"":""80"",""totalCents"":49500,""unappliedCents"":0,""allocations"":[{""amountCents"":49500,""links"":[{""TxnId"":""285"",""TxnType"":""Invoice""}]}],""metadata"":{""CreateTime"":""2026-08-11T16:27:53-07:00"",""LastUpdatedTime"":""2026-08-11T16:27:53-07:00""}}]","2026-08-11T16:26:58-07:00","2026-08-11T16:29:24-07:00","[]","[{""invoiceNumber"":""INV-0221"",""mapped"":false,""evidence"":[""EXACT_CUSTOMER_DATE_LINES_TOTALS"",""SAME_CUSTOMER_DATE_TOTAL_DESCRIPTIONS""],""businessContentMatch"":true}]","{""CUSTOMER_MATCH"":false,""DATE_MATCH"":false,""DOC_NUMBER_MATCH"":false,""LINE_COUNT_MATCH"":false,""PRODUCT_SERVICE_MATCH"":null,""DESCRIPTION_MATCH"":false,""QTY_MATCH"":false,""UNIT_PRICE_MATCH"":false,""LINE_AMOUNT_MATCH"":false,""SUBTOTAL_MATCH"":false,""GST_MATCH"":false,""TOTAL_MATCH"":false,""BALANCE_MATCH"":true,""PAYMENT_STATE_MATCH"":true}","[{""field"":""subtotal"",""elset"":470000,""quickbooks"":45000,""unit"":""AUD cents""},{""field"":""gst"",""elset"":47000,""quickbooks"":4500,""unit"":""AUD cents""},{""field"":""total"",""elset"":517000,""quickbooks"":49500,""unit"":""AUD cents""},{""field"":""paid_vs_inferred_paid"",""elset"":517000,""quickbooks"":49500,""unit"":""AUD cents""},{""field"":""unit_price"",""position"":1,""elset"":3300000000,""quickbooks"":450000000,""unit"":""AUD millionths""},{""field"":""line_amount"",""position"":1,""elset"":330000,""quickbooks"":45000,""unit"":""AUD cents""},{""field"":""unit_price"",""position"":2,""elset"":70000000,""quickbooks"":null,""unit"":""AUD millionths""},{""field"":""line_amount"",""position"":2,""elset"":140000,""quickbooks"":null,""unit"":""AUD cents""}]","[{""position"":1,""qbPosition"":1,""lineAlignment"":""POSITION_REQUIRES_REVIEW"",""elsetLineId"":""servicem8-material-019f877a-33ae-7eaa-947c-b75e0e3ac72d"",""priceListItemId"":"""",""elsetDescription"":""DEA LIVI X 24V SLIDING GATE MOTOR."",""qbDescription"":""Repair and service"",""expectedItem"":{""id"":""123"",""name"":""ELSET Services"",""incomeAccountId"":""9"",""status"":""FALLBACK"",""reason"":""Saved line has no priceListItemId; the new model uses the configured fallback."",""comparisonKnown"":true,""accountEligibility"":""NOT_REVALIDATED_ARCHIVE_HAS_NO_ACCOUNT_ENTITY""},""qbItemId"":""21"",""qbItemName"":""RSCO"",""qbIncomeAccountId"":""16"",""qbIncomeAccountName"":""Billable Expense Income ( 16 )"",""elsetQuantityMicros"":1000000,""qbQuantityMicros"":1000000,""elsetUnitPriceMicros"":3300000000,""qbUnitPriceMicros"":450000000,""elsetLineAmountCents"":330000,""qbLineAmountCents"":45000,""DESCRIPTION_DIFF"":true,""DESCRIPTION_FORMAT_ONLY"":false,""DESCRIPTION_CONTENT_DIFF"":true,""PRODUCT_SERVICE_DIFF"":true,""PRODUCT_SERVICE_COMPARISON_UNKNOWN"":false,""INCOME_ACCOUNT_DIFF"":true,""QTY_DIFF"":false,""UNIT_PRICE_DIFF"":true,""LINE_AMOUNT_DIFF"":true},{""position"":2,""qbPosition"":2,""lineAlignment"":""POSITION_REQUIRES_REVIEW"",""elsetLineId"":""servicem8-material-019f877b-3a1e-7eaa-947d-7d772beb552d"",""priceListItemId"":"""",""elsetDescription"":""Remote control"",""qbDescription"":null,""expectedItem"":{""id"":""123"",""name"":""ELSET Services"",""incomeAccountId"":""9"",""status"":""FALLBACK"",""reason"":""Saved line has no priceListItemId; the new model uses the configured fallback."",""comparisonKnown"":true,""accountEligibility"":""NOT_REVALIDATED_ARCHIVE_HAS_NO_ACCOUNT_ENTITY""},""qbItemId"":"""",""qbItemName"":"""",""qbIncomeAccountId"":"""",""qbIncomeAccountName"":"""",""elsetQuantityMicros"":20000000,""qbQuantityMicros"":null,""elsetUnitPriceMicros"":70000000,""qbUnitPriceMicros"":null,""elsetLineAmountCents"":140000,""qbLineAmountCents"":null,""DESCRIPTION_DIFF"":true,""DESCRIPTION_FORMAT_ONLY"":false,""DESCRIPTION_CONTENT_DIFF"":true,""PRODUCT_SERVICE_DIFF"":false,""PRODUCT_SERVICE_COMPARISON_UNKNOWN"":true,""INCOME_ACCOUNT_DIFF"":false,""QTY_DIFF"":true,""UNIT_PRICE_DIFF"":true,""LINE_AMOUNT_DIFF"":true}]","true","true","true","true","true","true","true","true","true","true","true","true","false","false","false","true","false","false","true","false","false","true","true","[""NUMBER_VARIANT_ONLY""]","CLEAR_CANONICAL_CANDIDATE","246","Unique full business-content match with no competing mapped or exact-content ELSET owner. Other shared reference claims lack full content equality. Diagnostic recommendation only; reference differences and paid history still require review before linking."
"INV-0220","servicem8-job-019f8785-2c11-7eaa-947c-6a4d8ef8aead:invoice","OCPS 514657D C/- MICM","2026-07-22","37500","3750","41250","41250","0","","247","218","OCPS 514657D  C/- MICM","9","2026-07-22","37500","3750","41250","0","41250","[""Payment""]","[{""type"":""Payment"",""id"":""263"",""via"":""payment allocation""}]","[{""id"":""263"",""date"":""2026-07-28"",""customerId"":""9"",""totalCents"":41250,""unappliedCents"":0,""allocations"":[{""amountCents"":41250,""links"":[{""TxnId"":""247"",""TxnType"":""Invoice""}]}],""metadata"":{""CreateTime"":""2026-08-06T17:30:49-07:00"",""LastUpdatedTime"":""2026-08-06T17:30:49-07:00""}}]","2026-07-23T02:44:14-07:00","2026-08-06T17:33:03-07:00","[]","[{""invoiceNumber"":""INV-0218"",""mapped"":false,""evidence"":[""NUMBER_VARIANT_ONLY""],""businessContentMatch"":false}]","{""CUSTOMER_MATCH"":true,""DATE_MATCH"":true,""DOC_NUMBER_MATCH"":false,""LINE_COUNT_MATCH"":true,""PRODUCT_SERVICE_MATCH"":false,""DESCRIPTION_MATCH"":true,""QTY_MATCH"":true,""UNIT_PRICE_MATCH"":true,""LINE_AMOUNT_MATCH"":true,""SUBTOTAL_MATCH"":true,""GST_MATCH"":true,""TOTAL_MATCH"":true,""BALANCE_MATCH"":true,""PAYMENT_STATE_MATCH"":true}","[]","[{""position"":1,""qbPosition"":1,""lineAlignment"":""EXACT_CONTENT_BIJECTION"",""elsetLineId"":""servicem8-material-019f8785-2c1c-7eaa-947c-7844a75f089d"",""priceListItemId"":"""",""elsetDescription"":""Repair and service"",""qbDescription"":""Repair and service"",""expectedItem"":{""id"":""123"",""name"":""ELSET Services"",""incomeAccountId"":""9"",""status"":""FALLBACK"",""reason"":""Saved line has no priceListItemId; the new model uses the configured fallback."",""comparisonKnown"":true,""accountEligibility"":""NOT_REVALIDATED_ARCHIVE_HAS_NO_ACCOUNT_ENTITY""},""qbItemId"":""21"",""qbItemName"":""RSCO"",""qbIncomeAccountId"":""16"",""qbIncomeAccountName"":""Billable Expense Income ( 16 )"",""elsetQuantityMicros"":1000000,""qbQuantityMicros"":1000000,""elsetUnitPriceMicros"":375000000,""qbUnitPriceMicros"":375000000,""elsetLineAmountCents"":37500,""qbLineAmountCents"":37500,""DESCRIPTION_DIFF"":false,""DESCRIPTION_FORMAT_ONLY"":false,""DESCRIPTION_CONTENT_DIFF"":false,""PRODUCT_SERVICE_DIFF"":true,""PRODUCT_SERVICE_COMPARISON_UNKNOWN"":false,""INCOME_ACCOUNT_DIFF"":true,""QTY_DIFF"":false,""UNIT_PRICE_DIFF"":false,""LINE_AMOUNT_DIFF"":false}]","false","false","true","false","true","false","false","false","false","false","false","false","false","false","false","false","true","false","false","true","false","false","true","[""EXACT_CUSTOMER_DATE_LINES_TOTALS"",""SAME_CUSTOMER_DATE_TOTAL_DESCRIPTIONS""]","CLEAR_CANONICAL_CANDIDATE","247","Unique full business-content match with no competing mapped or exact-content ELSET owner. Other shared reference claims lack full content equality. Diagnostic recommendation only; reference differences and paid history still require review before linking."
"INV-0220","servicem8-job-019f8785-2c11-7eaa-947c-6a4d8ef8aead:invoice","OCPS 514657D C/- MICM","2026-07-22","37500","3750","41250","41250","0","","248","220","Eddy Chang","71","2026-07-23","80000","8000","88000","0","88000","[""Payment""]","[{""type"":""Payment"",""id"":""264"",""via"":""payment allocation""}]","[{""id"":""264"",""date"":""2026-07-24"",""customerId"":""71"",""totalCents"":88000,""unappliedCents"":0,""allocations"":[{""amountCents"":88000,""links"":[{""TxnId"":""248"",""TxnType"":""Invoice""}]}],""metadata"":{""CreateTime"":""2026-08-06T17:30:49-07:00"",""LastUpdatedTime"":""2026-08-06T17:30:49-07:00""}}]","2026-07-23T02:44:15-07:00","2026-08-06T17:32:52-07:00","[]","[{""invoiceNumber"":""INV-0222"",""mapped"":false,""evidence"":[""EXACT_CUSTOMER_DATE_LINES_TOTALS"",""SAME_CUSTOMER_DATE_TOTAL_DESCRIPTIONS""],""businessContentMatch"":true}]","{""CUSTOMER_MATCH"":false,""DATE_MATCH"":false,""DOC_NUMBER_MATCH"":false,""LINE_COUNT_MATCH"":false,""PRODUCT_SERVICE_MATCH"":null,""DESCRIPTION_MATCH"":false,""QTY_MATCH"":false,""UNIT_PRICE_MATCH"":false,""LINE_AMOUNT_MATCH"":false,""SUBTOTAL_MATCH"":false,""GST_MATCH"":false,""TOTAL_MATCH"":false,""BALANCE_MATCH"":true,""PAYMENT_STATE_MATCH"":true}","[{""field"":""subtotal"",""elset"":37500,""quickbooks"":80000,""unit"":""AUD cents""},{""field"":""gst"",""elset"":3750,""quickbooks"":8000,""unit"":""AUD cents""},{""field"":""total"",""elset"":41250,""quickbooks"":88000,""unit"":""AUD cents""},{""field"":""paid_vs_inferred_paid"",""elset"":41250,""quickbooks"":88000,""unit"":""AUD cents""},{""field"":""unit_price"",""position"":1,""elset"":375000000,""quickbooks"":155000000,""unit"":""AUD millionths""},{""field"":""line_amount"",""position"":1,""elset"":37500,""quickbooks"":31000,""unit"":""AUD cents""},{""field"":""unit_price"",""position"":2,""elset"":null,""quickbooks"":350000000,""unit"":""AUD millionths""},{""field"":""line_amount"",""position"":2,""elset"":null,""quickbooks"":35000,""unit"":""AUD cents""},{""field"":""unit_price"",""position"":3,""elset"":null,""quickbooks"":70000000,""unit"":""AUD millionths""},{""field"":""line_amount"",""position"":3,""elset"":null,""quickbooks"":14000,""unit"":""AUD cents""}]","[{""position"":1,""qbPosition"":1,""lineAlignment"":""POSITION_REQUIRES_REVIEW"",""elsetLineId"":""servicem8-material-019f8785-2c1c-7eaa-947c-7844a75f089d"",""priceListItemId"":"""",""elsetDescription"":""Repair and service"",""qbDescription"":""Remote control receiver"",""expectedItem"":{""id"":""123"",""name"":""ELSET Services"",""incomeAccountId"":""9"",""status"":""FALLBACK"",""reason"":""Saved line has no priceListItemId; the new model uses the configured fallback."",""comparisonKnown"":true,""accountEligibility"":""NOT_REVALIDATED_ARCHIVE_HAS_NO_ACCOUNT_ENTITY""},""qbItemId"":""7"",""qbItemName"":""REC-001"",""qbIncomeAccountId"":""16"",""qbIncomeAccountName"":""Billable Expense Income ( 16 )"",""elsetQuantityMicros"":1000000,""qbQuantityMicros"":2000000,""elsetUnitPriceMicros"":375000000,""qbUnitPriceMicros"":155000000,""elsetLineAmountCents"":37500,""qbLineAmountCents"":31000,""DESCRIPTION_DIFF"":true,""DESCRIPTION_FORMAT_ONLY"":false,""DESCRIPTION_CONTENT_DIFF"":true,""PRODUCT_SERVICE_DIFF"":true,""PRODUCT_SERVICE_COMPARISON_UNKNOWN"":false,""INCOME_ACCOUNT_DIFF"":true,""QTY_DIFF"":true,""UNIT_PRICE_DIFF"":true,""LINE_AMOUNT_DIFF"":true},{""position"":2,""qbPosition"":2,""lineAlignment"":""POSITION_REQUIRES_REVIEW"",""elsetLineId"":"""",""priceListItemId"":"""",""elsetDescription"":null,""qbDescription"":""Supply and installation of digital keypad"",""expectedItem"":null,""qbItemId"":""76"",""qbItemName"":""KEYPAD"",""qbIncomeAccountId"":""16"",""qbIncomeAccountName"":""Billable Expense Income ( 16 )"",""elsetQuantityMicros"":null,""qbQuantityMicros"":1000000,""elsetUnitPriceMicros"":null,""qbUnitPriceMicros"":350000000,""elsetLineAmountCents"":null,""qbLineAmountCents"":35000,""DESCRIPTION_DIFF"":true,""DESCRIPTION_FORMAT_ONLY"":false,""DESCRIPTION_CONTENT_DIFF"":true,""PRODUCT_SERVICE_DIFF"":false,""PRODUCT_SERVICE_COMPARISON_UNKNOWN"":true,""INCOME_ACCOUNT_DIFF"":false,""QTY_DIFF"":true,""UNIT_PRICE_DIFF"":true,""LINE_AMOUNT_DIFF"":true},{""position"":3,""qbPosition"":3,""lineAlignment"":""POSITION_REQUIRES_REVIEW"",""elsetLineId"":"""",""priceListItemId"":"""",""elsetDescription"":null,""qbDescription"":""2 EXTRA Remote control"",""expectedItem"":null,""qbItemId"":""4"",""qbItemName"":""RC-001"",""qbIncomeAccountId"":""16"",""qbIncomeAccountName"":""Billable Expense Income ( 16 )"",""elsetQuantityMicros"":null,""qbQuantityMicros"":2000000,""elsetUnitPriceMicros"":null,""qbUnitPriceMicros"":70000000,""elsetLineAmountCents"":null,""qbLineAmountCents"":14000,""DESCRIPTION_DIFF"":true,""DESCRIPTION_FORMAT_ONLY"":false,""DESCRIPTION_CONTENT_DIFF"":true,""PRODUCT_SERVICE_DIFF"":false,""PRODUCT_SERVICE_COMPARISON_UNKNOWN"":true,""INCOME_ACCOUNT_DIFF"":false,""QTY_DIFF"":true,""UNIT_PRICE_DIFF"":true,""LINE_AMOUNT_DIFF"":true}]","true","true","true","true","true","true","true","true","true","true","true","true","false","false","false","true","false","false","true","false","false","true","true","[""NUMBER_VARIANT_ONLY""]","CLEAR_CANONICAL_CANDIDATE","247","Unique full business-content match with no competing mapped or exact-content ELSET owner. Other shared reference claims lack full content equality. Diagnostic recommendation only; reference differences and paid history still require review before linking."
"INV-0221","servicem8-job-019f8787-a531-7eaa-947d-470b6936811d:invoice","Igot Goldshtien","2026-07-23","45000","4500","49500","49500","0","","285","219","Igot Goldshtien","80","2026-07-23","45000","4500","49500","0","49500","[""Payment""]","[{""type"":""Payment"",""id"":""286"",""via"":""payment allocation""}]","[{""id"":""286"",""date"":""2026-06-29"",""customerId"":""80"",""totalCents"":49500,""unappliedCents"":0,""allocations"":[{""amountCents"":49500,""links"":[{""TxnId"":""285"",""TxnType"":""Invoice""}]}],""metadata"":{""CreateTime"":""2026-08-11T16:27:53-07:00"",""LastUpdatedTime"":""2026-08-11T16:27:53-07:00""}}]","2026-08-11T16:26:58-07:00","2026-08-11T16:29:24-07:00","[]","[{""invoiceNumber"":""INV-0219"",""mapped"":false,""evidence"":[""NUMBER_VARIANT_ONLY""],""businessContentMatch"":false}]","{""CUSTOMER_MATCH"":true,""DATE_MATCH"":true,""DOC_NUMBER_MATCH"":false,""LINE_COUNT_MATCH"":true,""PRODUCT_SERVICE_MATCH"":false,""DESCRIPTION_MATCH"":true,""QTY_MATCH"":true,""UNIT_PRICE_MATCH"":true,""LINE_AMOUNT_MATCH"":true,""SUBTOTAL_MATCH"":true,""GST_MATCH"":true,""TOTAL_MATCH"":true,""BALANCE_MATCH"":true,""PAYMENT_STATE_MATCH"":true}","[]","[{""position"":1,""qbPosition"":1,""lineAlignment"":""EXACT_CONTENT_BIJECTION"",""elsetLineId"":""servicem8-material-019f8787-a538-7eaa-947c-13566277570d"",""priceListItemId"":"""",""elsetDescription"":""Repair and service"",""qbDescription"":""Repair and service"",""expectedItem"":{""id"":""123"",""name"":""ELSET Services"",""incomeAccountId"":""9"",""status"":""FALLBACK"",""reason"":""Saved line has no priceListItemId; the new model uses the configured fallback."",""comparisonKnown"":true,""accountEligibility"":""NOT_REVALIDATED_ARCHIVE_HAS_NO_ACCOUNT_ENTITY""},""qbItemId"":""21"",""qbItemName"":""RSCO"",""qbIncomeAccountId"":""16"",""qbIncomeAccountName"":""Billable Expense Income ( 16 )"",""elsetQuantityMicros"":1000000,""qbQuantityMicros"":1000000,""elsetUnitPriceMicros"":450000000,""qbUnitPriceMicros"":450000000,""elsetLineAmountCents"":45000,""qbLineAmountCents"":45000,""DESCRIPTION_DIFF"":false,""DESCRIPTION_FORMAT_ONLY"":false,""DESCRIPTION_CONTENT_DIFF"":false,""PRODUCT_SERVICE_DIFF"":true,""PRODUCT_SERVICE_COMPARISON_UNKNOWN"":false,""INCOME_ACCOUNT_DIFF"":true,""QTY_DIFF"":false,""UNIT_PRICE_DIFF"":false,""LINE_AMOUNT_DIFF"":false}]","false","false","true","false","true","false","false","false","false","false","false","false","false","false","false","false","true","false","false","true","false","false","true","[""EXACT_CUSTOMER_DATE_LINES_TOTALS"",""SAME_CUSTOMER_DATE_TOTAL_DESCRIPTIONS""]","CLEAR_CANONICAL_CANDIDATE","285","Unique full business-content match with no competing mapped or exact-content ELSET owner. Other shared reference claims lack full content equality. Diagnostic recommendation only; reference differences and paid history still require review before linking."
"INV-0221","servicem8-job-019f8787-a531-7eaa-947d-470b6936811d:invoice","Igot Goldshtien","2026-07-23","45000","4500","49500","49500","0","","312","221","Vera Mascaro","87","2026-08-04","74700","7470","82170","0","82170","[""Payment""]","[{""type"":""Payment"",""id"":""322"",""via"":""payment allocation""}]","[{""id"":""322"",""date"":""2026-08-04"",""customerId"":""87"",""totalCents"":82170,""unappliedCents"":0,""allocations"":[{""amountCents"":82170,""links"":[{""TxnId"":""312"",""TxnType"":""Invoice""}]}],""metadata"":{""CreateTime"":""2026-08-11T16:48:07-07:00"",""LastUpdatedTime"":""2026-08-11T16:48:07-07:00""}}]","2026-08-11T16:29:47-07:00","2026-08-11T16:50:07-07:00","[]","[{""invoiceNumber"":""INV-0223"",""mapped"":false,""evidence"":[""EXACT_CUSTOMER_DATE_LINES_TOTALS"",""SAME_CUSTOMER_DATE_TOTAL_DESCRIPTIONS""],""businessContentMatch"":true}]","{""CUSTOMER_MATCH"":false,""DATE_MATCH"":false,""DOC_NUMBER_MATCH"":false,""LINE_COUNT_MATCH"":false,""PRODUCT_SERVICE_MATCH"":null,""DESCRIPTION_MATCH"":false,""QTY_MATCH"":false,""UNIT_PRICE_MATCH"":false,""LINE_AMOUNT_MATCH"":false,""SUBTOTAL_MATCH"":false,""GST_MATCH"":false,""TOTAL_MATCH"":false,""BALANCE_MATCH"":true,""PAYMENT_STATE_MATCH"":true}","[{""field"":""subtotal"",""elset"":45000,""quickbooks"":74700,""unit"":""AUD cents""},{""field"":""gst"",""elset"":4500,""quickbooks"":7470,""unit"":""AUD cents""},{""field"":""total"",""elset"":49500,""quickbooks"":82170,""unit"":""AUD cents""},{""field"":""paid_vs_inferred_paid"",""elset"":49500,""quickbooks"":82170,""unit"":""AUD cents""},{""field"":""unit_price"",""position"":1,""elset"":450000000,""quickbooks"":497000000,""unit"":""AUD millionths""},{""field"":""line_amount"",""position"":1,""elset"":45000,""quickbooks"":49700,""unit"":""AUD cents""},{""field"":""unit_price"",""position"":2,""elset"":null,""quickbooks"":250000000,""unit"":""AUD millionths""},{""field"":""line_amount"",""position"":2,""elset"":null,""quickbooks"":25000,""unit"":""AUD cents""}]","[{""position"":1,""qbPosition"":1,""lineAlignment"":""POSITION_REQUIRES_REVIEW"",""elsetLineId"":""servicem8-material-019f8787-a538-7eaa-947c-13566277570d"",""priceListItemId"":"""",""elsetDescription"":""Repair and service"",""qbDescription"":""Control board ID200"",""expectedItem"":{""id"":""123"",""name"":""ELSET Services"",""incomeAccountId"":""9"",""status"":""FALLBACK"",""reason"":""Saved line has no priceListItemId; the new model uses the configured fallback."",""comparisonKnown"":true,""accountEligibility"":""NOT_REVALIDATED_ARCHIVE_HAS_NO_ACCOUNT_ENTITY""},""qbItemId"":""108"",""qbItemName"":""ID200"",""qbIncomeAccountId"":""16"",""qbIncomeAccountName"":""Billable Expense Income ( 16 )"",""elsetQuantityMicros"":1000000,""qbQuantityMicros"":1000000,""elsetUnitPriceMicros"":450000000,""qbUnitPriceMicros"":497000000,""elsetLineAmountCents"":45000,""qbLineAmountCents"":49700,""DESCRIPTION_DIFF"":true,""DESCRIPTION_FORMAT_ONLY"":false,""DESCRIPTION_CONTENT_DIFF"":true,""PRODUCT_SERVICE_DIFF"":true,""PRODUCT_SERVICE_COMPARISON_UNKNOWN"":false,""INCOME_ACCOUNT_DIFF"":true,""QTY_DIFF"":false,""UNIT_PRICE_DIFF"":true,""LINE_AMOUNT_DIFF"":true},{""position"":2,""qbPosition"":2,""lineAlignment"":""POSITION_REQUIRES_REVIEW"",""elsetLineId"":"""",""priceListItemId"":"""",""elsetDescription"":null,""qbDescription"":""Service Call out ."",""expectedItem"":null,""qbItemId"":""8"",""qbItemName"":""SCO-001"",""qbIncomeAccountId"":""16"",""qbIncomeAccountName"":""Billable Expense Income ( 16 )"",""elsetQuantityMicros"":null,""qbQuantityMicros"":1000000,""elsetUnitPriceMicros"":null,""qbUnitPriceMicros"":250000000,""elsetLineAmountCents"":null,""qbLineAmountCents"":25000,""DESCRIPTION_DIFF"":true,""DESCRIPTION_FORMAT_ONLY"":false,""DESCRIPTION_CONTENT_DIFF"":true,""PRODUCT_SERVICE_DIFF"":false,""PRODUCT_SERVICE_COMPARISON_UNKNOWN"":true,""INCOME_ACCOUNT_DIFF"":false,""QTY_DIFF"":true,""UNIT_PRICE_DIFF"":true,""LINE_AMOUNT_DIFF"":true}]","true","true","true","true","true","true","true","true","true","true","true","true","false","false","false","true","false","false","true","false","false","true","true","[""NUMBER_VARIANT_ONLY""]","CLEAR_CANONICAL_CANDIDATE","285","Unique full business-content match with no competing mapped or exact-content ELSET owner. Other shared reference claims lack full content equality. Diagnostic recommendation only; reference differences and paid history still require review before linking."
"INV-0222","servicem8-job-019f8cb6-6866-7eaa-947c-d041956a7fbd:invoice","Eddy Chang","2026-07-23","80000","8000","88000","88000","0","","248","220","Eddy Chang","71","2026-07-23","80000","8000","88000","0","88000","[""Payment""]","[{""type"":""Payment"",""id"":""264"",""via"":""payment allocation""}]","[{""id"":""264"",""date"":""2026-07-24"",""customerId"":""71"",""totalCents"":88000,""unappliedCents"":0,""allocations"":[{""amountCents"":88000,""links"":[{""TxnId"":""248"",""TxnType"":""Invoice""}]}],""metadata"":{""CreateTime"":""2026-08-06T17:30:49-07:00"",""LastUpdatedTime"":""2026-08-06T17:30:49-07:00""}}]","2026-07-23T02:44:15-07:00","2026-08-06T17:32:52-07:00","[]","[{""invoiceNumber"":""INV-0220"",""mapped"":false,""evidence"":[""NUMBER_VARIANT_ONLY""],""businessContentMatch"":false}]","{""CUSTOMER_MATCH"":true,""DATE_MATCH"":true,""DOC_NUMBER_MATCH"":false,""LINE_COUNT_MATCH"":true,""PRODUCT_SERVICE_MATCH"":false,""DESCRIPTION_MATCH"":true,""QTY_MATCH"":true,""UNIT_PRICE_MATCH"":true,""LINE_AMOUNT_MATCH"":true,""SUBTOTAL_MATCH"":true,""GST_MATCH"":true,""TOTAL_MATCH"":true,""BALANCE_MATCH"":true,""PAYMENT_STATE_MATCH"":true}","[]","[{""position"":1,""qbPosition"":1,""lineAlignment"":""EXACT_CONTENT_BIJECTION"",""elsetLineId"":""servicem8-material-019f8cb6-6871-7eaa-947d-dbb08edc83dd"",""priceListItemId"":"""",""elsetDescription"":""Remote control receiver"",""qbDescription"":""Remote control receiver"",""expectedItem"":{""id"":""123"",""name"":""ELSET Services"",""incomeAccountId"":""9"",""status"":""FALLBACK"",""reason"":""Saved line has no priceListItemId; the new model uses the configured fallback."",""comparisonKnown"":true,""accountEligibility"":""NOT_REVALIDATED_ARCHIVE_HAS_NO_ACCOUNT_ENTITY""},""qbItemId"":""7"",""qbItemName"":""REC-001"",""qbIncomeAccountId"":""16"",""qbIncomeAccountName"":""Billable Expense Income ( 16 )"",""elsetQuantityMicros"":2000000,""qbQuantityMicros"":2000000,""elsetUnitPriceMicros"":155000000,""qbUnitPriceMicros"":155000000,""elsetLineAmountCents"":31000,""qbLineAmountCents"":31000,""DESCRIPTION_DIFF"":false,""DESCRIPTION_FORMAT_ONLY"":false,""DESCRIPTION_CONTENT_DIFF"":false,""PRODUCT_SERVICE_DIFF"":true,""PRODUCT_SERVICE_COMPARISON_UNKNOWN"":false,""INCOME_ACCOUNT_DIFF"":true,""QTY_DIFF"":false,""UNIT_PRICE_DIFF"":false,""LINE_AMOUNT_DIFF"":false},{""position"":2,""qbPosition"":2,""lineAlignment"":""EXACT_CONTENT_BIJECTION"",""elsetLineId"":""servicem8-material-019f8cbc-6204-7eaa-947d-a665de1fe6fd"",""priceListItemId"":"""",""elsetDescription"":""Supply and installation of digital keypad"",""qbDescription"":""Supply and installation of digital keypad"",""expectedItem"":{""id"":""123"",""name"":""ELSET Services"",""incomeAccountId"":""9"",""status"":""FALLBACK"",""reason"":""Saved line has no priceListItemId; the new model uses the configured fallback."",""comparisonKnown"":true,""accountEligibility"":""NOT_REVALIDATED_ARCHIVE_HAS_NO_ACCOUNT_ENTITY""},""qbItemId"":""76"",""qbItemName"":""KEYPAD"",""qbIncomeAccountId"":""16"",""qbIncomeAccountName"":""Billable Expense Income ( 16 )"",""elsetQuantityMicros"":1000000,""qbQuantityMicros"":1000000,""elsetUnitPriceMicros"":350000000,""qbUnitPriceMicros"":350000000,""elsetLineAmountCents"":35000,""qbLineAmountCents"":35000,""DESCRIPTION_DIFF"":false,""DESCRIPTION_FORMAT_ONLY"":false,""DESCRIPTION_CONTENT_DIFF"":false,""PRODUCT_SERVICE_DIFF"":true,""PRODUCT_SERVICE_COMPARISON_UNKNOWN"":false,""INCOME_ACCOUNT_DIFF"":true,""QTY_DIFF"":false,""UNIT_PRICE_DIFF"":false,""LINE_AMOUNT_DIFF"":false},{""position"":3,""qbPosition"":3,""lineAlignment"":""EXACT_CONTENT_BIJECTION"",""elsetLineId"":""servicem8-material-019f8cbc-9a01-7eaa-947c-bb638b82d56d"",""priceListItemId"":"""",""elsetDescription"":""2 EXTRA Remote control"",""qbDescription"":""2 EXTRA Remote control"",""expectedItem"":{""id"":""123"",""name"":""ELSET Services"",""incomeAccountId"":""9"",""status"":""FALLBACK"",""reason"":""Saved line has no priceListItemId; the new model uses the configured fallback."",""comparisonKnown"":true,""accountEligibility"":""NOT_REVALIDATED_ARCHIVE_HAS_NO_ACCOUNT_ENTITY""},""qbItemId"":""4"",""qbItemName"":""RC-001"",""qbIncomeAccountId"":""16"",""qbIncomeAccountName"":""Billable Expense Income ( 16 )"",""elsetQuantityMicros"":2000000,""qbQuantityMicros"":2000000,""elsetUnitPriceMicros"":70000000,""qbUnitPriceMicros"":70000000,""elsetLineAmountCents"":14000,""qbLineAmountCents"":14000,""DESCRIPTION_DIFF"":false,""DESCRIPTION_FORMAT_ONLY"":false,""DESCRIPTION_CONTENT_DIFF"":false,""PRODUCT_SERVICE_DIFF"":true,""PRODUCT_SERVICE_COMPARISON_UNKNOWN"":false,""INCOME_ACCOUNT_DIFF"":true,""QTY_DIFF"":false,""UNIT_PRICE_DIFF"":false,""LINE_AMOUNT_DIFF"":false}]","false","false","true","false","true","false","false","false","false","false","false","false","false","false","false","false","true","false","false","true","false","false","true","[""EXACT_CUSTOMER_DATE_LINES_TOTALS"",""SAME_CUSTOMER_DATE_TOTAL_DESCRIPTIONS""]","CLEAR_CANONICAL_CANDIDATE","248","Unique full business-content match with no competing mapped or exact-content ELSET owner. Other shared reference claims lack full content equality. Diagnostic recommendation only; reference differences and paid history still require review before linking."
"INV-0222","servicem8-job-019f8cb6-6866-7eaa-947c-d041956a7fbd:invoice","Eddy Chang","2026-07-23","80000","8000","88000","88000","0","","249","222","Dream Napasrisoingoen","72","2026-07-28","97000","9700","106700","0","106700","[""Payment""]","[{""type"":""Payment"",""id"":""262"",""via"":""payment allocation""}]","[{""id"":""262"",""date"":""2026-07-29"",""customerId"":""72"",""totalCents"":106700,""unappliedCents"":0,""allocations"":[{""amountCents"":106700,""links"":[{""TxnId"":""249"",""TxnType"":""Invoice""}]}],""metadata"":{""CreateTime"":""2026-08-06T17:30:49-07:00"",""LastUpdatedTime"":""2026-08-06T17:30:49-07:00""}}]","2026-07-27T21:36:22-07:00","2026-08-06T17:32:53-07:00","[]","[{""invoiceNumber"":""INV-0224"",""mapped"":false,""evidence"":[""EXACT_CUSTOMER_DATE_LINES_TOTALS"",""SAME_CUSTOMER_DATE_TOTAL_DESCRIPTIONS""],""businessContentMatch"":true}]","{""CUSTOMER_MATCH"":false,""DATE_MATCH"":false,""DOC_NUMBER_MATCH"":false,""LINE_COUNT_MATCH"":false,""PRODUCT_SERVICE_MATCH"":null,""DESCRIPTION_MATCH"":false,""QTY_MATCH"":false,""UNIT_PRICE_MATCH"":false,""LINE_AMOUNT_MATCH"":false,""SUBTOTAL_MATCH"":false,""GST_MATCH"":false,""TOTAL_MATCH"":false,""BALANCE_MATCH"":true,""PAYMENT_STATE_MATCH"":true}","[{""field"":""subtotal"",""elset"":80000,""quickbooks"":97000,""unit"":""AUD cents""},{""field"":""gst"",""elset"":8000,""quickbooks"":9700,""unit"":""AUD cents""},{""field"":""total"",""elset"":88000,""quickbooks"":106700,""unit"":""AUD cents""},{""field"":""paid_vs_inferred_paid"",""elset"":88000,""quickbooks"":106700,""unit"":""AUD cents""},{""field"":""unit_price"",""position"":1,""elset"":155000000,""quickbooks"":450000000,""unit"":""AUD millionths""},{""field"":""line_amount"",""position"":1,""elset"":31000,""quickbooks"":45000,""unit"":""AUD cents""},{""field"":""unit_price"",""position"":2,""elset"":350000000,""quickbooks"":520000000,""unit"":""AUD millionths""},{""field"":""line_amount"",""position"":2,""elset"":35000,""quickbooks"":52000,""unit"":""AUD cents""},{""field"":""unit_price"",""position"":3,""elset"":70000000,""quickbooks"":null,""unit"":""AUD millionths""},{""field"":""line_amount"",""position"":3,""elset"":14000,""quickbooks"":null,""unit"":""AUD cents""}]","[{""position"":1,""qbPosition"":1,""lineAlignment"":""POSITION_REQUIRES_REVIEW"",""elsetLineId"":""servicem8-material-019f8cb6-6871-7eaa-947d-dbb08edc83dd"",""priceListItemId"":"""",""elsetDescription"":""Remote control receiver"",""qbDescription"":""Service Call out ."",""expectedItem"":{""id"":""123"",""name"":""ELSET Services"",""incomeAccountId"":""9"",""status"":""FALLBACK"",""reason"":""Saved line has no priceListItemId; the new model uses the configured fallback."",""comparisonKnown"":true,""accountEligibility"":""NOT_REVALIDATED_ARCHIVE_HAS_NO_ACCOUNT_ENTITY""},""qbItemId"":""8"",""qbItemName"":""SCO-001"",""qbIncomeAccountId"":""16"",""qbIncomeAccountName"":""Billable Expense Income ( 16 )"",""elsetQuantityMicros"":2000000,""qbQuantityMicros"":1000000,""elsetUnitPriceMicros"":155000000,""qbUnitPriceMicros"":450000000,""elsetLineAmountCents"":31000,""qbLineAmountCents"":45000,""DESCRIPTION_DIFF"":true,""DESCRIPTION_FORMAT_ONLY"":false,""DESCRIPTION_CONTENT_DIFF"":true,""PRODUCT_SERVICE_DIFF"":true,""PRODUCT_SERVICE_COMPARISON_UNKNOWN"":false,""INCOME_ACCOUNT_DIFF"":true,""QTY_DIFF"":true,""UNIT_PRICE_DIFF"":true,""LINE_AMOUNT_DIFF"":true},{""position"":2,""qbPosition"":2,""lineAlignment"":""POSITION_REQUIRES_REVIEW"",""elsetLineId"":""servicem8-material-019f8cbc-6204-7eaa-947d-a665de1fe6fd"",""priceListItemId"":"""",""elsetDescription"":""Supply and installation of digital keypad"",""qbDescription"":""Supply and install ATA control board"",""expectedItem"":{""id"":""123"",""name"":""ELSET Services"",""incomeAccountId"":""9"",""status"":""FALLBACK"",""reason"":""Saved line has no priceListItemId; the new model uses the configured fallback."",""comparisonKnown"":true,""accountEligibility"":""NOT_REVALIDATED_ARCHIVE_HAS_NO_ACCOUNT_ENTITY""},""qbItemId"":""99"",""qbItemName"":""ATA BOARD"",""qbIncomeAccountId"":""16"",""qbIncomeAccountName"":""Billable Expense Income ( 16 )"",""elsetQuantityMicros"":1000000,""qbQuantityMicros"":1000000,""elsetUnitPriceMicros"":350000000,""qbUnitPriceMicros"":520000000,""elsetLineAmountCents"":35000,""qbLineAmountCents"":52000,""DESCRIPTION_DIFF"":true,""DESCRIPTION_FORMAT_ONLY"":false,""DESCRIPTION_CONTENT_DIFF"":true,""PRODUCT_SERVICE_DIFF"":true,""PRODUCT_SERVICE_COMPARISON_UNKNOWN"":false,""INCOME_ACCOUNT_DIFF"":true,""QTY_DIFF"":false,""UNIT_PRICE_DIFF"":true,""LINE_AMOUNT_DIFF"":true},{""position"":3,""qbPosition"":3,""lineAlignment"":""POSITION_REQUIRES_REVIEW"",""elsetLineId"":""servicem8-material-019f8cbc-9a01-7eaa-947c-bb638b82d56d"",""priceListItemId"":"""",""elsetDescription"":""2 EXTRA Remote control"",""qbDescription"":null,""expectedItem"":{""id"":""123"",""name"":""ELSET Services"",""incomeAccountId"":""9"",""status"":""FALLBACK"",""reason"":""Saved line has no priceListItemId; the new model uses the configured fallback."",""comparisonKnown"":true,""accountEligibility"":""NOT_REVALIDATED_ARCHIVE_HAS_NO_ACCOUNT_ENTITY""},""qbItemId"":"""",""qbItemName"":"""",""qbIncomeAccountId"":"""",""qbIncomeAccountName"":"""",""elsetQuantityMicros"":2000000,""qbQuantityMicros"":null,""elsetUnitPriceMicros"":70000000,""qbUnitPriceMicros"":null,""elsetLineAmountCents"":14000,""qbLineAmountCents"":null,""DESCRIPTION_DIFF"":true,""DESCRIPTION_FORMAT_ONLY"":false,""DESCRIPTION_CONTENT_DIFF"":true,""PRODUCT_SERVICE_DIFF"":false,""PRODUCT_SERVICE_COMPARISON_UNKNOWN"":true,""INCOME_ACCOUNT_DIFF"":false,""QTY_DIFF"":true,""UNIT_PRICE_DIFF"":true,""LINE_AMOUNT_DIFF"":true}]","true","true","true","true","true","true","true","true","true","true","true","true","false","false","false","true","false","false","true","false","false","true","true","[""NUMBER_VARIANT_ONLY""]","CLEAR_CANONICAL_CANDIDATE","248","Unique full business-content match with no competing mapped or exact-content ELSET owner. Other shared reference claims lack full content equality. Diagnostic recommendation only; reference differences and paid history still require review before linking."
"INV-0224","servicem8-job-019fa6fe-75ea-7eaa-947c-cd445028051d:invoice","Dream Napasrisoingoen","2026-07-28","97000","9700","106700","106700","0","","249","222","Dream Napasrisoingoen","72","2026-07-28","97000","9700","106700","0","106700","[""Payment""]","[{""type"":""Payment"",""id"":""262"",""via"":""payment allocation""}]","[{""id"":""262"",""date"":""2026-07-29"",""customerId"":""72"",""totalCents"":106700,""unappliedCents"":0,""allocations"":[{""amountCents"":106700,""links"":[{""TxnId"":""249"",""TxnType"":""Invoice""}]}],""metadata"":{""CreateTime"":""2026-08-06T17:30:49-07:00"",""LastUpdatedTime"":""2026-08-06T17:30:49-07:00""}}]","2026-07-27T21:36:22-07:00","2026-08-06T17:32:53-07:00","[]","[{""invoiceNumber"":""INV-0222"",""mapped"":false,""evidence"":[""NUMBER_VARIANT_ONLY""],""businessContentMatch"":false}]","{""CUSTOMER_MATCH"":true,""DATE_MATCH"":true,""DOC_NUMBER_MATCH"":false,""LINE_COUNT_MATCH"":true,""PRODUCT_SERVICE_MATCH"":false,""DESCRIPTION_MATCH"":true,""QTY_MATCH"":true,""UNIT_PRICE_MATCH"":true,""LINE_AMOUNT_MATCH"":true,""SUBTOTAL_MATCH"":true,""GST_MATCH"":true,""TOTAL_MATCH"":true,""BALANCE_MATCH"":true,""PAYMENT_STATE_MATCH"":true}","[]","[{""position"":1,""qbPosition"":1,""lineAlignment"":""EXACT_CONTENT_BIJECTION"",""elsetLineId"":""servicem8-material-019fa6fe-75f8-7eaa-947d-ed755ce779fd"",""priceListItemId"":"""",""elsetDescription"":""Service Call out ."",""qbDescription"":""Service Call out ."",""expectedItem"":{""id"":""123"",""name"":""ELSET Services"",""incomeAccountId"":""9"",""status"":""FALLBACK"",""reason"":""Saved line has no priceListItemId; the new model uses the configured fallback."",""comparisonKnown"":true,""accountEligibility"":""NOT_REVALIDATED_ARCHIVE_HAS_NO_ACCOUNT_ENTITY""},""qbItemId"":""8"",""qbItemName"":""SCO-001"",""qbIncomeAccountId"":""16"",""qbIncomeAccountName"":""Billable Expense Income ( 16 )"",""elsetQuantityMicros"":1000000,""qbQuantityMicros"":1000000,""elsetUnitPriceMicros"":450000000,""qbUnitPriceMicros"":450000000,""elsetLineAmountCents"":45000,""qbLineAmountCents"":45000,""DESCRIPTION_DIFF"":false,""DESCRIPTION_FORMAT_ONLY"":false,""DESCRIPTION_CONTENT_DIFF"":false,""PRODUCT_SERVICE_DIFF"":true,""PRODUCT_SERVICE_COMPARISON_UNKNOWN"":false,""INCOME_ACCOUNT_DIFF"":true,""QTY_DIFF"":false,""UNIT_PRICE_DIFF"":false,""LINE_AMOUNT_DIFF"":false},{""position"":2,""qbPosition"":2,""lineAlignment"":""EXACT_CONTENT_BIJECTION"",""elsetLineId"":""servicem8-material-019fa700-dfc1-7eaa-947d-b8a94a5bfa9d"",""priceListItemId"":"""",""elsetDescription"":""Supply and install ATA control board"",""qbDescription"":""Supply and install ATA control board"",""expectedItem"":{""id"":""123"",""name"":""ELSET Services"",""incomeAccountId"":""9"",""status"":""FALLBACK"",""reason"":""Saved line has no priceListItemId; the new model uses the configured fallback."",""comparisonKnown"":true,""accountEligibility"":""NOT_REVALIDATED_ARCHIVE_HAS_NO_ACCOUNT_ENTITY""},""qbItemId"":""99"",""qbItemName"":""ATA BOARD"",""qbIncomeAccountId"":""16"",""qbIncomeAccountName"":""Billable Expense Income ( 16 )"",""elsetQuantityMicros"":1000000,""qbQuantityMicros"":1000000,""elsetUnitPriceMicros"":520000000,""qbUnitPriceMicros"":520000000,""elsetLineAmountCents"":52000,""qbLineAmountCents"":52000,""DESCRIPTION_DIFF"":false,""DESCRIPTION_FORMAT_ONLY"":false,""DESCRIPTION_CONTENT_DIFF"":false,""PRODUCT_SERVICE_DIFF"":true,""PRODUCT_SERVICE_COMPARISON_UNKNOWN"":false,""INCOME_ACCOUNT_DIFF"":true,""QTY_DIFF"":false,""UNIT_PRICE_DIFF"":false,""LINE_AMOUNT_DIFF"":false}]","false","false","true","false","true","false","false","false","false","false","false","false","false","false","false","false","true","false","false","true","false","false","true","[""EXACT_CUSTOMER_DATE_LINES_TOTALS"",""SAME_CUSTOMER_DATE_TOTAL_DESCRIPTIONS""]","CLEAR_CANONICAL_CANDIDATE","249","Unique full business-content match with no competing mapped or exact-content ELSET owner. Other shared reference claims lack full content equality. Diagnostic recommendation only; reference differences and paid history still require review before linking."
"INV-0224","servicem8-job-019fa6fe-75ea-7eaa-947c-cd445028051d:invoice","Dream Napasrisoingoen","2026-07-28","97000","9700","106700","106700","0","","250","224","Jason Kisielis","28","2026-08-04","25000","2500","27500","0","27500","[""Payment""]","[{""type"":""Payment"",""id"":""261"",""via"":""payment allocation""}]","[{""id"":""261"",""date"":""2026-08-03"",""customerId"":""28"",""totalCents"":27500,""unappliedCents"":0,""allocations"":[{""amountCents"":27500,""links"":[{""TxnId"":""250"",""TxnType"":""Invoice""}]}],""metadata"":{""CreateTime"":""2026-08-06T17:30:48-07:00"",""LastUpdatedTime"":""2026-08-06T17:30:48-07:00""}}]","2026-08-03T16:32:27-07:00","2026-08-06T17:32:33-07:00","[]","[{""invoiceNumber"":""INV-0225"",""mapped"":false,""evidence"":[""EXACT_CUSTOMER_DATE_LINES_TOTALS"",""SAME_CUSTOMER_DATE_TOTAL_DESCRIPTIONS""],""businessContentMatch"":true}]","{""CUSTOMER_MATCH"":false,""DATE_MATCH"":false,""DOC_NUMBER_MATCH"":false,""LINE_COUNT_MATCH"":false,""PRODUCT_SERVICE_MATCH"":null,""DESCRIPTION_MATCH"":false,""QTY_MATCH"":false,""UNIT_PRICE_MATCH"":false,""LINE_AMOUNT_MATCH"":false,""SUBTOTAL_MATCH"":false,""GST_MATCH"":false,""TOTAL_MATCH"":false,""BALANCE_MATCH"":true,""PAYMENT_STATE_MATCH"":true}","[{""field"":""subtotal"",""elset"":97000,""quickbooks"":25000,""unit"":""AUD cents""},{""field"":""gst"",""elset"":9700,""quickbooks"":2500,""unit"":""AUD cents""},{""field"":""total"",""elset"":106700,""quickbooks"":27500,""unit"":""AUD cents""},{""field"":""paid_vs_inferred_paid"",""elset"":106700,""quickbooks"":27500,""unit"":""AUD cents""},{""field"":""unit_price"",""position"":1,""elset"":450000000,""quickbooks"":250000000,""unit"":""AUD millionths""},{""field"":""line_amount"",""position"":1,""elset"":45000,""quickbooks"":25000,""unit"":""AUD cents""},{""field"":""unit_price"",""position"":2,""elset"":520000000,""quickbooks"":null,""unit"":""AUD millionths""},{""field"":""line_amount"",""position"":2,""elset"":52000,""quickbooks"":null,""unit"":""AUD cents""}]","[{""position"":1,""qbPosition"":1,""lineAlignment"":""POSITION_REQUIRES_REVIEW"",""elsetLineId"":""servicem8-material-019fa6fe-75f8-7eaa-947d-ed755ce779fd"",""priceListItemId"":"""",""elsetDescription"":""Service Call out ."",""qbDescription"":""WIFI module"",""expectedItem"":{""id"":""123"",""name"":""ELSET Services"",""incomeAccountId"":""9"",""status"":""FALLBACK"",""reason"":""Saved line has no priceListItemId; the new model uses the configured fallback."",""comparisonKnown"":true,""accountEligibility"":""NOT_REVALIDATED_ARCHIVE_HAS_NO_ACCOUNT_ENTITY""},""qbItemId"":""100"",""qbItemName"":""WIFI MOD"",""qbIncomeAccountId"":""16"",""qbIncomeAccountName"":""Billable Expense Income ( 16 )"",""elsetQuantityMicros"":1000000,""qbQuantityMicros"":1000000,""elsetUnitPriceMicros"":450000000,""qbUnitPriceMicros"":250000000,""elsetLineAmountCents"":45000,""qbLineAmountCents"":25000,""DESCRIPTION_DIFF"":true,""DESCRIPTION_FORMAT_ONLY"":false,""DESCRIPTION_CONTENT_DIFF"":true,""PRODUCT_SERVICE_DIFF"":true,""PRODUCT_SERVICE_COMPARISON_UNKNOWN"":false,""INCOME_ACCOUNT_DIFF"":true,""QTY_DIFF"":false,""UNIT_PRICE_DIFF"":true,""LINE_AMOUNT_DIFF"":true},{""position"":2,""qbPosition"":2,""lineAlignment"":""POSITION_REQUIRES_REVIEW"",""elsetLineId"":""servicem8-material-019fa700-dfc1-7eaa-947d-b8a94a5bfa9d"",""priceListItemId"":"""",""elsetDescription"":""Supply and install ATA control board"",""qbDescription"":null,""expectedItem"":{""id"":""123"",""name"":""ELSET Services"",""incomeAccountId"":""9"",""status"":""FALLBACK"",""reason"":""Saved line has no priceListItemId; the new model uses the configured fallback."",""comparisonKnown"":true,""accountEligibility"":""NOT_REVALIDATED_ARCHIVE_HAS_NO_ACCOUNT_ENTITY""},""qbItemId"":"""",""qbItemName"":"""",""qbIncomeAccountId"":"""",""qbIncomeAccountName"":"""",""elsetQuantityMicros"":1000000,""qbQuantityMicros"":null,""elsetUnitPriceMicros"":520000000,""qbUnitPriceMicros"":null,""elsetLineAmountCents"":52000,""qbLineAmountCents"":null,""DESCRIPTION_DIFF"":true,""DESCRIPTION_FORMAT_ONLY"":false,""DESCRIPTION_CONTENT_DIFF"":true,""PRODUCT_SERVICE_DIFF"":false,""PRODUCT_SERVICE_COMPARISON_UNKNOWN"":true,""INCOME_ACCOUNT_DIFF"":false,""QTY_DIFF"":true,""UNIT_PRICE_DIFF"":true,""LINE_AMOUNT_DIFF"":true}]","true","true","true","true","true","true","true","true","true","true","true","true","false","false","false","true","false","false","true","false","false","true","true","[""NUMBER_VARIANT_ONLY""]","CLEAR_CANONICAL_CANDIDATE","249","Unique full business-content match with no competing mapped or exact-content ELSET owner. Other shared reference claims lack full content equality. Diagnostic recommendation only; reference differences and paid history still require review before linking."
"INV-0223","servicem8-job-019fa6ef-3492-7eaa-947d-471ec516c3ed:invoice","Vera Mascaro","2026-08-04","74700","7470","82170","82170","0","","312","221","Vera Mascaro","87","2026-08-04","74700","7470","82170","0","82170","[""Payment""]","[{""type"":""Payment"",""id"":""322"",""via"":""payment allocation""}]","[{""id"":""322"",""date"":""2026-08-04"",""customerId"":""87"",""totalCents"":82170,""unappliedCents"":0,""allocations"":[{""amountCents"":82170,""links"":[{""TxnId"":""312"",""TxnType"":""Invoice""}]}],""metadata"":{""CreateTime"":""2026-08-11T16:48:07-07:00"",""LastUpdatedTime"":""2026-08-11T16:48:07-07:00""}}]","2026-08-11T16:29:47-07:00","2026-08-11T16:50:07-07:00","[]","[{""invoiceNumber"":""INV-0221"",""mapped"":false,""evidence"":[""NUMBER_VARIANT_ONLY""],""businessContentMatch"":false}]","{""CUSTOMER_MATCH"":true,""DATE_MATCH"":true,""DOC_NUMBER_MATCH"":false,""LINE_COUNT_MATCH"":true,""PRODUCT_SERVICE_MATCH"":false,""DESCRIPTION_MATCH"":true,""QTY_MATCH"":true,""UNIT_PRICE_MATCH"":true,""LINE_AMOUNT_MATCH"":true,""SUBTOTAL_MATCH"":true,""GST_MATCH"":true,""TOTAL_MATCH"":true,""BALANCE_MATCH"":true,""PAYMENT_STATE_MATCH"":true}","[]","[{""position"":1,""qbPosition"":1,""lineAlignment"":""EXACT_CONTENT_BIJECTION"",""elsetLineId"":""servicem8-material-019fa6ef-34a2-7eaa-947d-9d2899b78d5d"",""priceListItemId"":"""",""elsetDescription"":""Control board ID200"",""qbDescription"":""Control board ID200"",""expectedItem"":{""id"":""123"",""name"":""ELSET Services"",""incomeAccountId"":""9"",""status"":""FALLBACK"",""reason"":""Saved line has no priceListItemId; the new model uses the configured fallback."",""comparisonKnown"":true,""accountEligibility"":""NOT_REVALIDATED_ARCHIVE_HAS_NO_ACCOUNT_ENTITY""},""qbItemId"":""108"",""qbItemName"":""ID200"",""qbIncomeAccountId"":""16"",""qbIncomeAccountName"":""Billable Expense Income ( 16 )"",""elsetQuantityMicros"":1000000,""qbQuantityMicros"":1000000,""elsetUnitPriceMicros"":497000000,""qbUnitPriceMicros"":497000000,""elsetLineAmountCents"":49700,""qbLineAmountCents"":49700,""DESCRIPTION_DIFF"":false,""DESCRIPTION_FORMAT_ONLY"":false,""DESCRIPTION_CONTENT_DIFF"":false,""PRODUCT_SERVICE_DIFF"":true,""PRODUCT_SERVICE_COMPARISON_UNKNOWN"":false,""INCOME_ACCOUNT_DIFF"":true,""QTY_DIFF"":false,""UNIT_PRICE_DIFF"":false,""LINE_AMOUNT_DIFF"":false},{""position"":2,""qbPosition"":2,""lineAlignment"":""EXACT_CONTENT_BIJECTION"",""elsetLineId"":""servicem8-material-019fa6f1-e9dd-7eaa-947c-887dfdf005cd"",""priceListItemId"":"""",""elsetDescription"":""Service Call out ."",""qbDescription"":""Service Call out ."",""expectedItem"":{""id"":""123"",""name"":""ELSET Services"",""incomeAccountId"":""9"",""status"":""FALLBACK"",""reason"":""Saved line has no priceListItemId; the new model uses the configured fallback."",""comparisonKnown"":true,""accountEligibility"":""NOT_REVALIDATED_ARCHIVE_HAS_NO_ACCOUNT_ENTITY""},""qbItemId"":""8"",""qbItemName"":""SCO-001"",""qbIncomeAccountId"":""16"",""qbIncomeAccountName"":""Billable Expense Income ( 16 )"",""elsetQuantityMicros"":1000000,""qbQuantityMicros"":1000000,""elsetUnitPriceMicros"":250000000,""qbUnitPriceMicros"":250000000,""elsetLineAmountCents"":25000,""qbLineAmountCents"":25000,""DESCRIPTION_DIFF"":false,""DESCRIPTION_FORMAT_ONLY"":false,""DESCRIPTION_CONTENT_DIFF"":false,""PRODUCT_SERVICE_DIFF"":true,""PRODUCT_SERVICE_COMPARISON_UNKNOWN"":false,""INCOME_ACCOUNT_DIFF"":true,""QTY_DIFF"":false,""UNIT_PRICE_DIFF"":false,""LINE_AMOUNT_DIFF"":false}]","false","false","true","false","true","false","false","false","false","false","false","false","false","false","false","false","true","false","false","true","false","false","true","[""EXACT_CUSTOMER_DATE_LINES_TOTALS"",""SAME_CUSTOMER_DATE_TOTAL_DESCRIPTIONS""]","CLEAR_CANONICAL_CANDIDATE","312","Unique full business-content match with no competing mapped or exact-content ELSET owner. Other shared reference claims lack full content equality. Diagnostic recommendation only; reference differences and paid history still require review before linking."
"INV-0225","servicem8-job-019fc9f6-6810-7eaa-947d-f3289182bafd:invoice","Jason Kisielis","2026-08-04","25000","2500","27500","27500","0","","250","224","Jason Kisielis","28","2026-08-04","25000","2500","27500","0","27500","[""Payment""]","[{""type"":""Payment"",""id"":""261"",""via"":""payment allocation""}]","[{""id"":""261"",""date"":""2026-08-03"",""customerId"":""28"",""totalCents"":27500,""unappliedCents"":0,""allocations"":[{""amountCents"":27500,""links"":[{""TxnId"":""250"",""TxnType"":""Invoice""}]}],""metadata"":{""CreateTime"":""2026-08-06T17:30:48-07:00"",""LastUpdatedTime"":""2026-08-06T17:30:48-07:00""}}]","2026-08-03T16:32:27-07:00","2026-08-06T17:32:33-07:00","[]","[{""invoiceNumber"":""INV-0224"",""mapped"":false,""evidence"":[""NUMBER_VARIANT_ONLY""],""businessContentMatch"":false}]","{""CUSTOMER_MATCH"":true,""DATE_MATCH"":true,""DOC_NUMBER_MATCH"":false,""LINE_COUNT_MATCH"":true,""PRODUCT_SERVICE_MATCH"":false,""DESCRIPTION_MATCH"":true,""QTY_MATCH"":true,""UNIT_PRICE_MATCH"":true,""LINE_AMOUNT_MATCH"":true,""SUBTOTAL_MATCH"":true,""GST_MATCH"":true,""TOTAL_MATCH"":true,""BALANCE_MATCH"":true,""PAYMENT_STATE_MATCH"":true}","[]","[{""position"":1,""qbPosition"":1,""lineAlignment"":""EXACT_CONTENT_BIJECTION"",""elsetLineId"":""servicem8-material-019fc9f6-681e-7eaa-947d-70aab814e59d"",""priceListItemId"":"""",""elsetDescription"":""WIFI module"",""qbDescription"":""WIFI module"",""expectedItem"":{""id"":""123"",""name"":""ELSET Services"",""incomeAccountId"":""9"",""status"":""FALLBACK"",""reason"":""Saved line has no priceListItemId; the new model uses the configured fallback."",""comparisonKnown"":true,""accountEligibility"":""NOT_REVALIDATED_ARCHIVE_HAS_NO_ACCOUNT_ENTITY""},""qbItemId"":""100"",""qbItemName"":""WIFI MOD"",""qbIncomeAccountId"":""16"",""qbIncomeAccountName"":""Billable Expense Income ( 16 )"",""elsetQuantityMicros"":1000000,""qbQuantityMicros"":1000000,""elsetUnitPriceMicros"":250000000,""qbUnitPriceMicros"":250000000,""elsetLineAmountCents"":25000,""qbLineAmountCents"":25000,""DESCRIPTION_DIFF"":false,""DESCRIPTION_FORMAT_ONLY"":false,""DESCRIPTION_CONTENT_DIFF"":false,""PRODUCT_SERVICE_DIFF"":true,""PRODUCT_SERVICE_COMPARISON_UNKNOWN"":false,""INCOME_ACCOUNT_DIFF"":true,""QTY_DIFF"":false,""UNIT_PRICE_DIFF"":false,""LINE_AMOUNT_DIFF"":false}]","false","false","true","false","true","false","false","false","false","false","false","false","false","false","false","false","true","false","false","true","false","false","true","[""EXACT_CUSTOMER_DATE_LINES_TOTALS"",""SAME_CUSTOMER_DATE_TOTAL_DESCRIPTIONS""]","CLEAR_CANONICAL_CANDIDATE","250","Unique full business-content match with no competing mapped or exact-content ELSET owner. Other shared reference claims lack full content equality. Diagnostic recommendation only; reference differences and paid history still require review before linking."
"INV-0225","servicem8-job-019fc9f6-6810-7eaa-947d-f3289182bafd:invoice","Jason Kisielis","2026-08-04","25000","2500","27500","27500","0","","251","225","Great Ocean Road RV","63","2026-08-04","44000","4400","48400","0","48400","[""Payment""]","[{""type"":""Payment"",""id"":""260"",""via"":""payment allocation""}]","[{""id"":""260"",""date"":""2026-08-04"",""customerId"":""63"",""totalCents"":48400,""unappliedCents"":0,""allocations"":[{""amountCents"":48400,""links"":[{""TxnId"":""251"",""TxnType"":""Invoice""}]}],""metadata"":{""CreateTime"":""2026-08-06T17:30:48-07:00"",""LastUpdatedTime"":""2026-08-06T17:30:48-07:00""}}]","2026-08-03T16:33:55-07:00","2026-08-06T17:32:33-07:00","[]","[{""invoiceNumber"":""INV-0226"",""mapped"":false,""evidence"":[""EXACT_CUSTOMER_DATE_LINES_TOTALS"",""SAME_CUSTOMER_DATE_TOTAL_DESCRIPTIONS""],""businessContentMatch"":true}]","{""CUSTOMER_MATCH"":false,""DATE_MATCH"":true,""DOC_NUMBER_MATCH"":false,""LINE_COUNT_MATCH"":false,""PRODUCT_SERVICE_MATCH"":null,""DESCRIPTION_MATCH"":false,""QTY_MATCH"":false,""UNIT_PRICE_MATCH"":false,""LINE_AMOUNT_MATCH"":false,""SUBTOTAL_MATCH"":false,""GST_MATCH"":false,""TOTAL_MATCH"":false,""BALANCE_MATCH"":true,""PAYMENT_STATE_MATCH"":true}","[{""field"":""subtotal"",""elset"":25000,""quickbooks"":44000,""unit"":""AUD cents""},{""field"":""gst"",""elset"":2500,""quickbooks"":4400,""unit"":""AUD cents""},{""field"":""total"",""elset"":27500,""quickbooks"":48400,""unit"":""AUD cents""},{""field"":""paid_vs_inferred_paid"",""elset"":27500,""quickbooks"":48400,""unit"":""AUD cents""},{""field"":""unit_price"",""position"":1,""elset"":250000000,""quickbooks"":300000000,""unit"":""AUD millionths""},{""field"":""line_amount"",""position"":1,""elset"":25000,""quickbooks"":30000,""unit"":""AUD cents""},{""field"":""unit_price"",""position"":2,""elset"":null,""quickbooks"":70000000,""unit"":""AUD millionths""},{""field"":""line_amount"",""position"":2,""elset"":null,""quickbooks"":14000,""unit"":""AUD cents""}]","[{""position"":1,""qbPosition"":1,""lineAlignment"":""POSITION_REQUIRES_REVIEW"",""elsetLineId"":""servicem8-material-019fc9f6-681e-7eaa-947d-70aab814e59d"",""priceListItemId"":"""",""elsetDescription"":""WIFI module"",""qbDescription"":""Service Call out ."",""expectedItem"":{""id"":""123"",""name"":""ELSET Services"",""incomeAccountId"":""9"",""status"":""FALLBACK"",""reason"":""Saved line has no priceListItemId; the new model uses the configured fallback."",""comparisonKnown"":true,""accountEligibility"":""NOT_REVALIDATED_ARCHIVE_HAS_NO_ACCOUNT_ENTITY""},""qbItemId"":""8"",""qbItemName"":""SCO-001"",""qbIncomeAccountId"":""16"",""qbIncomeAccountName"":""Billable Expense Income ( 16 )"",""elsetQuantityMicros"":1000000,""qbQuantityMicros"":1000000,""elsetUnitPriceMicros"":250000000,""qbUnitPriceMicros"":300000000,""elsetLineAmountCents"":25000,""qbLineAmountCents"":30000,""DESCRIPTION_DIFF"":true,""DESCRIPTION_FORMAT_ONLY"":false,""DESCRIPTION_CONTENT_DIFF"":true,""PRODUCT_SERVICE_DIFF"":true,""PRODUCT_SERVICE_COMPARISON_UNKNOWN"":false,""INCOME_ACCOUNT_DIFF"":true,""QTY_DIFF"":false,""UNIT_PRICE_DIFF"":true,""LINE_AMOUNT_DIFF"":true},{""position"":2,""qbPosition"":2,""lineAlignment"":""POSITION_REQUIRES_REVIEW"",""elsetLineId"":"""",""priceListItemId"":"""",""elsetDescription"":null,""qbDescription"":""Remote control"",""expectedItem"":null,""qbItemId"":""4"",""qbItemName"":""RC-001"",""qbIncomeAccountId"":""16"",""qbIncomeAccountName"":""Billable Expense Income ( 16 )"",""elsetQuantityMicros"":null,""qbQuantityMicros"":2000000,""elsetUnitPriceMicros"":null,""qbUnitPriceMicros"":70000000,""elsetLineAmountCents"":null,""qbLineAmountCents"":14000,""DESCRIPTION_DIFF"":true,""DESCRIPTION_FORMAT_ONLY"":false,""DESCRIPTION_CONTENT_DIFF"":true,""PRODUCT_SERVICE_DIFF"":false,""PRODUCT_SERVICE_COMPARISON_UNKNOWN"":true,""INCOME_ACCOUNT_DIFF"":false,""QTY_DIFF"":true,""UNIT_PRICE_DIFF"":true,""LINE_AMOUNT_DIFF"":true}]","true","false","true","true","true","true","true","true","true","true","true","true","false","false","false","true","false","false","true","false","false","true","true","[""NUMBER_VARIANT_ONLY""]","CLEAR_CANONICAL_CANDIDATE","250","Unique full business-content match with no competing mapped or exact-content ELSET owner. Other shared reference claims lack full content equality. Diagnostic recommendation only; reference differences and paid history still require review before linking."
"INV-0226","servicem8-job-019fc9f8-caf8-7eaa-947c-ec40b2a77a7d:invoice","Great Ocean Road RV","2026-08-04","44000","4400","48400","48400","0","","251","225","Great Ocean Road RV","63","2026-08-04","44000","4400","48400","0","48400","[""Payment""]","[{""type"":""Payment"",""id"":""260"",""via"":""payment allocation""}]","[{""id"":""260"",""date"":""2026-08-04"",""customerId"":""63"",""totalCents"":48400,""unappliedCents"":0,""allocations"":[{""amountCents"":48400,""links"":[{""TxnId"":""251"",""TxnType"":""Invoice""}]}],""metadata"":{""CreateTime"":""2026-08-06T17:30:48-07:00"",""LastUpdatedTime"":""2026-08-06T17:30:48-07:00""}}]","2026-08-03T16:33:55-07:00","2026-08-06T17:32:33-07:00","[]","[{""invoiceNumber"":""INV-0225"",""mapped"":false,""evidence"":[""NUMBER_VARIANT_ONLY""],""businessContentMatch"":false}]","{""CUSTOMER_MATCH"":true,""DATE_MATCH"":true,""DOC_NUMBER_MATCH"":false,""LINE_COUNT_MATCH"":true,""PRODUCT_SERVICE_MATCH"":false,""DESCRIPTION_MATCH"":true,""QTY_MATCH"":true,""UNIT_PRICE_MATCH"":true,""LINE_AMOUNT_MATCH"":true,""SUBTOTAL_MATCH"":true,""GST_MATCH"":true,""TOTAL_MATCH"":true,""BALANCE_MATCH"":true,""PAYMENT_STATE_MATCH"":true}","[]","[{""position"":1,""qbPosition"":1,""lineAlignment"":""EXACT_CONTENT_BIJECTION"",""elsetLineId"":""servicem8-material-019fc9f8-cb07-7eaa-947c-7db9bb73499d"",""priceListItemId"":"""",""elsetDescription"":""Service Call out ."",""qbDescription"":""Service Call out ."",""expectedItem"":{""id"":""123"",""name"":""ELSET Services"",""incomeAccountId"":""9"",""status"":""FALLBACK"",""reason"":""Saved line has no priceListItemId; the new model uses the configured fallback."",""comparisonKnown"":true,""accountEligibility"":""NOT_REVALIDATED_ARCHIVE_HAS_NO_ACCOUNT_ENTITY""},""qbItemId"":""8"",""qbItemName"":""SCO-001"",""qbIncomeAccountId"":""16"",""qbIncomeAccountName"":""Billable Expense Income ( 16 )"",""elsetQuantityMicros"":1000000,""qbQuantityMicros"":1000000,""elsetUnitPriceMicros"":300000000,""qbUnitPriceMicros"":300000000,""elsetLineAmountCents"":30000,""qbLineAmountCents"":30000,""DESCRIPTION_DIFF"":false,""DESCRIPTION_FORMAT_ONLY"":false,""DESCRIPTION_CONTENT_DIFF"":false,""PRODUCT_SERVICE_DIFF"":true,""PRODUCT_SERVICE_COMPARISON_UNKNOWN"":false,""INCOME_ACCOUNT_DIFF"":true,""QTY_DIFF"":false,""UNIT_PRICE_DIFF"":false,""LINE_AMOUNT_DIFF"":false},{""position"":2,""qbPosition"":2,""lineAlignment"":""EXACT_CONTENT_BIJECTION"",""elsetLineId"":""servicem8-material-019fc9f9-201a-7eaa-947c-29dbaabcd5ed"",""priceListItemId"":"""",""elsetDescription"":""Remote control"",""qbDescription"":""Remote control"",""expectedItem"":{""id"":""123"",""name"":""ELSET Services"",""incomeAccountId"":""9"",""status"":""FALLBACK"",""reason"":""Saved line has no priceListItemId; the new model uses the configured fallback."",""comparisonKnown"":true,""accountEligibility"":""NOT_REVALIDATED_ARCHIVE_HAS_NO_ACCOUNT_ENTITY""},""qbItemId"":""4"",""qbItemName"":""RC-001"",""qbIncomeAccountId"":""16"",""qbIncomeAccountName"":""Billable Expense Income ( 16 )"",""elsetQuantityMicros"":2000000,""qbQuantityMicros"":2000000,""elsetUnitPriceMicros"":70000000,""qbUnitPriceMicros"":70000000,""elsetLineAmountCents"":14000,""qbLineAmountCents"":14000,""DESCRIPTION_DIFF"":false,""DESCRIPTION_FORMAT_ONLY"":false,""DESCRIPTION_CONTENT_DIFF"":false,""PRODUCT_SERVICE_DIFF"":true,""PRODUCT_SERVICE_COMPARISON_UNKNOWN"":false,""INCOME_ACCOUNT_DIFF"":true,""QTY_DIFF"":false,""UNIT_PRICE_DIFF"":false,""LINE_AMOUNT_DIFF"":false}]","false","false","true","false","true","false","false","false","false","false","false","false","false","false","false","false","true","false","false","true","false","false","true","[""EXACT_CUSTOMER_DATE_LINES_TOTALS"",""SAME_CUSTOMER_DATE_TOTAL_DESCRIPTIONS""]","CLEAR_CANONICAL_CANDIDATE","251","Unique full business-content match with no competing mapped or exact-content ELSET owner. Other shared reference claims lack full content equality. Diagnostic recommendation only; reference differences and paid history still require review before linking."
"INV-0228","servicem8-job-019fc9fa-abb2-7eaa-947d-15a30962826d:invoice","Lisa Dumbrell","2026-08-04","73500","7350","80850","80850","0","","309","227","Lisa Dumbrell","38","2026-08-04","73500","7350","80850","0","80850","[""Payment""]","[{""type"":""Payment"",""id"":""323"",""via"":""payment allocation""}]","[{""id"":""323"",""date"":""2026-08-04"",""customerId"":""38"",""totalCents"":80850,""unappliedCents"":0,""allocations"":[{""amountCents"":80850,""links"":[{""TxnId"":""309"",""TxnType"":""Invoice""}]}],""metadata"":{""CreateTime"":""2026-08-11T16:48:07-07:00"",""LastUpdatedTime"":""2026-08-11T16:48:07-07:00""}}]","2026-08-11T16:29:33-07:00","2026-08-11T16:50:19-07:00","[]","[{""invoiceNumber"":""INV-0227"",""mapped"":false,""evidence"":[""NUMBER_VARIANT_ONLY""],""businessContentMatch"":false}]","{""CUSTOMER_MATCH"":true,""DATE_MATCH"":true,""DOC_NUMBER_MATCH"":false,""LINE_COUNT_MATCH"":true,""PRODUCT_SERVICE_MATCH"":false,""DESCRIPTION_MATCH"":true,""QTY_MATCH"":true,""UNIT_PRICE_MATCH"":true,""LINE_AMOUNT_MATCH"":true,""SUBTOTAL_MATCH"":true,""GST_MATCH"":true,""TOTAL_MATCH"":true,""BALANCE_MATCH"":true,""PAYMENT_STATE_MATCH"":true}","[]","[{""position"":1,""qbPosition"":1,""lineAlignment"":""EXACT_CONTENT_BIJECTION"",""elsetLineId"":""servicem8-material-019fc9fa-abba-7eaa-947c-b19ce5e83cad"",""priceListItemId"":"""",""elsetDescription"":""Repair and service on automatic bi-fold garage door"",""qbDescription"":""Repair and service on automatic bi-fold garage door"",""expectedItem"":{""id"":""123"",""name"":""ELSET Services"",""incomeAccountId"":""9"",""status"":""FALLBACK"",""reason"":""Saved line has no priceListItemId; the new model uses the configured fallback."",""comparisonKnown"":true,""accountEligibility"":""NOT_REVALIDATED_ARCHIVE_HAS_NO_ACCOUNT_ENTITY""},""qbItemId"":""21"",""qbItemName"":""RSCO"",""qbIncomeAccountId"":""16"",""qbIncomeAccountName"":""Billable Expense Income ( 16 )"",""elsetQuantityMicros"":1000000,""qbQuantityMicros"":1000000,""elsetUnitPriceMicros"":455000000,""qbUnitPriceMicros"":455000000,""elsetLineAmountCents"":45500,""qbLineAmountCents"":45500,""DESCRIPTION_DIFF"":false,""DESCRIPTION_FORMAT_ONLY"":false,""DESCRIPTION_CONTENT_DIFF"":false,""PRODUCT_SERVICE_DIFF"":true,""PRODUCT_SERVICE_COMPARISON_UNKNOWN"":false,""INCOME_ACCOUNT_DIFF"":true,""QTY_DIFF"":false,""UNIT_PRICE_DIFF"":false,""LINE_AMOUNT_DIFF"":false},{""position"":2,""qbPosition"":2,""lineAlignment"":""EXACT_CONTENT_BIJECTION"",""elsetLineId"":""servicem8-material-019fca41-1e69-7eaa-947c-0d2890dda4ed"",""priceListItemId"":"""",""elsetDescription"":""Spare parts"",""qbDescription"":""Spare parts"",""expectedItem"":{""id"":""123"",""name"":""ELSET Services"",""incomeAccountId"":""9"",""status"":""FALLBACK"",""reason"":""Saved line has no priceListItemId; the new model uses the configured fallback."",""comparisonKnown"":true,""accountEligibility"":""NOT_REVALIDATED_ARCHIVE_HAS_NO_ACCOUNT_ENTITY""},""qbItemId"":""109"",""qbItemName"":""Parts"",""qbIncomeAccountId"":""16"",""qbIncomeAccountName"":""Billable Expense Income ( 16 )"",""elsetQuantityMicros"":1000000,""qbQuantityMicros"":1000000,""elsetUnitPriceMicros"":280000000,""qbUnitPriceMicros"":280000000,""elsetLineAmountCents"":28000,""qbLineAmountCents"":28000,""DESCRIPTION_DIFF"":false,""DESCRIPTION_FORMAT_ONLY"":false,""DESCRIPTION_CONTENT_DIFF"":false,""PRODUCT_SERVICE_DIFF"":true,""PRODUCT_SERVICE_COMPARISON_UNKNOWN"":false,""INCOME_ACCOUNT_DIFF"":true,""QTY_DIFF"":false,""UNIT_PRICE_DIFF"":false,""LINE_AMOUNT_DIFF"":false}]","false","false","true","false","true","false","false","false","false","false","false","false","false","false","false","false","true","false","false","true","false","false","true","[""EXACT_CUSTOMER_DATE_LINES_TOTALS"",""SAME_CUSTOMER_DATE_TOTAL_DESCRIPTIONS""]","CLEAR_CANONICAL_CANDIDATE","309","Unique full business-content match with no competing mapped or exact-content ELSET owner. Other shared reference claims lack full content equality. Diagnostic recommendation only; reference differences and paid history still require review before linking."
"INV-0228","servicem8-job-019fc9fa-abb2-7eaa-947d-15a30962826d:invoice","Lisa Dumbrell","2026-08-04","73500","7350","80850","80850","0","","252","228","Bessel Sleiman","73","2026-08-04","35000","3500","38500","0","38500","[""Payment""]","[{""type"":""Payment"",""id"":""279"",""via"":""payment allocation""}]","[{""id"":""279"",""date"":""2026-08-12"",""customerId"":""73"",""totalCents"":38500,""unappliedCents"":0,""allocations"":[{""amountCents"":38500,""links"":[{""TxnId"":""252"",""TxnType"":""Invoice""}]}],""metadata"":{""CreateTime"":""2026-08-11T16:26:32-07:00"",""LastUpdatedTime"":""2026-08-11T16:26:32-07:00""}}]","2026-08-03T17:58:42-07:00","2026-08-11T16:27:07-07:00","[]","[{""invoiceNumber"":""INV-0229"",""mapped"":false,""evidence"":[""EXACT_CUSTOMER_DATE_LINES_TOTALS"",""SAME_CUSTOMER_DATE_TOTAL_DESCRIPTIONS""],""businessContentMatch"":true}]","{""CUSTOMER_MATCH"":false,""DATE_MATCH"":true,""DOC_NUMBER_MATCH"":false,""LINE_COUNT_MATCH"":false,""PRODUCT_SERVICE_MATCH"":null,""DESCRIPTION_MATCH"":false,""QTY_MATCH"":false,""UNIT_PRICE_MATCH"":false,""LINE_AMOUNT_MATCH"":false,""SUBTOTAL_MATCH"":false,""GST_MATCH"":false,""TOTAL_MATCH"":false,""BALANCE_MATCH"":true,""PAYMENT_STATE_MATCH"":true}","[{""field"":""subtotal"",""elset"":73500,""quickbooks"":35000,""unit"":""AUD cents""},{""field"":""gst"",""elset"":7350,""quickbooks"":3500,""unit"":""AUD cents""},{""field"":""total"",""elset"":80850,""quickbooks"":38500,""unit"":""AUD cents""},{""field"":""paid_vs_inferred_paid"",""elset"":80850,""quickbooks"":38500,""unit"":""AUD cents""},{""field"":""unit_price"",""position"":1,""elset"":455000000,""quickbooks"":350000000,""unit"":""AUD millionths""},{""field"":""line_amount"",""position"":1,""elset"":45500,""quickbooks"":35000,""unit"":""AUD cents""},{""field"":""unit_price"",""position"":2,""elset"":280000000,""quickbooks"":null,""unit"":""AUD millionths""},{""field"":""line_amount"",""position"":2,""elset"":28000,""quickbooks"":null,""unit"":""AUD cents""}]","[{""position"":1,""qbPosition"":1,""lineAlignment"":""POSITION_REQUIRES_REVIEW"",""elsetLineId"":""servicem8-material-019fc9fa-abba-7eaa-947c-b19ce5e83cad"",""priceListItemId"":"""",""elsetDescription"":""Repair and service on automatic bi-fold garage door"",""qbDescription"":""Service of automatic sliding gate"",""expectedItem"":{""id"":""123"",""name"":""ELSET Services"",""incomeAccountId"":""9"",""status"":""FALLBACK"",""reason"":""Saved line has no priceListItemId; the new model uses the configured fallback."",""comparisonKnown"":true,""accountEligibility"":""NOT_REVALIDATED_ARCHIVE_HAS_NO_ACCOUNT_ENTITY""},""qbItemId"":""44"",""qbItemName"":""SERVICE"",""qbIncomeAccountId"":""16"",""qbIncomeAccountName"":""Billable Expense Income ( 16 )"",""elsetQuantityMicros"":1000000,""qbQuantityMicros"":1000000,""elsetUnitPriceMicros"":455000000,""qbUnitPriceMicros"":350000000,""elsetLineAmountCents"":45500,""qbLineAmountCents"":35000,""DESCRIPTION_DIFF"":true,""DESCRIPTION_FORMAT_ONLY"":false,""DESCRIPTION_CONTENT_DIFF"":true,""PRODUCT_SERVICE_DIFF"":true,""PRODUCT_SERVICE_COMPARISON_UNKNOWN"":false,""INCOME_ACCOUNT_DIFF"":true,""QTY_DIFF"":false,""UNIT_PRICE_DIFF"":true,""LINE_AMOUNT_DIFF"":true},{""position"":2,""qbPosition"":2,""lineAlignment"":""POSITION_REQUIRES_REVIEW"",""elsetLineId"":""servicem8-material-019fca41-1e69-7eaa-947c-0d2890dda4ed"",""priceListItemId"":"""",""elsetDescription"":""Spare parts"",""qbDescription"":null,""expectedItem"":{""id"":""123"",""name"":""ELSET Services"",""incomeAccountId"":""9"",""status"":""FALLBACK"",""reason"":""Saved line has no priceListItemId; the new model uses the configured fallback."",""comparisonKnown"":true,""accountEligibility"":""NOT_REVALIDATED_ARCHIVE_HAS_NO_ACCOUNT_ENTITY""},""qbItemId"":"""",""qbItemName"":"""",""qbIncomeAccountId"":"""",""qbIncomeAccountName"":"""",""elsetQuantityMicros"":1000000,""qbQuantityMicros"":null,""elsetUnitPriceMicros"":280000000,""qbUnitPriceMicros"":null,""elsetLineAmountCents"":28000,""qbLineAmountCents"":null,""DESCRIPTION_DIFF"":true,""DESCRIPTION_FORMAT_ONLY"":false,""DESCRIPTION_CONTENT_DIFF"":true,""PRODUCT_SERVICE_DIFF"":false,""PRODUCT_SERVICE_COMPARISON_UNKNOWN"":true,""INCOME_ACCOUNT_DIFF"":false,""QTY_DIFF"":true,""UNIT_PRICE_DIFF"":true,""LINE_AMOUNT_DIFF"":true}]","true","false","true","true","true","true","true","true","true","true","true","true","false","false","false","true","false","false","true","false","false","true","true","[""NUMBER_VARIANT_ONLY""]","CLEAR_CANONICAL_CANDIDATE","309","Unique full business-content match with no competing mapped or exact-content ELSET owner. Other shared reference claims lack full content equality. Diagnostic recommendation only; reference differences and paid history still require review before linking."
"INV-0229","servicem8-job-019fca43-5cb6-7eaa-947c-8614f0cdc32d:invoice","Bessel Sleiman","2026-08-04","35000","3500","38500","38500","0","","252","228","Bessel Sleiman","73","2026-08-04","35000","3500","38500","0","38500","[""Payment""]","[{""type"":""Payment"",""id"":""279"",""via"":""payment allocation""}]","[{""id"":""279"",""date"":""2026-08-12"",""customerId"":""73"",""totalCents"":38500,""unappliedCents"":0,""allocations"":[{""amountCents"":38500,""links"":[{""TxnId"":""252"",""TxnType"":""Invoice""}]}],""metadata"":{""CreateTime"":""2026-08-11T16:26:32-07:00"",""LastUpdatedTime"":""2026-08-11T16:26:32-07:00""}}]","2026-08-03T17:58:42-07:00","2026-08-11T16:27:07-07:00","[]","[{""invoiceNumber"":""INV-0228"",""mapped"":false,""evidence"":[""NUMBER_VARIANT_ONLY""],""businessContentMatch"":false}]","{""CUSTOMER_MATCH"":true,""DATE_MATCH"":true,""DOC_NUMBER_MATCH"":false,""LINE_COUNT_MATCH"":true,""PRODUCT_SERVICE_MATCH"":false,""DESCRIPTION_MATCH"":true,""QTY_MATCH"":true,""UNIT_PRICE_MATCH"":true,""LINE_AMOUNT_MATCH"":true,""SUBTOTAL_MATCH"":true,""GST_MATCH"":true,""TOTAL_MATCH"":true,""BALANCE_MATCH"":true,""PAYMENT_STATE_MATCH"":true}","[]","[{""position"":1,""qbPosition"":1,""lineAlignment"":""EXACT_CONTENT_BIJECTION"",""elsetLineId"":""servicem8-material-019fca43-5cc2-7eaa-947d-ecb99d1cd99d"",""priceListItemId"":"""",""elsetDescription"":""Service of automatic sliding gate"",""qbDescription"":""Service of automatic sliding gate"",""expectedItem"":{""id"":""123"",""name"":""ELSET Services"",""incomeAccountId"":""9"",""status"":""FALLBACK"",""reason"":""Saved line has no priceListItemId; the new model uses the configured fallback."",""comparisonKnown"":true,""accountEligibility"":""NOT_REVALIDATED_ARCHIVE_HAS_NO_ACCOUNT_ENTITY""},""qbItemId"":""44"",""qbItemName"":""SERVICE"",""qbIncomeAccountId"":""16"",""qbIncomeAccountName"":""Billable Expense Income ( 16 )"",""elsetQuantityMicros"":1000000,""qbQuantityMicros"":1000000,""elsetUnitPriceMicros"":350000000,""qbUnitPriceMicros"":350000000,""elsetLineAmountCents"":35000,""qbLineAmountCents"":35000,""DESCRIPTION_DIFF"":false,""DESCRIPTION_FORMAT_ONLY"":false,""DESCRIPTION_CONTENT_DIFF"":false,""PRODUCT_SERVICE_DIFF"":true,""PRODUCT_SERVICE_COMPARISON_UNKNOWN"":false,""INCOME_ACCOUNT_DIFF"":true,""QTY_DIFF"":false,""UNIT_PRICE_DIFF"":false,""LINE_AMOUNT_DIFF"":false}]","false","false","true","false","true","false","false","false","false","false","false","false","false","false","false","false","true","false","false","true","false","false","true","[""EXACT_CUSTOMER_DATE_LINES_TOTALS"",""SAME_CUSTOMER_DATE_TOTAL_DESCRIPTIONS""]","CLEAR_CANONICAL_CANDIDATE","252","Unique full business-content match with no competing mapped or exact-content ELSET owner. Other shared reference claims lack full content equality. Diagnostic recommendation only; reference differences and paid history still require review before linking."
"INV-0231","servicem8-job-019fca4c-0fa5-7eaa-947c-38dffb0f865d:invoice","Jian Zhou","2026-08-04","110000","11000","121000","121000","0","","253","230","Jian Zhou","74","2026-08-04","110000","11000","121000","0","121000","[""Payment""]","[{""type"":""Payment"",""id"":""259"",""via"":""payment allocation""}]","[{""id"":""259"",""date"":""2026-08-04"",""customerId"":""74"",""totalCents"":121000,""unappliedCents"":0,""allocations"":[{""amountCents"":121000,""links"":[{""TxnId"":""253"",""TxnType"":""Invoice""}]}],""metadata"":{""CreateTime"":""2026-08-06T17:30:48-07:00"",""LastUpdatedTime"":""2026-08-06T17:30:48-07:00""}}]","2026-08-03T18:08:58-07:00","2026-08-06T17:32:43-07:00","[]","[{""invoiceNumber"":""INV-0230"",""mapped"":false,""evidence"":[""NUMBER_VARIANT_ONLY""],""businessContentMatch"":false}]","{""CUSTOMER_MATCH"":true,""DATE_MATCH"":true,""DOC_NUMBER_MATCH"":false,""LINE_COUNT_MATCH"":true,""PRODUCT_SERVICE_MATCH"":false,""DESCRIPTION_MATCH"":true,""QTY_MATCH"":true,""UNIT_PRICE_MATCH"":true,""LINE_AMOUNT_MATCH"":true,""SUBTOTAL_MATCH"":true,""GST_MATCH"":true,""TOTAL_MATCH"":true,""BALANCE_MATCH"":true,""PAYMENT_STATE_MATCH"":true}","[]","[{""position"":1,""qbPosition"":1,""lineAlignment"":""EXACT_CONTENT_BIJECTION"",""elsetLineId"":""servicem8-material-019fca4c-0fb0-7eaa-947c-8d7b3c77bb8d"",""priceListItemId"":"""",""elsetDescription"":""Maintenance Service on 2 automatic gates"",""qbDescription"":""Maintenance Service on 2 automatic gates"",""expectedItem"":{""id"":""123"",""name"":""ELSET Services"",""incomeAccountId"":""9"",""status"":""FALLBACK"",""reason"":""Saved line has no priceListItemId; the new model uses the configured fallback."",""comparisonKnown"":true,""accountEligibility"":""NOT_REVALIDATED_ARCHIVE_HAS_NO_ACCOUNT_ENTITY""},""qbItemId"":""1"",""qbItemName"":""Services"",""qbIncomeAccountId"":""9"",""qbIncomeAccountName"":""Services"",""elsetQuantityMicros"":2000000,""qbQuantityMicros"":2000000,""elsetUnitPriceMicros"":340000000,""qbUnitPriceMicros"":340000000,""elsetLineAmountCents"":68000,""qbLineAmountCents"":68000,""DESCRIPTION_DIFF"":false,""DESCRIPTION_FORMAT_ONLY"":false,""DESCRIPTION_CONTENT_DIFF"":false,""PRODUCT_SERVICE_DIFF"":true,""PRODUCT_SERVICE_COMPARISON_UNKNOWN"":false,""INCOME_ACCOUNT_DIFF"":false,""QTY_DIFF"":false,""UNIT_PRICE_DIFF"":false,""LINE_AMOUNT_DIFF"":false},{""position"":2,""qbPosition"":2,""lineAlignment"":""EXACT_CONTENT_BIJECTION"",""elsetLineId"":""servicem8-material-019fca4e-59b8-7eaa-947c-d7a0daf90d1d"",""priceListItemId"":"""",""elsetDescription"":""New ST7control board for sliding gate"",""qbDescription"":""New ST7control board for sliding gate"",""expectedItem"":{""id"":""123"",""name"":""ELSET Services"",""incomeAccountId"":""9"",""status"":""FALLBACK"",""reason"":""Saved line has no priceListItemId; the new model uses the configured fallback."",""comparisonKnown"":true,""accountEligibility"":""NOT_REVALIDATED_ARCHIVE_HAS_NO_ACCOUNT_ENTITY""},""qbItemId"":""83"",""qbItemName"":""CONTROL- BOARD"",""qbIncomeAccountId"":""16"",""qbIncomeAccountName"":""Billable Expense Income ( 16 )"",""elsetQuantityMicros"":1000000,""qbQuantityMicros"":1000000,""elsetUnitPriceMicros"":420000000,""qbUnitPriceMicros"":420000000,""elsetLineAmountCents"":42000,""qbLineAmountCents"":42000,""DESCRIPTION_DIFF"":false,""DESCRIPTION_FORMAT_ONLY"":false,""DESCRIPTION_CONTENT_DIFF"":false,""PRODUCT_SERVICE_DIFF"":true,""PRODUCT_SERVICE_COMPARISON_UNKNOWN"":false,""INCOME_ACCOUNT_DIFF"":true,""QTY_DIFF"":false,""UNIT_PRICE_DIFF"":false,""LINE_AMOUNT_DIFF"":false}]","false","false","true","false","true","false","false","false","false","false","false","false","false","false","false","false","true","false","false","true","false","false","true","[""EXACT_CUSTOMER_DATE_LINES_TOTALS"",""SAME_CUSTOMER_DATE_TOTAL_DESCRIPTIONS""]","CLEAR_CANONICAL_CANDIDATE","253","Unique full business-content match with no competing mapped or exact-content ELSET owner. Other shared reference claims lack full content equality. Diagnostic recommendation only; reference differences and paid history still require review before linking."
"INV-0231","servicem8-job-019fca4c-0fa5-7eaa-947c-38dffb0f865d:invoice","Jian Zhou","2026-08-04","110000","11000","121000","121000","0","","311","231","Rocco Colangelo","88","2026-08-04","105000","10500","115500","0","115500","[""Payment""]","[{""type"":""Payment"",""id"":""321"",""via"":""payment allocation""}]","[{""id"":""321"",""date"":""2026-08-06"",""customerId"":""88"",""totalCents"":115500,""unappliedCents"":0,""allocations"":[{""amountCents"":115500,""links"":[{""TxnId"":""311"",""TxnType"":""Invoice""}]}],""metadata"":{""CreateTime"":""2026-08-11T16:48:06-07:00"",""LastUpdatedTime"":""2026-08-11T16:48:06-07:00""}}]","2026-08-11T16:29:45-07:00","2026-08-11T16:50:31-07:00","[]","[{""invoiceNumber"":""INV-0232"",""mapped"":false,""evidence"":[""EXACT_CUSTOMER_DATE_LINES_TOTALS"",""SAME_CUSTOMER_DATE_TOTAL_DESCRIPTIONS""],""businessContentMatch"":true}]","{""CUSTOMER_MATCH"":false,""DATE_MATCH"":true,""DOC_NUMBER_MATCH"":false,""LINE_COUNT_MATCH"":false,""PRODUCT_SERVICE_MATCH"":null,""DESCRIPTION_MATCH"":false,""QTY_MATCH"":false,""UNIT_PRICE_MATCH"":false,""LINE_AMOUNT_MATCH"":false,""SUBTOTAL_MATCH"":false,""GST_MATCH"":false,""TOTAL_MATCH"":false,""BALANCE_MATCH"":true,""PAYMENT_STATE_MATCH"":true}","[{""field"":""subtotal"",""elset"":110000,""quickbooks"":105000,""unit"":""AUD cents""},{""field"":""gst"",""elset"":11000,""quickbooks"":10500,""unit"":""AUD cents""},{""field"":""total"",""elset"":121000,""quickbooks"":115500,""unit"":""AUD cents""},{""field"":""paid_vs_inferred_paid"",""elset"":121000,""quickbooks"":115500,""unit"":""AUD cents""},{""field"":""unit_price"",""position"":1,""elset"":340000000,""quickbooks"":120000000,""unit"":""AUD millionths""},{""field"":""line_amount"",""position"":1,""elset"":68000,""quickbooks"":12000,""unit"":""AUD cents""},{""field"":""unit_price"",""position"":2,""elset"":420000000,""quickbooks"":45000000,""unit"":""AUD millionths""},{""field"":""line_amount"",""position"":2,""elset"":42000,""quickbooks"":9000,""unit"":""AUD cents""},{""field"":""unit_price"",""position"":3,""elset"":null,""quickbooks"":80000000,""unit"":""AUD millionths""},{""field"":""line_amount"",""position"":3,""elset"":null,""quickbooks"":8000,""unit"":""AUD cents""},{""field"":""unit_price"",""position"":4,""elset"":null,""quickbooks"":120000000,""unit"":""AUD millionths""},{""field"":""line_amount"",""position"":4,""elset"":null,""quickbooks"":12000,""unit"":""AUD cents""},{""field"":""unit_price"",""position"":5,""elset"":null,""quickbooks"":120000000,""unit"":""AUD millionths""},{""field"":""line_amount"",""position"":5,""elset"":null,""quickbooks"":12000,""unit"":""AUD cents""},{""field"":""unit_price"",""position"":6,""elset"":null,""quickbooks"":70000000,""unit"":""AUD millionths""},{""field"":""line_amount"",""position"":6,""elset"":null,""quickbooks"":21000,""unit"":""AUD cents""},{""field"":""unit_price"",""position"":7,""elset"":null,""quickbooks"":60000000,""unit"":""AUD millionths""},{""field"":""line_amount"",""position"":7,""elset"":null,""quickbooks"":6000,""unit"":""AUD cents""},{""field"":""unit_price"",""position"":8,""elset"":null,""quickbooks"":250000000,""unit"":""AUD millionths""},{""field"":""line_amount"",""position"":8,""elset"":null,""quickbooks"":25000,""unit"":""AUD cents""}]","[{""position"":1,""qbPosition"":1,""lineAlignment"":""POSITION_REQUIRES_REVIEW"",""elsetLineId"":""servicem8-material-019fca4c-0fb0-7eaa-947c-8d7b3c77bb8d"",""priceListItemId"":"""",""elsetDescription"":""Maintenance Service on 2 automatic gates"",""qbDescription"":""Repairs on sliding gate operator DEA LIVI 600"",""expectedItem"":{""id"":""123"",""name"":""ELSET Services"",""incomeAccountId"":""9"",""status"":""FALLBACK"",""reason"":""Saved line has no priceListItemId; the new model uses the configured fallback."",""comparisonKnown"":true,""accountEligibility"":""NOT_REVALIDATED_ARCHIVE_HAS_NO_ACCOUNT_ENTITY""},""qbItemId"":""75"",""qbItemName"":""Repairs"",""qbIncomeAccountId"":""16"",""qbIncomeAccountName"":""Billable Expense Income ( 16 )"",""elsetQuantityMicros"":2000000,""qbQuantityMicros"":1000000,""elsetUnitPriceMicros"":340000000,""qbUnitPriceMicros"":120000000,""elsetLineAmountCents"":68000,""qbLineAmountCents"":12000,""DESCRIPTION_DIFF"":true,""DESCRIPTION_FORMAT_ONLY"":false,""DESCRIPTION_CONTENT_DIFF"":true,""PRODUCT_SERVICE_DIFF"":true,""PRODUCT_SERVICE_COMPARISON_UNKNOWN"":false,""INCOME_ACCOUNT_DIFF"":true,""QTY_DIFF"":true,""UNIT_PRICE_DIFF"":true,""LINE_AMOUNT_DIFF"":true},{""position"":2,""qbPosition"":2,""lineAlignment"":""POSITION_REQUIRES_REVIEW"",""elsetLineId"":""servicem8-material-019fca4e-59b8-7eaa-947c-d7a0daf90d1d"",""priceListItemId"":"""",""elsetDescription"":""New ST7control board for sliding gate"",""qbDescription"":""Replace 12v batteries"",""expectedItem"":{""id"":""123"",""name"":""ELSET Services"",""incomeAccountId"":""9"",""status"":""FALLBACK"",""reason"":""Saved line has no priceListItemId; the new model uses the configured fallback."",""comparisonKnown"":true,""accountEligibility"":""NOT_REVALIDATED_ARCHIVE_HAS_NO_ACCOUNT_ENTITY""},""qbItemId"":""110"",""qbItemName"":""Batteries"",""qbIncomeAccountId"":""16"",""qbIncomeAccountName"":""Billable Expense Income ( 16 )"",""elsetQuantityMicros"":1000000,""qbQuantityMicros"":2000000,""elsetUnitPriceMicros"":420000000,""qbUnitPriceMicros"":45000000,""elsetLineAmountCents"":42000,""qbLineAmountCents"":9000,""DESCRIPTION_DIFF"":true,""DESCRIPTION_FORMAT_ONLY"":false,""DESCRIPTION_CONTENT_DIFF"":true,""PRODUCT_SERVICE_DIFF"":true,""PRODUCT_SERVICE_COMPARISON_UNKNOWN"":false,""INCOME_ACCOUNT_DIFF"":true,""QTY_DIFF"":true,""UNIT_PRICE_DIFF"":true,""LINE_AMOUNT_DIFF"":true},{""position"":3,""qbPosition"":3,""lineAlignment"":""POSITION_REQUIRES_REVIEW"",""elsetLineId"":"""",""priceListItemId"":"""",""elsetDescription"":null,""qbDescription"":""Repairs on electronic control baord"",""expectedItem"":null,""qbItemId"":""106"",""qbItemName"":""CONTROL BOARD"",""qbIncomeAccountId"":""16"",""qbIncomeAccountName"":""Billable Expense Income ( 16 )"",""elsetQuantityMicros"":null,""qbQuantityMicros"":1000000,""elsetUnitPriceMicros"":null,""qbUnitPriceMicros"":80000000,""elsetLineAmountCents"":null,""qbLineAmountCents"":8000,""DESCRIPTION_DIFF"":true,""DESCRIPTION_FORMAT_ONLY"":false,""DESCRIPTION_CONTENT_DIFF"":true,""PRODUCT_SERVICE_DIFF"":false,""PRODUCT_SERVICE_COMPARISON_UNKNOWN"":true,""INCOME_ACCOUNT_DIFF"":false,""QTY_DIFF"":true,""UNIT_PRICE_DIFF"":true,""LINE_AMOUNT_DIFF"":true},{""position"":4,""qbPosition"":4,""lineAlignment"":""POSITION_REQUIRES_REVIEW"",""elsetLineId"":"""",""priceListItemId"":"""",""elsetDescription"":null,""qbDescription"":""240v AC to 24v AC transformer replacement"",""expectedItem"":null,""qbItemId"":""111"",""qbItemName"":""Transformer"",""qbIncomeAccountId"":""16"",""qbIncomeAccountName"":""Billable Expense Income ( 16 )"",""elsetQuantityMicros"":null,""qbQuantityMicros"":1000000,""elsetUnitPriceMicros"":null,""qbUnitPriceMicros"":120000000,""elsetLineAmountCents"":null,""qbLineAmountCents"":12000,""DESCRIPTION_DIFF"":true,""DESCRIPTION_FORMAT_ONLY"":false,""DESCRIPTION_CONTENT_DIFF"":true,""PRODUCT_SERVICE_DIFF"":false,""PRODUCT_SERVICE_COMPARISON_UNKNOWN"":true,""INCOME_ACCOUNT_DIFF"":false,""QTY_DIFF"":true,""UNIT_PRICE_DIFF"":true,""LINE_AMOUNT_DIFF"":true},{""position"":5,""qbPosition"":5,""lineAlignment"":""POSITION_REQUIRES_REVIEW"",""elsetLineId"":"""",""priceListItemId"":"""",""elsetDescription"":null,""qbDescription"":""Fault find and replace section of cabling"",""expectedItem"":null,""qbItemId"":""112"",""qbItemName"":""Cabling"",""qbIncomeAccountId"":""16"",""qbIncomeAccountName"":""Billable Expense Income ( 16 )"",""elsetQuantityMicros"":null,""qbQuantityMicros"":1000000,""elsetUnitPriceMicros"":null,""qbUnitPriceMicros"":120000000,""elsetLineAmountCents"":null,""qbLineAmountCents"":12000,""DESCRIPTION_DIFF"":true,""DESCRIPTION_FORMAT_ONLY"":false,""DESCRIPTION_CONTENT_DIFF"":true,""PRODUCT_SERVICE_DIFF"":false,""PRODUCT_SERVICE_COMPARISON_UNKNOWN"":true,""INCOME_ACCOUNT_DIFF"":false,""QTY_DIFF"":true,""UNIT_PRICE_DIFF"":true,""LINE_AMOUNT_DIFF"":true},{""position"":6,""qbPosition"":6,""lineAlignment"":""POSITION_REQUIRES_REVIEW"",""elsetLineId"":"""",""priceListItemId"":"""",""elsetDescription"":null,""qbDescription"":""Remote control"",""expectedItem"":null,""qbItemId"":""4"",""qbItemName"":""RC-001"",""qbIncomeAccountId"":""16"",""qbIncomeAccountName"":""Billable Expense Income ( 16 )"",""elsetQuantityMicros"":null,""qbQuantityMicros"":3000000,""elsetUnitPriceMicros"":null,""qbUnitPriceMicros"":70000000,""elsetLineAmountCents"":null,""qbLineAmountCents"":21000,""DESCRIPTION_DIFF"":true,""DESCRIPTION_FORMAT_ONLY"":false,""DESCRIPTION_CONTENT_DIFF"":true,""PRODUCT_SERVICE_DIFF"":false,""PRODUCT_SERVICE_COMPARISON_UNKNOWN"":true,""INCOME_ACCOUNT_DIFF"":false,""QTY_DIFF"":true,""UNIT_PRICE_DIFF"":true,""LINE_AMOUNT_DIFF"":true},{""position"":7,""qbPosition"":7,""lineAlignment"":""POSITION_REQUIRES_REVIEW"",""elsetLineId"":"""",""priceListItemId"":"""",""elsetDescription"":null,""qbDescription"":""Replace one length of nylon rack"",""expectedItem"":null,""qbItemId"":""113"",""qbItemName"":""Nylon rack"",""qbIncomeAccountId"":""16"",""qbIncomeAccountName"":""Billable Expense Income ( 16 )"",""elsetQuantityMicros"":null,""qbQuantityMicros"":1000000,""elsetUnitPriceMicros"":null,""qbUnitPriceMicros"":60000000,""elsetLineAmountCents"":null,""qbLineAmountCents"":6000,""DESCRIPTION_DIFF"":true,""DESCRIPTION_FORMAT_ONLY"":false,""DESCRIPTION_CONTENT_DIFF"":true,""PRODUCT_SERVICE_DIFF"":false,""PRODUCT_SERVICE_COMPARISON_UNKNOWN"":true,""INCOME_ACCOUNT_DIFF"":false,""QTY_DIFF"":true,""UNIT_PRICE_DIFF"":true,""LINE_AMOUNT_DIFF"":true},{""position"":8,""qbPosition"":8,""lineAlignment"":""POSITION_REQUIRES_REVIEW"",""elsetLineId"":"""",""priceListItemId"":"""",""elsetDescription"":null,""qbDescription"":""Service Call out ."",""expectedItem"":null,""qbItemId"":""8"",""qbItemName"":""SCO-001"",""qbIncomeAccountId"":""16"",""qbIncomeAccountName"":""Billable Expense Income ( 16 )"",""elsetQuantityMicros"":null,""qbQuantityMicros"":1000000,""elsetUnitPriceMicros"":null,""qbUnitPriceMicros"":250000000,""elsetLineAmountCents"":null,""qbLineAmountCents"":25000,""DESCRIPTION_DIFF"":true,""DESCRIPTION_FORMAT_ONLY"":false,""DESCRIPTION_CONTENT_DIFF"":true,""PRODUCT_SERVICE_DIFF"":false,""PRODUCT_SERVICE_COMPARISON_UNKNOWN"":true,""INCOME_ACCOUNT_DIFF"":false,""QTY_DIFF"":true,""UNIT_PRICE_DIFF"":true,""LINE_AMOUNT_DIFF"":true}]","true","false","true","true","true","true","true","true","true","true","true","true","false","false","false","true","false","false","true","false","false","true","true","[""NUMBER_VARIANT_ONLY""]","CLEAR_CANONICAL_CANDIDATE","253","Unique full business-content match with no competing mapped or exact-content ELSET owner. Other shared reference claims lack full content equality. Diagnostic recommendation only; reference differences and paid history still require review before linking."
"INV-0232","servicem8-job-019fca50-f9ea-7eaa-947d-39e96b11f4bd:invoice","Rocco Colangelo","2026-08-04","105000","10500","115500","115500","0","","311","231","Rocco Colangelo","88","2026-08-04","105000","10500","115500","0","115500","[""Payment""]","[{""type"":""Payment"",""id"":""321"",""via"":""payment allocation""}]","[{""id"":""321"",""date"":""2026-08-06"",""customerId"":""88"",""totalCents"":115500,""unappliedCents"":0,""allocations"":[{""amountCents"":115500,""links"":[{""TxnId"":""311"",""TxnType"":""Invoice""}]}],""metadata"":{""CreateTime"":""2026-08-11T16:48:06-07:00"",""LastUpdatedTime"":""2026-08-11T16:48:06-07:00""}}]","2026-08-11T16:29:45-07:00","2026-08-11T16:50:31-07:00","[]","[{""invoiceNumber"":""INV-0231"",""mapped"":false,""evidence"":[""NUMBER_VARIANT_ONLY""],""businessContentMatch"":false}]","{""CUSTOMER_MATCH"":true,""DATE_MATCH"":true,""DOC_NUMBER_MATCH"":false,""LINE_COUNT_MATCH"":true,""PRODUCT_SERVICE_MATCH"":false,""DESCRIPTION_MATCH"":true,""QTY_MATCH"":true,""UNIT_PRICE_MATCH"":true,""LINE_AMOUNT_MATCH"":true,""SUBTOTAL_MATCH"":true,""GST_MATCH"":true,""TOTAL_MATCH"":true,""BALANCE_MATCH"":true,""PAYMENT_STATE_MATCH"":true}","[]","[{""position"":1,""qbPosition"":1,""lineAlignment"":""EXACT_CONTENT_BIJECTION"",""elsetLineId"":""servicem8-material-019fca50-f9f6-7eaa-947c-f0e4a6a54eed"",""priceListItemId"":"""",""elsetDescription"":""Repairs on sliding gate operator DEA LIVI 600"",""qbDescription"":""Repairs on sliding gate operator DEA LIVI 600"",""expectedItem"":{""id"":""123"",""name"":""ELSET Services"",""incomeAccountId"":""9"",""status"":""FALLBACK"",""reason"":""Saved line has no priceListItemId; the new model uses the configured fallback."",""comparisonKnown"":true,""accountEligibility"":""NOT_REVALIDATED_ARCHIVE_HAS_NO_ACCOUNT_ENTITY""},""qbItemId"":""75"",""qbItemName"":""Repairs"",""qbIncomeAccountId"":""16"",""qbIncomeAccountName"":""Billable Expense Income ( 16 )"",""elsetQuantityMicros"":1000000,""qbQuantityMicros"":1000000,""elsetUnitPriceMicros"":120000000,""qbUnitPriceMicros"":120000000,""elsetLineAmountCents"":12000,""qbLineAmountCents"":12000,""DESCRIPTION_DIFF"":false,""DESCRIPTION_FORMAT_ONLY"":false,""DESCRIPTION_CONTENT_DIFF"":false,""PRODUCT_SERVICE_DIFF"":true,""PRODUCT_SERVICE_COMPARISON_UNKNOWN"":false,""INCOME_ACCOUNT_DIFF"":true,""QTY_DIFF"":false,""UNIT_PRICE_DIFF"":false,""LINE_AMOUNT_DIFF"":false},{""position"":2,""qbPosition"":2,""lineAlignment"":""EXACT_CONTENT_BIJECTION"",""elsetLineId"":""servicem8-material-019fca52-fc49-7eaa-947c-3d456368683d"",""priceListItemId"":"""",""elsetDescription"":""Replace 12v batteries"",""qbDescription"":""Replace 12v batteries"",""expectedItem"":{""id"":""123"",""name"":""ELSET Services"",""incomeAccountId"":""9"",""status"":""FALLBACK"",""reason"":""Saved line has no priceListItemId; the new model uses the configured fallback."",""comparisonKnown"":true,""accountEligibility"":""NOT_REVALIDATED_ARCHIVE_HAS_NO_ACCOUNT_ENTITY""},""qbItemId"":""110"",""qbItemName"":""Batteries"",""qbIncomeAccountId"":""16"",""qbIncomeAccountName"":""Billable Expense Income ( 16 )"",""elsetQuantityMicros"":2000000,""qbQuantityMicros"":2000000,""elsetUnitPriceMicros"":45000000,""qbUnitPriceMicros"":45000000,""elsetLineAmountCents"":9000,""qbLineAmountCents"":9000,""DESCRIPTION_DIFF"":false,""DESCRIPTION_FORMAT_ONLY"":false,""DESCRIPTION_CONTENT_DIFF"":false,""PRODUCT_SERVICE_DIFF"":true,""PRODUCT_SERVICE_COMPARISON_UNKNOWN"":false,""INCOME_ACCOUNT_DIFF"":true,""QTY_DIFF"":false,""UNIT_PRICE_DIFF"":false,""LINE_AMOUNT_DIFF"":false},{""position"":3,""qbPosition"":3,""lineAlignment"":""EXACT_CONTENT_BIJECTION"",""elsetLineId"":""servicem8-material-019fca53-934d-7eaa-947d-291b8be8956d"",""priceListItemId"":"""",""elsetDescription"":""Repairs on electronic control baord"",""qbDescription"":""Repairs on electronic control baord"",""expectedItem"":{""id"":""123"",""name"":""ELSET Services"",""incomeAccountId"":""9"",""status"":""FALLBACK"",""reason"":""Saved line has no priceListItemId; the new model uses the configured fallback."",""comparisonKnown"":true,""accountEligibility"":""NOT_REVALIDATED_ARCHIVE_HAS_NO_ACCOUNT_ENTITY""},""qbItemId"":""106"",""qbItemName"":""CONTROL BOARD"",""qbIncomeAccountId"":""16"",""qbIncomeAccountName"":""Billable Expense Income ( 16 )"",""elsetQuantityMicros"":1000000,""qbQuantityMicros"":1000000,""elsetUnitPriceMicros"":80000000,""qbUnitPriceMicros"":80000000,""elsetLineAmountCents"":8000,""qbLineAmountCents"":8000,""DESCRIPTION_DIFF"":false,""DESCRIPTION_FORMAT_ONLY"":false,""DESCRIPTION_CONTENT_DIFF"":false,""PRODUCT_SERVICE_DIFF"":true,""PRODUCT_SERVICE_COMPARISON_UNKNOWN"":false,""INCOME_ACCOUNT_DIFF"":true,""QTY_DIFF"":false,""UNIT_PRICE_DIFF"":false,""LINE_AMOUNT_DIFF"":false},{""position"":4,""qbPosition"":4,""lineAlignment"":""EXACT_CONTENT_BIJECTION"",""elsetLineId"":""servicem8-material-019fca53-fc89-7eaa-947d-3e48429ff53d"",""priceListItemId"":"""",""elsetDescription"":""240v AC to 24v AC transformer replacement"",""qbDescription"":""240v AC to 24v AC transformer replacement"",""expectedItem"":{""id"":""123"",""name"":""ELSET Services"",""incomeAccountId"":""9"",""status"":""FALLBACK"",""reason"":""Saved line has no priceListItemId; the new model uses the configured fallback."",""comparisonKnown"":true,""accountEligibility"":""NOT_REVALIDATED_ARCHIVE_HAS_NO_ACCOUNT_ENTITY""},""qbItemId"":""111"",""qbItemName"":""Transformer"",""qbIncomeAccountId"":""16"",""qbIncomeAccountName"":""Billable Expense Income ( 16 )"",""elsetQuantityMicros"":1000000,""qbQuantityMicros"":1000000,""elsetUnitPriceMicros"":120000000,""qbUnitPriceMicros"":120000000,""elsetLineAmountCents"":12000,""qbLineAmountCents"":12000,""DESCRIPTION_DIFF"":false,""DESCRIPTION_FORMAT_ONLY"":false,""DESCRIPTION_CONTENT_DIFF"":false,""PRODUCT_SERVICE_DIFF"":true,""PRODUCT_SERVICE_COMPARISON_UNKNOWN"":false,""INCOME_ACCOUNT_DIFF"":true,""QTY_DIFF"":false,""UNIT_PRICE_DIFF"":false,""LINE_AMOUNT_DIFF"":false},{""position"":5,""qbPosition"":5,""lineAlignment"":""EXACT_CONTENT_BIJECTION"",""elsetLineId"":""servicem8-material-019fca54-d35a-7eaa-947c-bad87e96ec5d"",""priceListItemId"":"""",""elsetDescription"":""Fault find and replace section of cabling"",""qbDescription"":""Fault find and replace section of cabling"",""expectedItem"":{""id"":""123"",""name"":""ELSET Services"",""incomeAccountId"":""9"",""status"":""FALLBACK"",""reason"":""Saved line has no priceListItemId; the new model uses the configured fallback."",""comparisonKnown"":true,""accountEligibility"":""NOT_REVALIDATED_ARCHIVE_HAS_NO_ACCOUNT_ENTITY""},""qbItemId"":""112"",""qbItemName"":""Cabling"",""qbIncomeAccountId"":""16"",""qbIncomeAccountName"":""Billable Expense Income ( 16 )"",""elsetQuantityMicros"":1000000,""qbQuantityMicros"":1000000,""elsetUnitPriceMicros"":120000000,""qbUnitPriceMicros"":120000000,""elsetLineAmountCents"":12000,""qbLineAmountCents"":12000,""DESCRIPTION_DIFF"":false,""DESCRIPTION_FORMAT_ONLY"":false,""DESCRIPTION_CONTENT_DIFF"":false,""PRODUCT_SERVICE_DIFF"":true,""PRODUCT_SERVICE_COMPARISON_UNKNOWN"":false,""INCOME_ACCOUNT_DIFF"":true,""QTY_DIFF"":false,""UNIT_PRICE_DIFF"":false,""LINE_AMOUNT_DIFF"":false},{""position"":6,""qbPosition"":6,""lineAlignment"":""EXACT_CONTENT_BIJECTION"",""elsetLineId"":""servicem8-material-019fca55-5aa7-7eaa-947d-6db69c61b61d"",""priceListItemId"":"""",""elsetDescription"":""Remote control"",""qbDescription"":""Remote control"",""expectedItem"":{""id"":""123"",""name"":""ELSET Services"",""incomeAccountId"":""9"",""status"":""FALLBACK"",""reason"":""Saved line has no priceListItemId; the new model uses the configured fallback."",""comparisonKnown"":true,""accountEligibility"":""NOT_REVALIDATED_ARCHIVE_HAS_NO_ACCOUNT_ENTITY""},""qbItemId"":""4"",""qbItemName"":""RC-001"",""qbIncomeAccountId"":""16"",""qbIncomeAccountName"":""Billable Expense Income ( 16 )"",""elsetQuantityMicros"":3000000,""qbQuantityMicros"":3000000,""elsetUnitPriceMicros"":70000000,""qbUnitPriceMicros"":70000000,""elsetLineAmountCents"":21000,""qbLineAmountCents"":21000,""DESCRIPTION_DIFF"":false,""DESCRIPTION_FORMAT_ONLY"":false,""DESCRIPTION_CONTENT_DIFF"":false,""PRODUCT_SERVICE_DIFF"":true,""PRODUCT_SERVICE_COMPARISON_UNKNOWN"":false,""INCOME_ACCOUNT_DIFF"":true,""QTY_DIFF"":false,""UNIT_PRICE_DIFF"":false,""LINE_AMOUNT_DIFF"":false},{""position"":7,""qbPosition"":7,""lineAlignment"":""EXACT_CONTENT_BIJECTION"",""elsetLineId"":""servicem8-material-019fca55-b270-7eaa-947d-dedb8fc059dd"",""priceListItemId"":"""",""elsetDescription"":""Replace one length of nylon rack"",""qbDescription"":""Replace one length of nylon rack"",""expectedItem"":{""id"":""123"",""name"":""ELSET Services"",""incomeAccountId"":""9"",""status"":""FALLBACK"",""reason"":""Saved line has no priceListItemId; the new model uses the configured fallback."",""comparisonKnown"":true,""accountEligibility"":""NOT_REVALIDATED_ARCHIVE_HAS_NO_ACCOUNT_ENTITY""},""qbItemId"":""113"",""qbItemName"":""Nylon rack"",""qbIncomeAccountId"":""16"",""qbIncomeAccountName"":""Billable Expense Income ( 16 )"",""elsetQuantityMicros"":1000000,""qbQuantityMicros"":1000000,""elsetUnitPriceMicros"":60000000,""qbUnitPriceMicros"":60000000,""elsetLineAmountCents"":6000,""qbLineAmountCents"":6000,""DESCRIPTION_DIFF"":false,""DESCRIPTION_FORMAT_ONLY"":false,""DESCRIPTION_CONTENT_DIFF"":false,""PRODUCT_SERVICE_DIFF"":true,""PRODUCT_SERVICE_COMPARISON_UNKNOWN"":false,""INCOME_ACCOUNT_DIFF"":true,""QTY_DIFF"":false,""UNIT_PRICE_DIFF"":false,""LINE_AMOUNT_DIFF"":false},{""position"":8,""qbPosition"":8,""lineAlignment"":""EXACT_CONTENT_BIJECTION"",""elsetLineId"":""servicem8-material-019fca55-e828-7eaa-947c-253231cb5abd"",""priceListItemId"":"""",""elsetDescription"":""Service Call out ."",""qbDescription"":""Service Call out ."",""expectedItem"":{""id"":""123"",""name"":""ELSET Services"",""incomeAccountId"":""9"",""status"":""FALLBACK"",""reason"":""Saved line has no priceListItemId; the new model uses the configured fallback."",""comparisonKnown"":true,""accountEligibility"":""NOT_REVALIDATED_ARCHIVE_HAS_NO_ACCOUNT_ENTITY""},""qbItemId"":""8"",""qbItemName"":""SCO-001"",""qbIncomeAccountId"":""16"",""qbIncomeAccountName"":""Billable Expense Income ( 16 )"",""elsetQuantityMicros"":1000000,""qbQuantityMicros"":1000000,""elsetUnitPriceMicros"":250000000,""qbUnitPriceMicros"":250000000,""elsetLineAmountCents"":25000,""qbLineAmountCents"":25000,""DESCRIPTION_DIFF"":false,""DESCRIPTION_FORMAT_ONLY"":false,""DESCRIPTION_CONTENT_DIFF"":false,""PRODUCT_SERVICE_DIFF"":true,""PRODUCT_SERVICE_COMPARISON_UNKNOWN"":false,""INCOME_ACCOUNT_DIFF"":true,""QTY_DIFF"":false,""UNIT_PRICE_DIFF"":false,""LINE_AMOUNT_DIFF"":false}]","false","false","true","false","true","false","false","false","false","false","false","false","false","false","false","false","true","false","false","true","false","false","true","[""EXACT_CUSTOMER_DATE_LINES_TOTALS"",""SAME_CUSTOMER_DATE_TOTAL_DESCRIPTIONS""]","CLEAR_CANONICAL_CANDIDATE","311","Unique full business-content match with no competing mapped or exact-content ELSET owner. Other shared reference claims lack full content equality. Diagnostic recommendation only; reference differences and paid history still require review before linking."
"INV-0234","servicem8-job-019fcb12-92b2-7eaa-947d-d503e20f1a8d:invoice","ROSS-HUNT real estate","2026-08-04","60000","6000","66000","66000","0","","254","233","ROSS-HUNT real estate","75","2026-08-04","60000","6000","66000","0","66000","[""Payment""]","[{""type"":""Payment"",""id"":""258"",""via"":""payment allocation""}]","[{""id"":""258"",""date"":""2026-08-06"",""customerId"":""75"",""totalCents"":66000,""unappliedCents"":0,""allocations"":[{""amountCents"":66000,""links"":[{""TxnId"":""254"",""TxnType"":""Invoice""}]}],""metadata"":{""CreateTime"":""2026-08-06T17:30:48-07:00"",""LastUpdatedTime"":""2026-08-06T17:30:48-07:00""}}]","2026-08-03T21:43:55-07:00","2026-08-06T17:32:43-07:00","[]","[{""invoiceNumber"":""INV-0233"",""mapped"":false,""evidence"":[""NUMBER_VARIANT_ONLY""],""businessContentMatch"":false}]","{""CUSTOMER_MATCH"":true,""DATE_MATCH"":true,""DOC_NUMBER_MATCH"":false,""LINE_COUNT_MATCH"":true,""PRODUCT_SERVICE_MATCH"":false,""DESCRIPTION_MATCH"":true,""QTY_MATCH"":true,""UNIT_PRICE_MATCH"":true,""LINE_AMOUNT_MATCH"":true,""SUBTOTAL_MATCH"":true,""GST_MATCH"":true,""TOTAL_MATCH"":true,""BALANCE_MATCH"":true,""PAYMENT_STATE_MATCH"":true}","[]","[{""position"":1,""qbPosition"":1,""lineAlignment"":""EXACT_CONTENT_BIJECTION"",""elsetLineId"":""servicem8-material-019fcb12-92b9-7eaa-947c-55ba6caca5ed"",""priceListItemId"":"""",""elsetDescription"":""Service Call out ."",""qbDescription"":""Service Call out ."",""expectedItem"":{""id"":""123"",""name"":""ELSET Services"",""incomeAccountId"":""9"",""status"":""FALLBACK"",""reason"":""Saved line has no priceListItemId; the new model uses the configured fallback."",""comparisonKnown"":true,""accountEligibility"":""NOT_REVALIDATED_ARCHIVE_HAS_NO_ACCOUNT_ENTITY""},""qbItemId"":""8"",""qbItemName"":""SCO-001"",""qbIncomeAccountId"":""16"",""qbIncomeAccountName"":""Billable Expense Income ( 16 )"",""elsetQuantityMicros"":1000000,""qbQuantityMicros"":1000000,""elsetUnitPriceMicros"":250000000,""qbUnitPriceMicros"":250000000,""elsetLineAmountCents"":25000,""qbLineAmountCents"":25000,""DESCRIPTION_DIFF"":false,""DESCRIPTION_FORMAT_ONLY"":false,""DESCRIPTION_CONTENT_DIFF"":false,""PRODUCT_SERVICE_DIFF"":true,""PRODUCT_SERVICE_COMPARISON_UNKNOWN"":false,""INCOME_ACCOUNT_DIFF"":true,""QTY_DIFF"":false,""UNIT_PRICE_DIFF"":false,""LINE_AMOUNT_DIFF"":false},{""position"":2,""qbPosition"":2,""lineAlignment"":""EXACT_CONTENT_BIJECTION"",""elsetLineId"":""servicem8-material-019fcb13-4c02-7eaa-947c-872462031a6d"",""priceListItemId"":"""",""elsetDescription"":""Remote control"",""qbDescription"":""Remote control"",""expectedItem"":{""id"":""123"",""name"":""ELSET Services"",""incomeAccountId"":""9"",""status"":""FALLBACK"",""reason"":""Saved line has no priceListItemId; the new model uses the configured fallback."",""comparisonKnown"":true,""accountEligibility"":""NOT_REVALIDATED_ARCHIVE_HAS_NO_ACCOUNT_ENTITY""},""qbItemId"":""4"",""qbItemName"":""RC-001"",""qbIncomeAccountId"":""16"",""qbIncomeAccountName"":""Billable Expense Income ( 16 )"",""elsetQuantityMicros"":5000000,""qbQuantityMicros"":5000000,""elsetUnitPriceMicros"":70000000,""qbUnitPriceMicros"":70000000,""elsetLineAmountCents"":35000,""qbLineAmountCents"":35000,""DESCRIPTION_DIFF"":false,""DESCRIPTION_FORMAT_ONLY"":false,""DESCRIPTION_CONTENT_DIFF"":false,""PRODUCT_SERVICE_DIFF"":true,""PRODUCT_SERVICE_COMPARISON_UNKNOWN"":false,""INCOME_ACCOUNT_DIFF"":true,""QTY_DIFF"":false,""UNIT_PRICE_DIFF"":false,""LINE_AMOUNT_DIFF"":false}]","false","false","true","false","true","false","false","false","false","false","false","false","false","false","false","false","true","false","false","true","false","false","true","[""EXACT_CUSTOMER_DATE_LINES_TOTALS"",""SAME_CUSTOMER_DATE_TOTAL_DESCRIPTIONS""]","CLEAR_CANONICAL_CANDIDATE","254","Unique full business-content match with no competing mapped or exact-content ELSET owner. Other shared reference claims lack full content equality. Diagnostic recommendation only; reference differences and paid history still require review before linking."
"INV-0234","servicem8-job-019fcb12-92b2-7eaa-947d-d503e20f1a8d:invoice","ROSS-HUNT real estate","2026-08-04","60000","6000","66000","66000","0","","255","234","Paul Rosen","30","2026-08-05","68000","6800","74800","0","74800","[""Payment""]","[{""type"":""Payment"",""id"":""257"",""via"":""payment allocation""}]","[{""id"":""257"",""date"":""2026-08-06"",""customerId"":""30"",""totalCents"":74800,""unappliedCents"":0,""allocations"":[{""amountCents"":74800,""links"":[{""TxnId"":""255"",""TxnType"":""Invoice""}]}],""metadata"":{""CreateTime"":""2026-08-06T17:30:47-07:00"",""LastUpdatedTime"":""2026-08-06T17:30:47-07:00""}}]","2026-08-04T16:36:48-07:00","2026-08-06T17:32:23-07:00","[]","[{""invoiceNumber"":""INV-0235"",""mapped"":false,""evidence"":[""EXACT_CUSTOMER_DATE_LINES_TOTALS"",""SAME_CUSTOMER_DATE_TOTAL_DESCRIPTIONS""],""businessContentMatch"":true}]","{""CUSTOMER_MATCH"":false,""DATE_MATCH"":false,""DOC_NUMBER_MATCH"":false,""LINE_COUNT_MATCH"":true,""PRODUCT_SERVICE_MATCH"":false,""DESCRIPTION_MATCH"":false,""QTY_MATCH"":false,""UNIT_PRICE_MATCH"":false,""LINE_AMOUNT_MATCH"":false,""SUBTOTAL_MATCH"":false,""GST_MATCH"":false,""TOTAL_MATCH"":false,""BALANCE_MATCH"":true,""PAYMENT_STATE_MATCH"":true}","[{""field"":""subtotal"",""elset"":60000,""quickbooks"":68000,""unit"":""AUD cents""},{""field"":""gst"",""elset"":6000,""quickbooks"":6800,""unit"":""AUD cents""},{""field"":""total"",""elset"":66000,""quickbooks"":74800,""unit"":""AUD cents""},{""field"":""paid_vs_inferred_paid"",""elset"":66000,""quickbooks"":74800,""unit"":""AUD cents""},{""field"":""unit_price"",""position"":1,""elset"":250000000,""quickbooks"":350000000,""unit"":""AUD millionths""},{""field"":""line_amount"",""position"":1,""elset"":25000,""quickbooks"":35000,""unit"":""AUD cents""},{""field"":""unit_price"",""position"":2,""elset"":70000000,""quickbooks"":330000000,""unit"":""AUD millionths""},{""field"":""line_amount"",""position"":2,""elset"":35000,""quickbooks"":33000,""unit"":""AUD cents""}]","[{""position"":1,""qbPosition"":1,""lineAlignment"":""POSITION_REQUIRES_REVIEW"",""elsetLineId"":""servicem8-material-019fcb12-92b9-7eaa-947c-55ba6caca5ed"",""priceListItemId"":"""",""elsetDescription"":""Service Call out ."",""qbDescription"":""Yearly maintenance service"",""expectedItem"":{""id"":""123"",""name"":""ELSET Services"",""incomeAccountId"":""9"",""status"":""FALLBACK"",""reason"":""Saved line has no priceListItemId; the new model uses the configured fallback."",""comparisonKnown"":true,""accountEligibility"":""NOT_REVALIDATED_ARCHIVE_HAS_NO_ACCOUNT_ENTITY""},""qbItemId"":""8"",""qbItemName"":""SCO-001"",""qbIncomeAccountId"":""16"",""qbIncomeAccountName"":""Billable Expense Income ( 16 )"",""elsetQuantityMicros"":1000000,""qbQuantityMicros"":1000000,""elsetUnitPriceMicros"":250000000,""qbUnitPriceMicros"":350000000,""elsetLineAmountCents"":25000,""qbLineAmountCents"":35000,""DESCRIPTION_DIFF"":true,""DESCRIPTION_FORMAT_ONLY"":false,""DESCRIPTION_CONTENT_DIFF"":true,""PRODUCT_SERVICE_DIFF"":true,""PRODUCT_SERVICE_COMPARISON_UNKNOWN"":false,""INCOME_ACCOUNT_DIFF"":true,""QTY_DIFF"":false,""UNIT_PRICE_DIFF"":true,""LINE_AMOUNT_DIFF"":true},{""position"":2,""qbPosition"":2,""lineAlignment"":""POSITION_REQUIRES_REVIEW"",""elsetLineId"":""servicem8-material-019fcb13-4c02-7eaa-947c-872462031a6d"",""priceListItemId"":"""",""elsetDescription"":""Remote control"",""qbDescription"":""Repairs to control board and over ride switch"",""expectedItem"":{""id"":""123"",""name"":""ELSET Services"",""incomeAccountId"":""9"",""status"":""FALLBACK"",""reason"":""Saved line has no priceListItemId; the new model uses the configured fallback."",""comparisonKnown"":true,""accountEligibility"":""NOT_REVALIDATED_ARCHIVE_HAS_NO_ACCOUNT_ENTITY""},""qbItemId"":""75"",""qbItemName"":""Repairs"",""qbIncomeAccountId"":""16"",""qbIncomeAccountName"":""Billable Expense Income ( 16 )"",""elsetQuantityMicros"":5000000,""qbQuantityMicros"":1000000,""elsetUnitPriceMicros"":70000000,""qbUnitPriceMicros"":330000000,""elsetLineAmountCents"":35000,""qbLineAmountCents"":33000,""DESCRIPTION_DIFF"":true,""DESCRIPTION_FORMAT_ONLY"":false,""DESCRIPTION_CONTENT_DIFF"":true,""PRODUCT_SERVICE_DIFF"":true,""PRODUCT_SERVICE_COMPARISON_UNKNOWN"":false,""INCOME_ACCOUNT_DIFF"":true,""QTY_DIFF"":true,""UNIT_PRICE_DIFF"":true,""LINE_AMOUNT_DIFF"":true}]","true","true","true","false","true","true","true","true","true","true","true","true","false","false","false","true","false","false","true","false","false","false","true","[""NUMBER_VARIANT_ONLY""]","CLEAR_CANONICAL_CANDIDATE","254","Unique full business-content match with no competing mapped or exact-content ELSET owner. Other shared reference claims lack full content equality. Diagnostic recommendation only; reference differences and paid history still require review before linking."
"INV-0235","servicem8-job-019fcf1c-3dc1-7eaa-947c-db183bd14e7d:invoice","Paul Rosen","2026-08-05","68000","6800","74800","74800","0","","255","234","Paul Rosen","30","2026-08-05","68000","6800","74800","0","74800","[""Payment""]","[{""type"":""Payment"",""id"":""257"",""via"":""payment allocation""}]","[{""id"":""257"",""date"":""2026-08-06"",""customerId"":""30"",""totalCents"":74800,""unappliedCents"":0,""allocations"":[{""amountCents"":74800,""links"":[{""TxnId"":""255"",""TxnType"":""Invoice""}]}],""metadata"":{""CreateTime"":""2026-08-06T17:30:47-07:00"",""LastUpdatedTime"":""2026-08-06T17:30:47-07:00""}}]","2026-08-04T16:36:48-07:00","2026-08-06T17:32:23-07:00","[]","[{""invoiceNumber"":""INV-0234"",""mapped"":false,""evidence"":[""NUMBER_VARIANT_ONLY""],""businessContentMatch"":false}]","{""CUSTOMER_MATCH"":true,""DATE_MATCH"":true,""DOC_NUMBER_MATCH"":false,""LINE_COUNT_MATCH"":true,""PRODUCT_SERVICE_MATCH"":false,""DESCRIPTION_MATCH"":true,""QTY_MATCH"":true,""UNIT_PRICE_MATCH"":true,""LINE_AMOUNT_MATCH"":true,""SUBTOTAL_MATCH"":true,""GST_MATCH"":true,""TOTAL_MATCH"":true,""BALANCE_MATCH"":true,""PAYMENT_STATE_MATCH"":true}","[]","[{""position"":1,""qbPosition"":1,""lineAlignment"":""EXACT_CONTENT_BIJECTION"",""elsetLineId"":""servicem8-material-019fcf1f-806a-7eaa-947d-a78d5f8ad61d"",""priceListItemId"":"""",""elsetDescription"":""Yearly maintenance service"",""qbDescription"":""Yearly maintenance service"",""expectedItem"":{""id"":""123"",""name"":""ELSET Services"",""incomeAccountId"":""9"",""status"":""FALLBACK"",""reason"":""Saved line has no priceListItemId; the new model uses the configured fallback."",""comparisonKnown"":true,""accountEligibility"":""NOT_REVALIDATED_ARCHIVE_HAS_NO_ACCOUNT_ENTITY""},""qbItemId"":""8"",""qbItemName"":""SCO-001"",""qbIncomeAccountId"":""16"",""qbIncomeAccountName"":""Billable Expense Income ( 16 )"",""elsetQuantityMicros"":1000000,""qbQuantityMicros"":1000000,""elsetUnitPriceMicros"":350000000,""qbUnitPriceMicros"":350000000,""elsetLineAmountCents"":35000,""qbLineAmountCents"":35000,""DESCRIPTION_DIFF"":false,""DESCRIPTION_FORMAT_ONLY"":false,""DESCRIPTION_CONTENT_DIFF"":false,""PRODUCT_SERVICE_DIFF"":true,""PRODUCT_SERVICE_COMPARISON_UNKNOWN"":false,""INCOME_ACCOUNT_DIFF"":true,""QTY_DIFF"":false,""UNIT_PRICE_DIFF"":false,""LINE_AMOUNT_DIFF"":false},{""position"":2,""qbPosition"":2,""lineAlignment"":""EXACT_CONTENT_BIJECTION"",""elsetLineId"":""servicem8-material-019fcf20-c828-7eaa-947d-18e28657024d"",""priceListItemId"":"""",""elsetDescription"":""Repairs to control board and over ride switch"",""qbDescription"":""Repairs to control board and over ride switch"",""expectedItem"":{""id"":""123"",""name"":""ELSET Services"",""incomeAccountId"":""9"",""status"":""FALLBACK"",""reason"":""Saved line has no priceListItemId; the new model uses the configured fallback."",""comparisonKnown"":true,""accountEligibility"":""NOT_REVALIDATED_ARCHIVE_HAS_NO_ACCOUNT_ENTITY""},""qbItemId"":""75"",""qbItemName"":""Repairs"",""qbIncomeAccountId"":""16"",""qbIncomeAccountName"":""Billable Expense Income ( 16 )"",""elsetQuantityMicros"":1000000,""qbQuantityMicros"":1000000,""elsetUnitPriceMicros"":330000000,""qbUnitPriceMicros"":330000000,""elsetLineAmountCents"":33000,""qbLineAmountCents"":33000,""DESCRIPTION_DIFF"":false,""DESCRIPTION_FORMAT_ONLY"":false,""DESCRIPTION_CONTENT_DIFF"":false,""PRODUCT_SERVICE_DIFF"":true,""PRODUCT_SERVICE_COMPARISON_UNKNOWN"":false,""INCOME_ACCOUNT_DIFF"":true,""QTY_DIFF"":false,""UNIT_PRICE_DIFF"":false,""LINE_AMOUNT_DIFF"":false}]","false","false","true","false","true","false","false","false","false","false","false","false","false","false","false","false","true","false","false","true","false","false","true","[""EXACT_CUSTOMER_DATE_LINES_TOTALS"",""SAME_CUSTOMER_DATE_TOTAL_DESCRIPTIONS""]","CLEAR_CANONICAL_CANDIDATE","255","Unique full business-content match with no competing mapped or exact-content ELSET owner. Other shared reference claims lack full content equality. Diagnostic recommendation only; reference differences and paid history still require review before linking."
"INV-0235","servicem8-job-019fcf1c-3dc1-7eaa-947c-db183bd14e7d:invoice","Paul Rosen","2026-08-05","68000","6800","74800","74800","0","","256","235","Kate Collins","60","2026-08-06","25000","2500","27500","27500","0","[]","[]","[]","2026-08-05T20:47:23-07:00","2026-08-05T20:47:23-07:00","[]","[{""invoiceNumber"":""INV-0236"",""mapped"":false,""evidence"":[""EXACT_CUSTOMER_DATE_LINES_TOTALS"",""SAME_CUSTOMER_DATE_TOTAL_DESCRIPTIONS""],""businessContentMatch"":true}]","{""CUSTOMER_MATCH"":false,""DATE_MATCH"":false,""DOC_NUMBER_MATCH"":false,""LINE_COUNT_MATCH"":false,""PRODUCT_SERVICE_MATCH"":null,""DESCRIPTION_MATCH"":false,""QTY_MATCH"":false,""UNIT_PRICE_MATCH"":false,""LINE_AMOUNT_MATCH"":false,""SUBTOTAL_MATCH"":false,""GST_MATCH"":false,""TOTAL_MATCH"":false,""BALANCE_MATCH"":false,""PAYMENT_STATE_MATCH"":false}","[{""field"":""subtotal"",""elset"":68000,""quickbooks"":25000,""unit"":""AUD cents""},{""field"":""gst"",""elset"":6800,""quickbooks"":2500,""unit"":""AUD cents""},{""field"":""total"",""elset"":74800,""quickbooks"":27500,""unit"":""AUD cents""},{""field"":""balance"",""elset"":0,""quickbooks"":27500,""unit"":""AUD cents""},{""field"":""paid_vs_inferred_paid"",""elset"":74800,""quickbooks"":0,""unit"":""AUD cents""},{""field"":""unit_price"",""position"":1,""elset"":350000000,""quickbooks"":250000000,""unit"":""AUD millionths""},{""field"":""line_amount"",""position"":1,""elset"":35000,""quickbooks"":25000,""unit"":""AUD cents""},{""field"":""unit_price"",""position"":2,""elset"":330000000,""quickbooks"":null,""unit"":""AUD millionths""},{""field"":""line_amount"",""position"":2,""elset"":33000,""quickbooks"":null,""unit"":""AUD cents""}]","[{""position"":1,""qbPosition"":1,""lineAlignment"":""POSITION_REQUIRES_REVIEW"",""elsetLineId"":""servicem8-material-019fcf1f-806a-7eaa-947d-a78d5f8ad61d"",""priceListItemId"":"""",""elsetDescription"":""Yearly maintenance service"",""qbDescription"":""Service Call out ."",""expectedItem"":{""id"":""123"",""name"":""ELSET Services"",""incomeAccountId"":""9"",""status"":""FALLBACK"",""reason"":""Saved line has no priceListItemId; the new model uses the configured fallback."",""comparisonKnown"":true,""accountEligibility"":""NOT_REVALIDATED_ARCHIVE_HAS_NO_ACCOUNT_ENTITY""},""qbItemId"":""8"",""qbItemName"":""SCO-001"",""qbIncomeAccountId"":""16"",""qbIncomeAccountName"":""Billable Expense Income ( 16 )"",""elsetQuantityMicros"":1000000,""qbQuantityMicros"":1000000,""elsetUnitPriceMicros"":350000000,""qbUnitPriceMicros"":250000000,""elsetLineAmountCents"":35000,""qbLineAmountCents"":25000,""DESCRIPTION_DIFF"":true,""DESCRIPTION_FORMAT_ONLY"":false,""DESCRIPTION_CONTENT_DIFF"":true,""PRODUCT_SERVICE_DIFF"":true,""PRODUCT_SERVICE_COMPARISON_UNKNOWN"":false,""INCOME_ACCOUNT_DIFF"":true,""QTY_DIFF"":false,""UNIT_PRICE_DIFF"":true,""LINE_AMOUNT_DIFF"":true},{""position"":2,""qbPosition"":2,""lineAlignment"":""POSITION_REQUIRES_REVIEW"",""elsetLineId"":""servicem8-material-019fcf20-c828-7eaa-947d-18e28657024d"",""priceListItemId"":"""",""elsetDescription"":""Repairs to control board and over ride switch"",""qbDescription"":null,""expectedItem"":{""id"":""123"",""name"":""ELSET Services"",""incomeAccountId"":""9"",""status"":""FALLBACK"",""reason"":""Saved line has no priceListItemId; the new model uses the configured fallback."",""comparisonKnown"":true,""accountEligibility"":""NOT_REVALIDATED_ARCHIVE_HAS_NO_ACCOUNT_ENTITY""},""qbItemId"":"""",""qbItemName"":"""",""qbIncomeAccountId"":"""",""qbIncomeAccountName"":"""",""elsetQuantityMicros"":1000000,""qbQuantityMicros"":null,""elsetUnitPriceMicros"":330000000,""qbUnitPriceMicros"":null,""elsetLineAmountCents"":33000,""qbLineAmountCents"":null,""DESCRIPTION_DIFF"":true,""DESCRIPTION_FORMAT_ONLY"":false,""DESCRIPTION_CONTENT_DIFF"":true,""PRODUCT_SERVICE_DIFF"":false,""PRODUCT_SERVICE_COMPARISON_UNKNOWN"":true,""INCOME_ACCOUNT_DIFF"":false,""QTY_DIFF"":true,""UNIT_PRICE_DIFF"":true,""LINE_AMOUNT_DIFF"":true}]","true","true","true","true","true","true","true","true","true","true","true","true","true","true","false","true","false","false","true","false","false","true","true","[""NUMBER_VARIANT_ONLY""]","CLEAR_CANONICAL_CANDIDATE","255","Unique full business-content match with no competing mapped or exact-content ELSET owner. Other shared reference claims lack full content equality. Diagnostic recommendation only; reference differences and paid history still require review before linking."
"INV-0236","servicem8-job-019fd52e-16ac-7eaa-947c-0fb356f9bf1d:invoice","Kate Collins","2026-08-06","25000","2500","27500","27500","0","","256","235","Kate Collins","60","2026-08-06","25000","2500","27500","27500","0","[]","[]","[]","2026-08-05T20:47:23-07:00","2026-08-05T20:47:23-07:00","[]","[{""invoiceNumber"":""INV-0235"",""mapped"":false,""evidence"":[""NUMBER_VARIANT_ONLY""],""businessContentMatch"":false}]","{""CUSTOMER_MATCH"":true,""DATE_MATCH"":true,""DOC_NUMBER_MATCH"":false,""LINE_COUNT_MATCH"":true,""PRODUCT_SERVICE_MATCH"":false,""DESCRIPTION_MATCH"":true,""QTY_MATCH"":true,""UNIT_PRICE_MATCH"":true,""LINE_AMOUNT_MATCH"":true,""SUBTOTAL_MATCH"":true,""GST_MATCH"":true,""TOTAL_MATCH"":true,""BALANCE_MATCH"":false,""PAYMENT_STATE_MATCH"":false}","[{""field"":""balance"",""elset"":0,""quickbooks"":27500,""unit"":""AUD cents""},{""field"":""paid_vs_inferred_paid"",""elset"":27500,""quickbooks"":0,""unit"":""AUD cents""}]","[{""position"":1,""qbPosition"":1,""lineAlignment"":""EXACT_CONTENT_BIJECTION"",""elsetLineId"":""servicem8-material-019fd52e-16b3-7eaa-947c-fcdb6fc4899d"",""priceListItemId"":"""",""elsetDescription"":""Service Call out ."",""qbDescription"":""Service Call out ."",""expectedItem"":{""id"":""123"",""name"":""ELSET Services"",""incomeAccountId"":""9"",""status"":""FALLBACK"",""reason"":""Saved line has no priceListItemId; the new model uses the configured fallback."",""comparisonKnown"":true,""accountEligibility"":""NOT_REVALIDATED_ARCHIVE_HAS_NO_ACCOUNT_ENTITY""},""qbItemId"":""8"",""qbItemName"":""SCO-001"",""qbIncomeAccountId"":""16"",""qbIncomeAccountName"":""Billable Expense Income ( 16 )"",""elsetQuantityMicros"":1000000,""qbQuantityMicros"":1000000,""elsetUnitPriceMicros"":250000000,""qbUnitPriceMicros"":250000000,""elsetLineAmountCents"":25000,""qbLineAmountCents"":25000,""DESCRIPTION_DIFF"":false,""DESCRIPTION_FORMAT_ONLY"":false,""DESCRIPTION_CONTENT_DIFF"":false,""PRODUCT_SERVICE_DIFF"":true,""PRODUCT_SERVICE_COMPARISON_UNKNOWN"":false,""INCOME_ACCOUNT_DIFF"":true,""QTY_DIFF"":false,""UNIT_PRICE_DIFF"":false,""LINE_AMOUNT_DIFF"":false}]","false","false","true","false","true","false","false","false","false","false","false","false","true","true","false","false","true","false","false","true","false","false","true","[""EXACT_CUSTOMER_DATE_LINES_TOTALS"",""SAME_CUSTOMER_DATE_TOTAL_DESCRIPTIONS""]","CLEAR_CANONICAL_CANDIDATE","256","Unique full business-content match with no competing mapped or exact-content ELSET owner. Other shared reference claims lack full content equality. Diagnostic recommendation only; reference differences and paid history still require review before linking."
"INV-0236","servicem8-job-019fd52e-16ac-7eaa-947c-0fb356f9bf1d:invoice","Kate Collins","2026-08-06","25000","2500","27500","27500","0","","291","236","NORTHEN INVESTMENT ENTERPRISES","85","2026-08-06","55300","5530","60830","0","60830","[""Payment""]","[{""type"":""Payment"",""id"":""306"",""via"":""payment allocation""}]","[{""id"":""306"",""date"":""2026-08-06"",""customerId"":""85"",""totalCents"":60830,""unappliedCents"":0,""allocations"":[{""amountCents"":60830,""links"":[{""TxnId"":""291"",""TxnType"":""Invoice""}]}],""metadata"":{""CreateTime"":""2026-08-11T16:28:56-07:00"",""LastUpdatedTime"":""2026-08-11T16:28:56-07:00""}}]","2026-08-11T16:28:20-07:00","2026-08-11T16:48:35-07:00","[]","[{""invoiceNumber"":""INV-0237"",""mapped"":false,""evidence"":[""EXACT_CUSTOMER_DATE_LINES_TOTALS"",""SAME_CUSTOMER_DATE_TOTAL_DESCRIPTIONS""],""businessContentMatch"":true}]","{""CUSTOMER_MATCH"":false,""DATE_MATCH"":true,""DOC_NUMBER_MATCH"":false,""LINE_COUNT_MATCH"":false,""PRODUCT_SERVICE_MATCH"":null,""DESCRIPTION_MATCH"":false,""QTY_MATCH"":false,""UNIT_PRICE_MATCH"":false,""LINE_AMOUNT_MATCH"":false,""SUBTOTAL_MATCH"":false,""GST_MATCH"":false,""TOTAL_MATCH"":false,""BALANCE_MATCH"":true,""PAYMENT_STATE_MATCH"":true}","[{""field"":""subtotal"",""elset"":25000,""quickbooks"":55300,""unit"":""AUD cents""},{""field"":""gst"",""elset"":2500,""quickbooks"":5530,""unit"":""AUD cents""},{""field"":""total"",""elset"":27500,""quickbooks"":60830,""unit"":""AUD cents""},{""field"":""paid_vs_inferred_paid"",""elset"":27500,""quickbooks"":60830,""unit"":""AUD cents""},{""field"":""unit_price"",""position"":2,""elset"":null,""quickbooks"":303000000,""unit"":""AUD millionths""},{""field"":""line_amount"",""position"":2,""elset"":null,""quickbooks"":30300,""unit"":""AUD cents""}]","[{""position"":1,""qbPosition"":1,""lineAlignment"":""POSITION_REQUIRES_REVIEW"",""elsetLineId"":""servicem8-material-019fd52e-16b3-7eaa-947c-fcdb6fc4899d"",""priceListItemId"":"""",""elsetDescription"":""Service Call out ."",""qbDescription"":""Service Call out ."",""expectedItem"":{""id"":""123"",""name"":""ELSET Services"",""incomeAccountId"":""9"",""status"":""FALLBACK"",""reason"":""Saved line has no priceListItemId; the new model uses the configured fallback."",""comparisonKnown"":true,""accountEligibility"":""NOT_REVALIDATED_ARCHIVE_HAS_NO_ACCOUNT_ENTITY""},""qbItemId"":""8"",""qbItemName"":""SCO-001"",""qbIncomeAccountId"":""16"",""qbIncomeAccountName"":""Billable Expense Income ( 16 )"",""elsetQuantityMicros"":1000000,""qbQuantityMicros"":1000000,""elsetUnitPriceMicros"":250000000,""qbUnitPriceMicros"":250000000,""elsetLineAmountCents"":25000,""qbLineAmountCents"":25000,""DESCRIPTION_DIFF"":false,""DESCRIPTION_FORMAT_ONLY"":false,""DESCRIPTION_CONTENT_DIFF"":false,""PRODUCT_SERVICE_DIFF"":true,""PRODUCT_SERVICE_COMPARISON_UNKNOWN"":false,""INCOME_ACCOUNT_DIFF"":true,""QTY_DIFF"":false,""UNIT_PRICE_DIFF"":false,""LINE_AMOUNT_DIFF"":false},{""position"":2,""qbPosition"":2,""lineAlignment"":""POSITION_REQUIRES_REVIEW"",""elsetLineId"":"""",""priceListItemId"":"""",""elsetDescription"":null,""qbDescription"":""New control board for Boss roller door opener."",""expectedItem"":null,""qbItemId"":""106"",""qbItemName"":""CONTROL BOARD"",""qbIncomeAccountId"":""16"",""qbIncomeAccountName"":""Billable Expense Income ( 16 )"",""elsetQuantityMicros"":null,""qbQuantityMicros"":1000000,""elsetUnitPriceMicros"":null,""qbUnitPriceMicros"":303000000,""elsetLineAmountCents"":null,""qbLineAmountCents"":30300,""DESCRIPTION_DIFF"":true,""DESCRIPTION_FORMAT_ONLY"":false,""DESCRIPTION_CONTENT_DIFF"":true,""PRODUCT_SERVICE_DIFF"":false,""PRODUCT_SERVICE_COMPARISON_UNKNOWN"":true,""INCOME_ACCOUNT_DIFF"":false,""QTY_DIFF"":true,""UNIT_PRICE_DIFF"":true,""LINE_AMOUNT_DIFF"":true}]","true","false","true","true","true","true","true","true","true","true","true","true","false","false","false","true","false","false","true","false","false","true","true","[""NUMBER_VARIANT_ONLY""]","CLEAR_CANONICAL_CANDIDATE","256","Unique full business-content match with no competing mapped or exact-content ELSET owner. Other shared reference claims lack full content equality. Diagnostic recommendation only; reference differences and paid history still require review before linking."
"INV-0237","servicem8-job-019fd532-ec91-7eaa-947d-b1068581566d:invoice","NORTHEN INVESTMENT ENTERPRISES","2026-08-06","55300","5530","60830","60830","0","","291","236","NORTHEN INVESTMENT ENTERPRISES","85","2026-08-06","55300","5530","60830","0","60830","[""Payment""]","[{""type"":""Payment"",""id"":""306"",""via"":""payment allocation""}]","[{""id"":""306"",""date"":""2026-08-06"",""customerId"":""85"",""totalCents"":60830,""unappliedCents"":0,""allocations"":[{""amountCents"":60830,""links"":[{""TxnId"":""291"",""TxnType"":""Invoice""}]}],""metadata"":{""CreateTime"":""2026-08-11T16:28:56-07:00"",""LastUpdatedTime"":""2026-08-11T16:28:56-07:00""}}]","2026-08-11T16:28:20-07:00","2026-08-11T16:48:35-07:00","[]","[{""invoiceNumber"":""INV-0236"",""mapped"":false,""evidence"":[""NUMBER_VARIANT_ONLY""],""businessContentMatch"":false}]","{""CUSTOMER_MATCH"":true,""DATE_MATCH"":true,""DOC_NUMBER_MATCH"":false,""LINE_COUNT_MATCH"":true,""PRODUCT_SERVICE_MATCH"":false,""DESCRIPTION_MATCH"":true,""QTY_MATCH"":true,""UNIT_PRICE_MATCH"":true,""LINE_AMOUNT_MATCH"":true,""SUBTOTAL_MATCH"":true,""GST_MATCH"":true,""TOTAL_MATCH"":true,""BALANCE_MATCH"":true,""PAYMENT_STATE_MATCH"":true}","[]","[{""position"":1,""qbPosition"":1,""lineAlignment"":""EXACT_CONTENT_BIJECTION"",""elsetLineId"":""servicem8-material-019fd532-ec9a-7eaa-947d-c23d9424e75d"",""priceListItemId"":"""",""elsetDescription"":""Service Call out ."",""qbDescription"":""Service Call out ."",""expectedItem"":{""id"":""123"",""name"":""ELSET Services"",""incomeAccountId"":""9"",""status"":""FALLBACK"",""reason"":""Saved line has no priceListItemId; the new model uses the configured fallback."",""comparisonKnown"":true,""accountEligibility"":""NOT_REVALIDATED_ARCHIVE_HAS_NO_ACCOUNT_ENTITY""},""qbItemId"":""8"",""qbItemName"":""SCO-001"",""qbIncomeAccountId"":""16"",""qbIncomeAccountName"":""Billable Expense Income ( 16 )"",""elsetQuantityMicros"":1000000,""qbQuantityMicros"":1000000,""elsetUnitPriceMicros"":250000000,""qbUnitPriceMicros"":250000000,""elsetLineAmountCents"":25000,""qbLineAmountCents"":25000,""DESCRIPTION_DIFF"":false,""DESCRIPTION_FORMAT_ONLY"":false,""DESCRIPTION_CONTENT_DIFF"":false,""PRODUCT_SERVICE_DIFF"":true,""PRODUCT_SERVICE_COMPARISON_UNKNOWN"":false,""INCOME_ACCOUNT_DIFF"":true,""QTY_DIFF"":false,""UNIT_PRICE_DIFF"":false,""LINE_AMOUNT_DIFF"":false},{""position"":2,""qbPosition"":2,""lineAlignment"":""EXACT_CONTENT_BIJECTION"",""elsetLineId"":""servicem8-material-019fd535-4f6d-7eaa-947c-36cc4724b70d"",""priceListItemId"":"""",""elsetDescription"":""New control board for Boss roller door opener."",""qbDescription"":""New control board for Boss roller door opener."",""expectedItem"":{""id"":""123"",""name"":""ELSET Services"",""incomeAccountId"":""9"",""status"":""FALLBACK"",""reason"":""Saved line has no priceListItemId; the new model uses the configured fallback."",""comparisonKnown"":true,""accountEligibility"":""NOT_REVALIDATED_ARCHIVE_HAS_NO_ACCOUNT_ENTITY""},""qbItemId"":""106"",""qbItemName"":""CONTROL BOARD"",""qbIncomeAccountId"":""16"",""qbIncomeAccountName"":""Billable Expense Income ( 16 )"",""elsetQuantityMicros"":1000000,""qbQuantityMicros"":1000000,""elsetUnitPriceMicros"":303000000,""qbUnitPriceMicros"":303000000,""elsetLineAmountCents"":30300,""qbLineAmountCents"":30300,""DESCRIPTION_DIFF"":false,""DESCRIPTION_FORMAT_ONLY"":false,""DESCRIPTION_CONTENT_DIFF"":false,""PRODUCT_SERVICE_DIFF"":true,""PRODUCT_SERVICE_COMPARISON_UNKNOWN"":false,""INCOME_ACCOUNT_DIFF"":true,""QTY_DIFF"":false,""UNIT_PRICE_DIFF"":false,""LINE_AMOUNT_DIFF"":false}]","false","false","true","false","true","false","false","false","false","false","false","false","false","false","false","false","true","false","false","true","false","false","true","[""EXACT_CUSTOMER_DATE_LINES_TOTALS"",""SAME_CUSTOMER_DATE_TOTAL_DESCRIPTIONS""]","CLEAR_CANONICAL_CANDIDATE","291","Unique full business-content match with no competing mapped or exact-content ELSET owner. Other shared reference claims lack full content equality. Diagnostic recommendation only; reference differences and paid history still require review before linking."
"INV-0240","servicem8-job-019fefdc-664c-7eaa-947d-031b5a443e3d:invoice","Smile Constructions Pty Ltd","2026-08-11","65000","6500","71500","71500","0","","278","239","Smile Constructions Pty Ltd","77","2026-08-11","65000","6500","71500","0","71500","[""Payment""]","[{""type"":""Payment"",""id"":""280"",""via"":""payment allocation""}]","[{""id"":""280"",""date"":""2026-08-12"",""customerId"":""77"",""totalCents"":71500,""unappliedCents"":0,""allocations"":[{""amountCents"":71500,""links"":[{""TxnId"":""278"",""TxnType"":""Invoice""}]}],""metadata"":{""CreateTime"":""2026-08-11T16:26:32-07:00"",""LastUpdatedTime"":""2026-08-11T16:26:32-07:00""}}]","2026-08-11T01:11:10-07:00","2026-08-11T16:26:58-07:00","[]","[{""invoiceNumber"":""INV-0239"",""mapped"":false,""evidence"":[""NUMBER_VARIANT_ONLY""],""businessContentMatch"":false}]","{""CUSTOMER_MATCH"":true,""DATE_MATCH"":true,""DOC_NUMBER_MATCH"":false,""LINE_COUNT_MATCH"":true,""PRODUCT_SERVICE_MATCH"":false,""DESCRIPTION_MATCH"":true,""QTY_MATCH"":true,""UNIT_PRICE_MATCH"":true,""LINE_AMOUNT_MATCH"":true,""SUBTOTAL_MATCH"":true,""GST_MATCH"":true,""TOTAL_MATCH"":true,""BALANCE_MATCH"":true,""PAYMENT_STATE_MATCH"":true}","[]","[{""position"":1,""qbPosition"":1,""lineAlignment"":""EXACT_CONTENT_BIJECTION"",""elsetLineId"":""servicem8-material-019fefdc-6652-7eaa-947c-0b55a7bb82fd"",""priceListItemId"":"""",""elsetDescription"":""Eco RDO - INCL 2x handsets and 1 wall remote"",""qbDescription"":""Eco RDO - INCL 2x handsets and 1 wall remote"",""expectedItem"":{""id"":""123"",""name"":""ELSET Services"",""incomeAccountId"":""9"",""status"":""FALLBACK"",""reason"":""Saved line has no priceListItemId; the new model uses the configured fallback."",""comparisonKnown"":true,""accountEligibility"":""NOT_REVALIDATED_ARCHIVE_HAS_NO_ACCOUNT_ENTITY""},""qbItemId"":""101"",""qbItemName"":""ECO-RDO"",""qbIncomeAccountId"":""16"",""qbIncomeAccountName"":""Billable Expense Income ( 16 )"",""elsetQuantityMicros"":1000000,""qbQuantityMicros"":1000000,""elsetUnitPriceMicros"":650000000,""qbUnitPriceMicros"":650000000,""elsetLineAmountCents"":65000,""qbLineAmountCents"":65000,""DESCRIPTION_DIFF"":false,""DESCRIPTION_FORMAT_ONLY"":false,""DESCRIPTION_CONTENT_DIFF"":false,""PRODUCT_SERVICE_DIFF"":true,""PRODUCT_SERVICE_COMPARISON_UNKNOWN"":false,""INCOME_ACCOUNT_DIFF"":true,""QTY_DIFF"":false,""UNIT_PRICE_DIFF"":false,""LINE_AMOUNT_DIFF"":false}]","false","false","true","false","true","false","false","false","false","false","false","false","false","false","false","false","true","false","false","true","false","false","true","[""EXACT_CUSTOMER_DATE_LINES_TOTALS"",""SAME_CUSTOMER_DATE_TOTAL_DESCRIPTIONS""]","CLEAR_CANONICAL_CANDIDATE","278","Unique full business-content match with no competing mapped or exact-content ELSET owner. Other shared reference claims lack full content equality. Diagnostic recommendation only; reference differences and paid history still require review before linking."
"INV-0242","servicem8-job-019ff849-8b27-7eaa-947d-0b2d7b5753dd:invoice","YOUR owners corporation","2026-08-13","136000","13600","149600","149600","0","","343","242","YOUR owners corporation","6","2026-08-13","67000","6700","73700","0","73700","[""Payment""]","[{""type"":""Payment"",""id"":""351"",""via"":""payment allocation""}]","[{""id"":""351"",""date"":""2026-08-20"",""customerId"":""6"",""totalCents"":73700,""unappliedCents"":0,""allocations"":[{""amountCents"":73700,""links"":[{""TxnId"":""343"",""TxnType"":""Invoice""}]}],""metadata"":{""CreateTime"":""2026-09-09T20:26:23-07:00"",""LastUpdatedTime"":""2026-09-09T20:26:23-07:00""}}]","2026-08-12T21:43:32-07:00","2026-09-09T20:26:44-07:00","[]","[{""invoiceNumber"":""INV-0243"",""mapped"":false,""evidence"":[""EXACT_CUSTOMER_DATE_LINES_TOTALS"",""SAME_CUSTOMER_DATE_TOTAL_DESCRIPTIONS""],""businessContentMatch"":true}]","{""CUSTOMER_MATCH"":true,""DATE_MATCH"":true,""DOC_NUMBER_MATCH"":false,""LINE_COUNT_MATCH"":true,""PRODUCT_SERVICE_MATCH"":false,""DESCRIPTION_MATCH"":false,""QTY_MATCH"":false,""UNIT_PRICE_MATCH"":false,""LINE_AMOUNT_MATCH"":false,""SUBTOTAL_MATCH"":false,""GST_MATCH"":false,""TOTAL_MATCH"":false,""BALANCE_MATCH"":true,""PAYMENT_STATE_MATCH"":true}","[{""field"":""subtotal"",""elset"":136000,""quickbooks"":67000,""unit"":""AUD cents""},{""field"":""gst"",""elset"":13600,""quickbooks"":6700,""unit"":""AUD cents""},{""field"":""total"",""elset"":149600,""quickbooks"":73700,""unit"":""AUD cents""},{""field"":""paid_vs_inferred_paid"",""elset"":149600,""quickbooks"":73700,""unit"":""AUD cents""},{""field"":""unit_price"",""position"":2,""elset"":70000000,""quickbooks"":150000000,""unit"":""AUD millionths""},{""field"":""line_amount"",""position"":2,""elset"":84000,""quickbooks"":15000,""unit"":""AUD cents""}]","[{""position"":1,""qbPosition"":1,""lineAlignment"":""POSITION_REQUIRES_REVIEW"",""elsetLineId"":""servicem8-material-019ff84c-c1ae-7eaa-947c-838dc72281bd"",""priceListItemId"":"""",""elsetDescription"":""After Hours Call-Out"",""qbDescription"":""After Hours Call-Out"",""expectedItem"":{""id"":""123"",""name"":""ELSET Services"",""incomeAccountId"":""9"",""status"":""FALLBACK"",""reason"":""Saved line has no priceListItemId; the new model uses the configured fallback."",""comparisonKnown"":true,""accountEligibility"":""NOT_REVALIDATED_ARCHIVE_HAS_NO_ACCOUNT_ENTITY""},""qbItemId"":""92"",""qbItemName"":""After Hours CO"",""qbIncomeAccountId"":""16"",""qbIncomeAccountName"":""Billable Expense Income ( 16 )"",""elsetQuantityMicros"":1000000,""qbQuantityMicros"":1000000,""elsetUnitPriceMicros"":520000000,""qbUnitPriceMicros"":520000000,""elsetLineAmountCents"":52000,""qbLineAmountCents"":52000,""DESCRIPTION_DIFF"":false,""DESCRIPTION_FORMAT_ONLY"":false,""DESCRIPTION_CONTENT_DIFF"":false,""PRODUCT_SERVICE_DIFF"":true,""PRODUCT_SERVICE_COMPARISON_UNKNOWN"":false,""INCOME_ACCOUNT_DIFF"":true,""QTY_DIFF"":false,""UNIT_PRICE_DIFF"":false,""LINE_AMOUNT_DIFF"":false},{""position"":2,""qbPosition"":2,""lineAlignment"":""POSITION_REQUIRES_REVIEW"",""elsetLineId"":""servicem8-material-019ff84c-dff1-7eaa-947c-a75b49b36c9d"",""priceListItemId"":"""",""elsetDescription"":""Remote control handsets"",""qbDescription"":""Repairs on Safety beams"",""expectedItem"":{""id"":""123"",""name"":""ELSET Services"",""incomeAccountId"":""9"",""status"":""FALLBACK"",""reason"":""Saved line has no priceListItemId; the new model uses the configured fallback."",""comparisonKnown"":true,""accountEligibility"":""NOT_REVALIDATED_ARCHIVE_HAS_NO_ACCOUNT_ENTITY""},""qbItemId"":""75"",""qbItemName"":""Repairs"",""qbIncomeAccountId"":""16"",""qbIncomeAccountName"":""Billable Expense Income ( 16 )"",""elsetQuantityMicros"":12000000,""qbQuantityMicros"":1000000,""elsetUnitPriceMicros"":70000000,""qbUnitPriceMicros"":150000000,""elsetLineAmountCents"":84000,""qbLineAmountCents"":15000,""DESCRIPTION_DIFF"":true,""DESCRIPTION_FORMAT_ONLY"":false,""DESCRIPTION_CONTENT_DIFF"":true,""PRODUCT_SERVICE_DIFF"":true,""PRODUCT_SERVICE_COMPARISON_UNKNOWN"":false,""INCOME_ACCOUNT_DIFF"":true,""QTY_DIFF"":true,""UNIT_PRICE_DIFF"":true,""LINE_AMOUNT_DIFF"":true}]","false","false","true","false","true","true","true","true","true","true","true","true","false","false","false","true","false","false","true","false","false","false","true","[""NUMBER_VARIANT_WITH_CORROBORATION""]","REVIEW_REQUIRED","","No single candidate matches customer, date, descriptions, quantities, rates and totals."
"INV-0243","servicem8-job-019ff96c-f7e2-7eaa-947c-ac7fb547723d:invoice","YOUR owners corporation","2026-08-13","67000","6700","73700","73700","0","","343","242","YOUR owners corporation","6","2026-08-13","67000","6700","73700","0","73700","[""Payment""]","[{""type"":""Payment"",""id"":""351"",""via"":""payment allocation""}]","[{""id"":""351"",""date"":""2026-08-20"",""customerId"":""6"",""totalCents"":73700,""unappliedCents"":0,""allocations"":[{""amountCents"":73700,""links"":[{""TxnId"":""343"",""TxnType"":""Invoice""}]}],""metadata"":{""CreateTime"":""2026-09-09T20:26:23-07:00"",""LastUpdatedTime"":""2026-09-09T20:26:23-07:00""}}]","2026-08-12T21:43:32-07:00","2026-09-09T20:26:44-07:00","[]","[{""invoiceNumber"":""INV-0242"",""mapped"":false,""evidence"":[""NUMBER_VARIANT_WITH_CORROBORATION""],""businessContentMatch"":false}]","{""CUSTOMER_MATCH"":true,""DATE_MATCH"":true,""DOC_NUMBER_MATCH"":false,""LINE_COUNT_MATCH"":true,""PRODUCT_SERVICE_MATCH"":false,""DESCRIPTION_MATCH"":true,""QTY_MATCH"":true,""UNIT_PRICE_MATCH"":true,""LINE_AMOUNT_MATCH"":true,""SUBTOTAL_MATCH"":true,""GST_MATCH"":true,""TOTAL_MATCH"":true,""BALANCE_MATCH"":true,""PAYMENT_STATE_MATCH"":true}","[]","[{""position"":1,""qbPosition"":1,""lineAlignment"":""EXACT_CONTENT_BIJECTION"",""elsetLineId"":""servicem8-material-019ff96c-f7f1-7eaa-947c-ff646c9a8f9d"",""priceListItemId"":"""",""elsetDescription"":""After Hours Call-Out"",""qbDescription"":""After Hours Call-Out"",""expectedItem"":{""id"":""123"",""name"":""ELSET Services"",""incomeAccountId"":""9"",""status"":""FALLBACK"",""reason"":""Saved line has no priceListItemId; the new model uses the configured fallback."",""comparisonKnown"":true,""accountEligibility"":""NOT_REVALIDATED_ARCHIVE_HAS_NO_ACCOUNT_ENTITY""},""qbItemId"":""92"",""qbItemName"":""After Hours CO"",""qbIncomeAccountId"":""16"",""qbIncomeAccountName"":""Billable Expense Income ( 16 )"",""elsetQuantityMicros"":1000000,""qbQuantityMicros"":1000000,""elsetUnitPriceMicros"":520000000,""qbUnitPriceMicros"":520000000,""elsetLineAmountCents"":52000,""qbLineAmountCents"":52000,""DESCRIPTION_DIFF"":false,""DESCRIPTION_FORMAT_ONLY"":false,""DESCRIPTION_CONTENT_DIFF"":false,""PRODUCT_SERVICE_DIFF"":true,""PRODUCT_SERVICE_COMPARISON_UNKNOWN"":false,""INCOME_ACCOUNT_DIFF"":true,""QTY_DIFF"":false,""UNIT_PRICE_DIFF"":false,""LINE_AMOUNT_DIFF"":false},{""position"":2,""qbPosition"":2,""lineAlignment"":""EXACT_CONTENT_BIJECTION"",""elsetLineId"":""servicem8-material-019ff96d-946d-7eaa-947d-850be6e16f6d"",""priceListItemId"":"""",""elsetDescription"":""Repairs on Safety beams"",""qbDescription"":""Repairs on Safety beams"",""expectedItem"":{""id"":""123"",""name"":""ELSET Services"",""incomeAccountId"":""9"",""status"":""FALLBACK"",""reason"":""Saved line has no priceListItemId; the new model uses the configured fallback."",""comparisonKnown"":true,""accountEligibility"":""NOT_REVALIDATED_ARCHIVE_HAS_NO_ACCOUNT_ENTITY""},""qbItemId"":""75"",""qbItemName"":""Repairs"",""qbIncomeAccountId"":""16"",""qbIncomeAccountName"":""Billable Expense Income ( 16 )"",""elsetQuantityMicros"":1000000,""qbQuantityMicros"":1000000,""elsetUnitPriceMicros"":150000000,""qbUnitPriceMicros"":150000000,""elsetLineAmountCents"":15000,""qbLineAmountCents"":15000,""DESCRIPTION_DIFF"":false,""DESCRIPTION_FORMAT_ONLY"":false,""DESCRIPTION_CONTENT_DIFF"":false,""PRODUCT_SERVICE_DIFF"":true,""PRODUCT_SERVICE_COMPARISON_UNKNOWN"":false,""INCOME_ACCOUNT_DIFF"":true,""QTY_DIFF"":false,""UNIT_PRICE_DIFF"":false,""LINE_AMOUNT_DIFF"":false}]","false","false","true","false","true","false","false","false","false","false","false","false","false","false","false","false","true","false","false","true","false","false","true","[""EXACT_CUSTOMER_DATE_LINES_TOTALS"",""SAME_CUSTOMER_DATE_TOTAL_DESCRIPTIONS""]","CLEAR_CANONICAL_CANDIDATE","343","Unique full business-content match with no competing mapped or exact-content ELSET owner. Other shared reference claims lack full content equality. Diagnostic recommendation only; reference differences and paid history still require review before linking."
"INV-0245","servicem8-job-019ff971-6e3b-7eaa-947d-befdddc0b51d:invoice","MKS PROJECTS","2026-08-13","400000","40000","440000","440000","0","","344","244","MKS PROJECTS","93","2026-08-13","400000","40000","440000","0","440000","[""Payment""]","[{""type"":""Payment"",""id"":""345"",""via"":""payment allocation""}]","[{""id"":""345"",""date"":""2026-08-18"",""customerId"":""93"",""totalCents"":440000,""unappliedCents"":0,""allocations"":[{""amountCents"":440000,""links"":[{""TxnId"":""344"",""TxnType"":""Invoice""}]}],""metadata"":{""CreateTime"":""2026-08-19T00:27:19-07:00"",""LastUpdatedTime"":""2026-08-19T00:27:19-07:00""}}]","2026-08-12T21:49:46-07:00","2026-08-19T00:27:29-07:00","[]","[{""invoiceNumber"":""INV-0244"",""mapped"":false,""evidence"":[""NUMBER_VARIANT_ONLY""],""businessContentMatch"":false}]","{""CUSTOMER_MATCH"":true,""DATE_MATCH"":true,""DOC_NUMBER_MATCH"":false,""LINE_COUNT_MATCH"":true,""PRODUCT_SERVICE_MATCH"":false,""DESCRIPTION_MATCH"":true,""QTY_MATCH"":true,""UNIT_PRICE_MATCH"":true,""LINE_AMOUNT_MATCH"":true,""SUBTOTAL_MATCH"":true,""GST_MATCH"":true,""TOTAL_MATCH"":true,""BALANCE_MATCH"":true,""PAYMENT_STATE_MATCH"":true}","[]","[{""position"":1,""qbPosition"":1,""lineAlignment"":""EXACT_CONTENT_BIJECTION"",""elsetLineId"":""servicem8-material-019ff971-6e47-7eaa-947d-4c51ccf369bd"",""priceListItemId"":"""",""elsetDescription"":""Double swing gate automation system, 5 X REMOTE CONTROLS and RECIEVER."",""qbDescription"":""Double swing gate automation system, 5 X REMOTE CONTROLS and RECIEVER."",""expectedItem"":{""id"":""123"",""name"":""ELSET Services"",""incomeAccountId"":""9"",""status"":""FALLBACK"",""reason"":""Saved line has no priceListItemId; the new model uses the configured fallback."",""comparisonKnown"":true,""accountEligibility"":""NOT_REVALIDATED_ARCHIVE_HAS_NO_ACCOUNT_ENTITY""},""qbItemId"":""120"",""qbItemName"":""DEA GEKO"",""qbIncomeAccountId"":""16"",""qbIncomeAccountName"":""Billable Expense Income ( 16 )"",""elsetQuantityMicros"":1000000,""qbQuantityMicros"":1000000,""elsetUnitPriceMicros"":4000000000,""qbUnitPriceMicros"":4000000000,""elsetLineAmountCents"":400000,""qbLineAmountCents"":400000,""DESCRIPTION_DIFF"":false,""DESCRIPTION_FORMAT_ONLY"":false,""DESCRIPTION_CONTENT_DIFF"":false,""PRODUCT_SERVICE_DIFF"":true,""PRODUCT_SERVICE_COMPARISON_UNKNOWN"":false,""INCOME_ACCOUNT_DIFF"":true,""QTY_DIFF"":false,""UNIT_PRICE_DIFF"":false,""LINE_AMOUNT_DIFF"":false}]","false","false","true","false","true","false","false","false","false","false","false","false","false","false","false","false","true","false","false","true","false","false","true","[""EXACT_CUSTOMER_DATE_LINES_TOTALS"",""SAME_CUSTOMER_DATE_TOTAL_DESCRIPTIONS""]","CLEAR_CANONICAL_CANDIDATE","344","Unique full business-content match with no competing mapped or exact-content ELSET owner. Other shared reference claims lack full content equality. Diagnostic recommendation only; reference differences and paid history still require review before linking."