invoiceNumber,elsetInvoiceId,elsetCustomer,elsetDate,elsetSubtotalCents,elsetGstCents,elsetTotalCents,elsetPaidCents,elsetBalanceCents,mappedQuickbooksId,firstPassClassification,firstPassAction,bucket,CUSTOMER_DIFF,DATE_DIFF,DOC_NUMBER_DIFF,LINE_COUNT_DIFF,PRODUCT_SERVICE_DIFF,DESCRIPTION_DIFF,QTY_DIFF,UNIT_PRICE_DIFF,LINE_AMOUNT_DIFF,SUBTOTAL_DIFF,GST_DIFF,TOTAL_DIFF,BALANCE_DIFF,PAYMENT_STATE_DIFF,LINE_ORDER_DIFF,DOC_NUMBER_FORMAT_ONLY,DOC_NUMBER_CONTENT_DIFF,DESCRIPTION_FORMAT_ONLY,DESCRIPTION_CONTENT_DIFF,HISTORICAL_ITEM_DIFFERENCE_ONLY,STRICT_ITEM_ONLY,PRODUCT_SERVICE_COMPARISON_UNKNOWN,INCOME_ACCOUNT_DIFF,qbId,qbDocNumber,qbCustomer,qbCustomerId,qbDate,qbSubtotalCents,qbGstCents,qbTotalCents,qbBalanceCents,qbInferredPaidCents,linkedTransactionTypes,linkedTransactions,linkedPayments,createdAt,updatedAt,existingLocalMappings,otherLocalClaims,fieldMatches,monetaryDifferences,lines,customerResolution,canonicalStatus,canonicalCandidateId,paymentCategory,missingStatus,missingReason,firstPassNoCounterpartReason,weakCandidates,suggestedPhases,suggestedAction
"INV-0019","servicem8-job-21c60d95-a33a-4be0-8647-2333fdf40e5d:invoice","O.C Strata Mangement","2025-09-03","35000","3500","38500","38500","0","","DIFFERENT_IN_QB","REVIEW_PAYMENT","COSMETIC_ONLY","false","false","true","false","true","false","false","false","false","false","false","false","false","false","false","true","false","false","false","true","false","false","true","9","19","O.C Strata Mangement","4","2025-09-03","35000","3500","38500","0","38500","[""Payment""]","[{""type"":""Payment"",""id"":""81"",""via"":""payment allocation""}]","[{""id"":""81"",""date"":""2025-11-14"",""customerId"":""4"",""totalCents"":38500,""unappliedCents"":0,""allocations"":[{""amountCents"":38500,""links"":[{""TxnId"":""9"",""TxnType"":""Invoice""}]}],""metadata"":{""CreateTime"":""2025-11-17T19:03:05-08:00"",""LastUpdatedTime"":""2025-11-17T19:03:05-08:00""}}]","2025-09-16T22:02:34-07:00","2025-11-17T19:04:00-08:00","[]","[]","{""CUSTOMER_MATCH"":true,""DATE_MATCH"":true,""DOC_NUMBER_MATCH"":false,""LINE_COUNT_MATCH"":true,""PRODUCT_SERVICE_MATCH"":false,""DESCRIPTION_MATCH"":true,""QTY_MATCH"":true,""UNIT_PRICE_MATCH"":true,""LINE_AMOUNT_MATCH"":true,""SUBTOTAL_MATCH"":true,""GST_MATCH"":true,""TOTAL_MATCH"":true,""BALANCE_MATCH"":true,""PAYMENT_STATE_MATCH"":true}","[]","[{""position"":1,""qbPosition"":1,""lineAlignment"":""EXACT_CONTENT_BIJECTION"",""elsetLineId"":""servicem8-material-773eb0a0-8e41-4370-9ac1-2333f7bb3bad"",""priceListItemId"":"""",""elsetDescription"":""Standard Call-Out Body Corporate"",""qbDescription"":""Standard Call-Out Body Corporate"",""expectedItem"":{""id"":""123"",""name"":""ELSET Services"",""incomeAccountId"":""9"",""status"":""FALLBACK"",""reason"":""Saved line has no priceListItemId; the new model uses the configured fallback."",""comparisonKnown"":true,""accountEligibility"":""NOT_REVALIDATED_ARCHIVE_HAS_NO_ACCOUNT_ENTITY""},""qbItemId"":""2"",""qbItemName"":""Standard CO BODY CORPORATE"",""qbIncomeAccountId"":""16"",""qbIncomeAccountName"":""Billable Expense Income ( 16 )"",""elsetQuantityMicros"":1000000,""qbQuantityMicros"":1000000,""elsetUnitPriceMicros"":250000000,""qbUnitPriceMicros"":250000000,""elsetLineAmountCents"":25000,""qbLineAmountCents"":25000,""DESCRIPTION_DIFF"":false,""DESCRIPTION_FORMAT_ONLY"":false,""DESCRIPTION_CONTENT_DIFF"":false,""PRODUCT_SERVICE_DIFF"":true,""PRODUCT_SERVICE_COMPARISON_UNKNOWN"":false,""INCOME_ACCOUNT_DIFF"":true,""QTY_DIFF"":false,""UNIT_PRICE_DIFF"":false,""LINE_AMOUNT_DIFF"":false},{""position"":2,""qbPosition"":2,""lineAlignment"":""EXACT_CONTENT_BIJECTION"",""elsetLineId"":""servicem8-material-9019fcac-8d73-413e-bf5b-2333f0b981fd"",""priceListItemId"":"""",""elsetDescription"":""Service time for gate repairs (Hrs)"",""qbDescription"":""Service time for gate repairs (Hrs)"",""expectedItem"":{""id"":""123"",""name"":""ELSET Services"",""incomeAccountId"":""9"",""status"":""FALLBACK"",""reason"":""Saved line has no priceListItemId; the new model uses the configured fallback."",""comparisonKnown"":true,""accountEligibility"":""NOT_REVALIDATED_ARCHIVE_HAS_NO_ACCOUNT_ENTITY""},""qbItemId"":""3"",""qbItemName"":""service time"",""qbIncomeAccountId"":""16"",""qbIncomeAccountName"":""Billable Expense Income ( 16 )"",""elsetQuantityMicros"":1000000,""qbQuantityMicros"":1000000,""elsetUnitPriceMicros"":100000000,""qbUnitPriceMicros"":100000000,""elsetLineAmountCents"":10000,""qbLineAmountCents"":10000,""DESCRIPTION_DIFF"":false,""DESCRIPTION_FORMAT_ONLY"":false,""DESCRIPTION_CONTENT_DIFF"":false,""PRODUCT_SERVICE_DIFF"":true,""PRODUCT_SERVICE_COMPARISON_UNKNOWN"":false,""INCOME_ACCOUNT_DIFF"":true,""QTY_DIFF"":false,""UNIT_PRICE_DIFF"":false,""LINE_AMOUNT_DIFF"":false}]","{""id"":""4"",""candidates"":[""4""],""mapped"":true,""safe"":true,""state"":""MATCHED"",""reason"":""Existing mapping, exact marker or unique exact normalized customer identity.""}","CLEAR_CANONICAL_CANDIDATE","9","MATCHING_PAYMENT_STATE","","","","","[]","KEEP_HISTORICAL_ITEM_DESCRIPTION_FORMAT_AND_NUMBER_FORMAT"
"INV-0017","servicem8-job-4a07cc9c-9c04-4234-ac50-2333f64b40cd:invoice","O.C Strata Mangement","2025-09-03","32000","3200","35200","35200","0","","DIFFERENT_IN_QB","REVIEW_PAYMENT","COSMETIC_ONLY","false","false","true","false","true","false","false","false","false","false","false","false","false","false","false","true","false","false","false","true","false","false","true","11","17","O.C Strata Mangement","4","2025-09-03","32000","3200","35200","0","35200","[""Payment""]","[{""type"":""Payment"",""id"":""80"",""via"":""payment allocation""}]","[{""id"":""80"",""date"":""2025-11-14"",""customerId"":""4"",""totalCents"":35200,""unappliedCents"":0,""allocations"":[{""amountCents"":35200,""links"":[{""TxnId"":""11"",""TxnType"":""Invoice""}]}],""metadata"":{""CreateTime"":""2025-11-17T19:03:05-08:00"",""LastUpdatedTime"":""2025-11-17T19:03:05-08:00""}}]","2025-09-16T22:02:35-07:00","2025-11-17T19:04:01-08:00","[]","[]","{""CUSTOMER_MATCH"":true,""DATE_MATCH"":true,""DOC_NUMBER_MATCH"":false,""LINE_COUNT_MATCH"":true,""PRODUCT_SERVICE_MATCH"":false,""DESCRIPTION_MATCH"":true,""QTY_MATCH"":true,""UNIT_PRICE_MATCH"":true,""LINE_AMOUNT_MATCH"":true,""SUBTOTAL_MATCH"":true,""GST_MATCH"":true,""TOTAL_MATCH"":true,""BALANCE_MATCH"":true,""PAYMENT_STATE_MATCH"":true}","[]","[{""position"":1,""qbPosition"":1,""lineAlignment"":""EXACT_CONTENT_BIJECTION"",""elsetLineId"":""servicem8-material-490caa18-1bfe-40a4-8159-2333f01e8a7d"",""priceListItemId"":"""",""elsetDescription"":""Remote control"",""qbDescription"":""Remote control"",""expectedItem"":{""id"":""123"",""name"":""ELSET Services"",""incomeAccountId"":""9"",""status"":""FALLBACK"",""reason"":""Saved line has no priceListItemId; the new model uses the configured fallback."",""comparisonKnown"":true,""accountEligibility"":""NOT_REVALIDATED_ARCHIVE_HAS_NO_ACCOUNT_ENTITY""},""qbItemId"":""4"",""qbItemName"":""RC-001"",""qbIncomeAccountId"":""16"",""qbIncomeAccountName"":""Billable Expense Income ( 16 )"",""elsetQuantityMicros"":1000000,""qbQuantityMicros"":1000000,""elsetUnitPriceMicros"":70000000,""qbUnitPriceMicros"":70000000,""elsetLineAmountCents"":7000,""qbLineAmountCents"":7000,""DESCRIPTION_DIFF"":false,""DESCRIPTION_FORMAT_ONLY"":false,""DESCRIPTION_CONTENT_DIFF"":false,""PRODUCT_SERVICE_DIFF"":true,""PRODUCT_SERVICE_COMPARISON_UNKNOWN"":false,""INCOME_ACCOUNT_DIFF"":true,""QTY_DIFF"":false,""UNIT_PRICE_DIFF"":false,""LINE_AMOUNT_DIFF"":false},{""position"":2,""qbPosition"":2,""lineAlignment"":""EXACT_CONTENT_BIJECTION"",""elsetLineId"":""servicem8-material-9b8e4cb6-ac2b-49f8-bafa-2333fdd0bffd"",""priceListItemId"":"""",""elsetDescription"":""Service call to code and deliever remote controll handset on autoamtic sliding gate."",""qbDescription"":""Service call to code and deliever remote controll handset on autoamtic sliding gate."",""expectedItem"":{""id"":""123"",""name"":""ELSET Services"",""incomeAccountId"":""9"",""status"":""FALLBACK"",""reason"":""Saved line has no priceListItemId; the new model uses the configured fallback."",""comparisonKnown"":true,""accountEligibility"":""NOT_REVALIDATED_ARCHIVE_HAS_NO_ACCOUNT_ENTITY""},""qbItemId"":""5"",""qbItemName"":""SCR-001"",""qbIncomeAccountId"":""16"",""qbIncomeAccountName"":""Billable Expense Income ( 16 )"",""elsetQuantityMicros"":1000000,""qbQuantityMicros"":1000000,""elsetUnitPriceMicros"":250000000,""qbUnitPriceMicros"":250000000,""elsetLineAmountCents"":25000,""qbLineAmountCents"":25000,""DESCRIPTION_DIFF"":false,""DESCRIPTION_FORMAT_ONLY"":false,""DESCRIPTION_CONTENT_DIFF"":false,""PRODUCT_SERVICE_DIFF"":true,""PRODUCT_SERVICE_COMPARISON_UNKNOWN"":false,""INCOME_ACCOUNT_DIFF"":true,""QTY_DIFF"":false,""UNIT_PRICE_DIFF"":false,""LINE_AMOUNT_DIFF"":false}]","{""id"":""4"",""candidates"":[""4""],""mapped"":true,""safe"":true,""state"":""MATCHED"",""reason"":""Existing mapping, exact marker or unique exact normalized customer identity.""}","CLEAR_CANONICAL_CANDIDATE","11","MATCHING_PAYMENT_STATE","","","","","[]","KEEP_HISTORICAL_ITEM_DESCRIPTION_FORMAT_AND_NUMBER_FORMAT"
"INV-0023","servicem8-job-9b56c586-68b9-43b0-a7be-2338b077631b:invoice","RUIBIN QIN","2025-09-09","127273","12727","140000","140000","0","","DIFFERENT_IN_QB","REVIEW_PAYMENT","COSMETIC_ONLY","false","false","true","false","true","false","false","false","false","false","false","false","false","false","false","true","false","false","false","true","false","false","true","10","23","RUIBIN QIN","5","2025-09-09","127273","12727","140000","0","140000","[""Payment""]","[{""type"":""Payment"",""id"":""12"",""via"":""payment allocation""}]","[{""id"":""12"",""date"":""2025-09-15"",""customerId"":""5"",""totalCents"":140000,""unappliedCents"":0,""allocations"":[{""amountCents"":140000,""links"":[{""TxnId"":""10"",""TxnType"":""Invoice""}]}],""metadata"":{""CreateTime"":""2025-09-16T22:02:43-07:00"",""LastUpdatedTime"":""2025-09-16T22:02:43-07:00""}}]","2025-09-16T22:02:34-07:00","2025-09-16T22:52:06-07:00","[]","[]","{""CUSTOMER_MATCH"":true,""DATE_MATCH"":true,""DOC_NUMBER_MATCH"":false,""LINE_COUNT_MATCH"":true,""PRODUCT_SERVICE_MATCH"":false,""DESCRIPTION_MATCH"":true,""QTY_MATCH"":true,""UNIT_PRICE_MATCH"":true,""LINE_AMOUNT_MATCH"":true,""SUBTOTAL_MATCH"":true,""GST_MATCH"":true,""TOTAL_MATCH"":true,""BALANCE_MATCH"":true,""PAYMENT_STATE_MATCH"":true}","[]","[{""position"":1,""qbPosition"":1,""lineAlignment"":""EXACT_CONTENT_BIJECTION"",""elsetLineId"":""servicem8-material-57b473d8-167f-4f7e-8800-2339366b2c1d"",""priceListItemId"":"""",""elsetDescription"":""Gate an automation repairs and extras"",""qbDescription"":""Gate an automation repairs and extras"",""expectedItem"":{""id"":""123"",""name"":""ELSET Services"",""incomeAccountId"":""9"",""status"":""FALLBACK"",""reason"":""Saved line has no priceListItemId; the new model uses the configured fallback."",""comparisonKnown"":true,""accountEligibility"":""NOT_REVALIDATED_ARCHIVE_HAS_NO_ACCOUNT_ENTITY""},""qbItemId"":""4"",""qbItemName"":""RC-001"",""qbIncomeAccountId"":""16"",""qbIncomeAccountName"":""Billable Expense Income ( 16 )"",""elsetQuantityMicros"":1000000,""qbQuantityMicros"":1000000,""elsetUnitPriceMicros"":1272730000,""qbUnitPriceMicros"":1272730000,""elsetLineAmountCents"":127273,""qbLineAmountCents"":127273,""DESCRIPTION_DIFF"":false,""DESCRIPTION_FORMAT_ONLY"":false,""DESCRIPTION_CONTENT_DIFF"":false,""PRODUCT_SERVICE_DIFF"":true,""PRODUCT_SERVICE_COMPARISON_UNKNOWN"":false,""INCOME_ACCOUNT_DIFF"":true,""QTY_DIFF"":false,""UNIT_PRICE_DIFF"":false,""LINE_AMOUNT_DIFF"":false}]","{""id"":""5"",""candidates"":[""5""],""mapped"":false,""safe"":true,""state"":""MATCHED"",""reason"":""Existing mapping, exact marker or unique exact normalized customer identity.""}","CLEAR_CANONICAL_CANDIDATE","10","MATCHING_PAYMENT_STATE","","","","","[]","KEEP_HISTORICAL_ITEM_DESCRIPTION_FORMAT_AND_NUMBER_FORMAT"
"INV-0029","servicem8-job-09b6f395-3bdc-4523-9c48-233ad23fbc9b:invoice","O.C Strata Mangement","2025-09-10","25000","2500","27500","27500","0","","DIFFERENT_IN_QB","REVIEW_PAYMENT","COSMETIC_ONLY","false","false","true","false","true","false","false","false","false","false","false","false","false","false","false","true","false","false","false","true","false","false","true","15","29","O.C Strata Mangement","4","2025-09-10","25000","2500","27500","0","27500","[""Payment""]","[{""type"":""Payment"",""id"":""82"",""via"":""payment allocation""}]","[{""id"":""82"",""date"":""2025-11-14"",""customerId"":""4"",""totalCents"":27500,""unappliedCents"":0,""allocations"":[{""amountCents"":27500,""links"":[{""TxnId"":""15"",""TxnType"":""Invoice""}]}],""metadata"":{""CreateTime"":""2025-11-17T19:03:06-08:00"",""LastUpdatedTime"":""2025-11-17T19:03:06-08:00""}}]","2025-09-16T22:02:50-07:00","2025-11-17T19:04:00-08:00","[]","[]","{""CUSTOMER_MATCH"":true,""DATE_MATCH"":true,""DOC_NUMBER_MATCH"":false,""LINE_COUNT_MATCH"":true,""PRODUCT_SERVICE_MATCH"":false,""DESCRIPTION_MATCH"":true,""QTY_MATCH"":true,""UNIT_PRICE_MATCH"":true,""LINE_AMOUNT_MATCH"":true,""SUBTOTAL_MATCH"":true,""GST_MATCH"":true,""TOTAL_MATCH"":true,""BALANCE_MATCH"":true,""PAYMENT_STATE_MATCH"":true}","[]","[{""position"":1,""qbPosition"":1,""lineAlignment"":""EXACT_CONTENT_BIJECTION"",""elsetLineId"":""servicem8-material-850bd708-478c-4a76-890f-233b1c5eb4dd"",""priceListItemId"":"""",""elsetDescription"":""Standard Call-Out Body Corporate"",""qbDescription"":""Standard Call-Out Body Corporate"",""expectedItem"":{""id"":""123"",""name"":""ELSET Services"",""incomeAccountId"":""9"",""status"":""FALLBACK"",""reason"":""Saved line has no priceListItemId; the new model uses the configured fallback."",""comparisonKnown"":true,""accountEligibility"":""NOT_REVALIDATED_ARCHIVE_HAS_NO_ACCOUNT_ENTITY""},""qbItemId"":""2"",""qbItemName"":""Standard CO BODY CORPORATE"",""qbIncomeAccountId"":""16"",""qbIncomeAccountName"":""Billable Expense Income ( 16 )"",""elsetQuantityMicros"":1000000,""qbQuantityMicros"":1000000,""elsetUnitPriceMicros"":250000000,""qbUnitPriceMicros"":250000000,""elsetLineAmountCents"":25000,""qbLineAmountCents"":25000,""DESCRIPTION_DIFF"":false,""DESCRIPTION_FORMAT_ONLY"":false,""DESCRIPTION_CONTENT_DIFF"":false,""PRODUCT_SERVICE_DIFF"":true,""PRODUCT_SERVICE_COMPARISON_UNKNOWN"":false,""INCOME_ACCOUNT_DIFF"":true,""QTY_DIFF"":false,""UNIT_PRICE_DIFF"":false,""LINE_AMOUNT_DIFF"":false}]","{""id"":""4"",""candidates"":[""4""],""mapped"":true,""safe"":true,""state"":""MATCHED"",""reason"":""Existing mapping, exact marker or unique exact normalized customer identity.""}","CLEAR_CANONICAL_CANDIDATE","15","MATCHING_PAYMENT_STATE","","","","","[]","KEEP_HISTORICAL_ITEM_DESCRIPTION_FORMAT_AND_NUMBER_FORMAT"
"INV-0027","servicem8-job-6c168380-1918-493a-a9ff-233add64ce1b:invoice","YOUR owners corporation","2025-09-11","35000","3500","38500","38500","0","","DIFFERENT_IN_QB","REVIEW_PAYMENT","CONTENT_DIFF_NO_FINANCIAL_CHANGE","false","false","true","false","true","false","false","false","false","false","false","false","false","false","true","true","false","false","false","false","false","false","true","13","27","YOUR owners corporation","6","2025-09-11","35000","3500","38500","0","38500","[""Payment""]","[{""type"":""Payment"",""id"":""18"",""via"":""payment allocation""}]","[{""id"":""18"",""date"":""2025-09-17"",""customerId"":""6"",""totalCents"":38500,""unappliedCents"":0,""allocations"":[{""amountCents"":38500,""links"":[{""TxnId"":""13"",""TxnType"":""Invoice""}]}],""metadata"":{""CreateTime"":""2025-09-28T17:19:21-07:00"",""LastUpdatedTime"":""2025-09-28T17:19:21-07:00""}}]","2025-09-16T22:02:49-07:00","2025-09-28T17:19:25-07:00","[]","[]","{""CUSTOMER_MATCH"":true,""DATE_MATCH"":true,""DOC_NUMBER_MATCH"":false,""LINE_COUNT_MATCH"":true,""PRODUCT_SERVICE_MATCH"":false,""DESCRIPTION_MATCH"":true,""QTY_MATCH"":true,""UNIT_PRICE_MATCH"":true,""LINE_AMOUNT_MATCH"":true,""SUBTOTAL_MATCH"":true,""GST_MATCH"":true,""TOTAL_MATCH"":true,""BALANCE_MATCH"":true,""PAYMENT_STATE_MATCH"":true}","[]","[{""position"":1,""qbPosition"":2,""lineAlignment"":""EXACT_CONTENT_BIJECTION"",""elsetLineId"":""servicem8-material-167864c9-0915-465a-b274-233b1fe5bd4d"",""priceListItemId"":"""",""elsetDescription"":""Service time hour"",""qbDescription"":""Service time hour"",""expectedItem"":{""id"":""123"",""name"":""ELSET Services"",""incomeAccountId"":""9"",""status"":""FALLBACK"",""reason"":""Saved line has no priceListItemId; the new model uses the configured fallback."",""comparisonKnown"":true,""accountEligibility"":""NOT_REVALIDATED_ARCHIVE_HAS_NO_ACCOUNT_ENTITY""},""qbItemId"":""3"",""qbItemName"":""service time"",""qbIncomeAccountId"":""16"",""qbIncomeAccountName"":""Billable Expense Income ( 16 )"",""elsetQuantityMicros"":1000000,""qbQuantityMicros"":1000000,""elsetUnitPriceMicros"":100000000,""qbUnitPriceMicros"":100000000,""elsetLineAmountCents"":10000,""qbLineAmountCents"":10000,""DESCRIPTION_DIFF"":false,""DESCRIPTION_FORMAT_ONLY"":false,""DESCRIPTION_CONTENT_DIFF"":false,""PRODUCT_SERVICE_DIFF"":true,""PRODUCT_SERVICE_COMPARISON_UNKNOWN"":false,""INCOME_ACCOUNT_DIFF"":true,""QTY_DIFF"":false,""UNIT_PRICE_DIFF"":false,""LINE_AMOUNT_DIFF"":false},{""position"":2,""qbPosition"":1,""lineAlignment"":""EXACT_CONTENT_BIJECTION"",""elsetLineId"":""servicem8-material-6ac7d2af-e290-4f89-a38c-233b1941d26d"",""priceListItemId"":"""",""elsetDescription"":""Standard Call-Out Body Corporate"",""qbDescription"":""Standard Call-Out Body Corporate"",""expectedItem"":{""id"":""123"",""name"":""ELSET Services"",""incomeAccountId"":""9"",""status"":""FALLBACK"",""reason"":""Saved line has no priceListItemId; the new model uses the configured fallback."",""comparisonKnown"":true,""accountEligibility"":""NOT_REVALIDATED_ARCHIVE_HAS_NO_ACCOUNT_ENTITY""},""qbItemId"":""2"",""qbItemName"":""Standard CO BODY CORPORATE"",""qbIncomeAccountId"":""16"",""qbIncomeAccountName"":""Billable Expense Income ( 16 )"",""elsetQuantityMicros"":1000000,""qbQuantityMicros"":1000000,""elsetUnitPriceMicros"":250000000,""qbUnitPriceMicros"":250000000,""elsetLineAmountCents"":25000,""qbLineAmountCents"":25000,""DESCRIPTION_DIFF"":false,""DESCRIPTION_FORMAT_ONLY"":false,""DESCRIPTION_CONTENT_DIFF"":false,""PRODUCT_SERVICE_DIFF"":true,""PRODUCT_SERVICE_COMPARISON_UNKNOWN"":false,""INCOME_ACCOUNT_DIFF"":true,""QTY_DIFF"":false,""UNIT_PRICE_DIFF"":false,""LINE_AMOUNT_DIFF"":false}]","{""id"":""6"",""candidates"":[""6""],""mapped"":true,""safe"":true,""state"":""MATCHED"",""reason"":""Existing mapping, exact marker or unique exact normalized customer identity.""}","CLEAR_CANONICAL_CANDIDATE","13","MATCHING_PAYMENT_STATE","","","","","[]","KEEP_HISTORICAL_LINE_ORDER_AND_ITEMS"
"INV-0031","servicem8-job-a0c015c5-2d25-4313-9c1b-233b1888ee6b:invoice","Astase pty ltd","2025-09-12","250000","25000","275000","275000","0","","DIFFERENT_IN_QB","REVIEW_PAYMENT","COSMETIC_ONLY","false","false","true","false","true","false","false","false","false","false","false","false","false","false","false","true","false","false","false","true","false","false","true","14","31","Astase pty ltd","7","2025-09-12","250000","25000","275000","0","275000","[""Payment""]","[{""type"":""Payment"",""id"":""16"",""via"":""payment allocation""}]","[{""id"":""16"",""date"":""2025-09-12"",""customerId"":""7"",""totalCents"":275000,""unappliedCents"":0,""allocations"":[{""amountCents"":275000,""links"":[{""TxnId"":""14"",""TxnType"":""Invoice""}]}],""metadata"":{""CreateTime"":""2025-09-16T22:52:04-07:00"",""LastUpdatedTime"":""2025-09-16T22:52:04-07:00""}}]","2025-09-16T22:02:49-07:00","2025-09-16T22:52:09-07:00","[]","[]","{""CUSTOMER_MATCH"":true,""DATE_MATCH"":true,""DOC_NUMBER_MATCH"":false,""LINE_COUNT_MATCH"":true,""PRODUCT_SERVICE_MATCH"":false,""DESCRIPTION_MATCH"":true,""QTY_MATCH"":true,""UNIT_PRICE_MATCH"":true,""LINE_AMOUNT_MATCH"":true,""SUBTOTAL_MATCH"":true,""GST_MATCH"":true,""TOTAL_MATCH"":true,""BALANCE_MATCH"":true,""PAYMENT_STATE_MATCH"":true}","[]","[{""position"":1,""qbPosition"":1,""lineAlignment"":""EXACT_CONTENT_BIJECTION"",""elsetLineId"":""servicem8-material-9daa6a75-7b2c-4f5c-811b-233c2fed832a"",""priceListItemId"":"""",""elsetDescription"":""Service and gate repairs"",""qbDescription"":""Service and gate repairs"",""expectedItem"":{""id"":""123"",""name"":""ELSET Services"",""incomeAccountId"":""9"",""status"":""FALLBACK"",""reason"":""Saved line has no priceListItemId; the new model uses the configured fallback."",""comparisonKnown"":true,""accountEligibility"":""NOT_REVALIDATED_ARCHIVE_HAS_NO_ACCOUNT_ENTITY""},""qbItemId"":""6"",""qbItemName"":""SGR-001"",""qbIncomeAccountId"":""16"",""qbIncomeAccountName"":""Billable Expense Income ( 16 )"",""elsetQuantityMicros"":1000000,""qbQuantityMicros"":1000000,""elsetUnitPriceMicros"":2500000000,""qbUnitPriceMicros"":2500000000,""elsetLineAmountCents"":250000,""qbLineAmountCents"":250000,""DESCRIPTION_DIFF"":false,""DESCRIPTION_FORMAT_ONLY"":false,""DESCRIPTION_CONTENT_DIFF"":false,""PRODUCT_SERVICE_DIFF"":true,""PRODUCT_SERVICE_COMPARISON_UNKNOWN"":false,""INCOME_ACCOUNT_DIFF"":true,""QTY_DIFF"":false,""UNIT_PRICE_DIFF"":false,""LINE_AMOUNT_DIFF"":false}]","{""id"":""7"",""candidates"":[""7""],""mapped"":false,""safe"":true,""state"":""MATCHED"",""reason"":""Existing mapping, exact marker or unique exact normalized customer identity.""}","CLEAR_CANONICAL_CANDIDATE","14","MATCHING_PAYMENT_STATE","","","","","[]","KEEP_HISTORICAL_ITEM_DESCRIPTION_FORMAT_AND_NUMBER_FORMAT"
"INV-0047","servicem8-job-822def3b-9478-453b-84c2-2347b5c0ffbd:invoice","OCPS 514657D C/- MICM","2025-09-23","140000","14000","154000","154000","0","","DIFFERENT_IN_QB","REVIEW_PAYMENT","COSMETIC_ONLY","false","false","true","false","true","false","false","false","false","false","false","false","false","false","false","true","false","false","false","true","false","false","true","22","47","OCPS 514657D  C/- MICM","9","2025-09-23","140000","14000","154000","0","154000","[""Payment""]","[{""type"":""Payment"",""id"":""24"",""via"":""payment allocation""}]","[{""id"":""24"",""date"":""2025-10-03"",""customerId"":""9"",""totalCents"":154000,""unappliedCents"":0,""allocations"":[{""amountCents"":154000,""links"":[{""TxnId"":""22"",""TxnType"":""Invoice""}]}],""metadata"":{""CreateTime"":""2025-10-07T16:15:26-07:00"",""LastUpdatedTime"":""2025-10-07T16:15:26-07:00""}}]","2025-10-07T16:15:21-07:00","2025-10-07T16:30:34-07:00","[]","[]","{""CUSTOMER_MATCH"":true,""DATE_MATCH"":true,""DOC_NUMBER_MATCH"":false,""LINE_COUNT_MATCH"":true,""PRODUCT_SERVICE_MATCH"":false,""DESCRIPTION_MATCH"":true,""QTY_MATCH"":true,""UNIT_PRICE_MATCH"":true,""LINE_AMOUNT_MATCH"":true,""SUBTOTAL_MATCH"":true,""GST_MATCH"":true,""TOTAL_MATCH"":true,""BALANCE_MATCH"":true,""PAYMENT_STATE_MATCH"":true}","[]","[{""position"":1,""qbPosition"":1,""lineAlignment"":""EXACT_CONTENT_BIJECTION"",""elsetLineId"":""servicem8-material-05cda614-b8f1-40bd-b20f-2347b49f411d"",""priceListItemId"":"""",""elsetDescription"":""Remote control"",""qbDescription"":""Remote control"",""expectedItem"":{""id"":""123"",""name"":""ELSET Services"",""incomeAccountId"":""9"",""status"":""FALLBACK"",""reason"":""Saved line has no priceListItemId; the new model uses the configured fallback."",""comparisonKnown"":true,""accountEligibility"":""NOT_REVALIDATED_ARCHIVE_HAS_NO_ACCOUNT_ENTITY""},""qbItemId"":""4"",""qbItemName"":""RC-001"",""qbIncomeAccountId"":""16"",""qbIncomeAccountName"":""Billable Expense Income ( 16 )"",""elsetQuantityMicros"":20000000,""qbQuantityMicros"":20000000,""elsetUnitPriceMicros"":70000000,""qbUnitPriceMicros"":70000000,""elsetLineAmountCents"":140000,""qbLineAmountCents"":140000,""DESCRIPTION_DIFF"":false,""DESCRIPTION_FORMAT_ONLY"":false,""DESCRIPTION_CONTENT_DIFF"":false,""PRODUCT_SERVICE_DIFF"":true,""PRODUCT_SERVICE_COMPARISON_UNKNOWN"":false,""INCOME_ACCOUNT_DIFF"":true,""QTY_DIFF"":false,""UNIT_PRICE_DIFF"":false,""LINE_AMOUNT_DIFF"":false}]","{""id"":""9"",""candidates"":[""9""],""mapped"":false,""safe"":true,""state"":""MATCHED"",""reason"":""Existing mapping, exact marker or unique exact normalized customer identity.""}","CLEAR_CANONICAL_CANDIDATE","22","MATCHING_PAYMENT_STATE","","","","","[]","KEEP_HISTORICAL_ITEM_DESCRIPTION_FORMAT_AND_NUMBER_FORMAT"
"INV-0046","servicem8-job-eb63315e-3413-41ea-a889-2347b23926ed:invoice","OCPS 514657D C/- MICM","2025-09-23","53000","5300","58300","58300","0","","DIFFERENT_IN_QB","REVIEW_PAYMENT","CONTENT_DIFF_NO_FINANCIAL_CHANGE","false","false","true","false","true","false","false","false","false","false","false","false","false","false","true","true","false","false","false","false","false","false","true","21","46","OCPS 514657D  C/- MICM","9","2025-09-23","53000","5300","58300","0","58300","[""Payment""]","[{""type"":""Payment"",""id"":""23"",""via"":""payment allocation""}]","[{""id"":""23"",""date"":""2025-09-30"",""customerId"":""9"",""totalCents"":58300,""unappliedCents"":0,""allocations"":[{""amountCents"":58300,""links"":[{""TxnId"":""21"",""TxnType"":""Invoice""}]}],""metadata"":{""CreateTime"":""2025-10-07T16:15:26-07:00"",""LastUpdatedTime"":""2025-10-07T16:15:26-07:00""}}]","2025-10-07T16:15:20-07:00","2025-10-07T16:30:32-07:00","[]","[]","{""CUSTOMER_MATCH"":true,""DATE_MATCH"":true,""DOC_NUMBER_MATCH"":false,""LINE_COUNT_MATCH"":true,""PRODUCT_SERVICE_MATCH"":false,""DESCRIPTION_MATCH"":true,""QTY_MATCH"":true,""UNIT_PRICE_MATCH"":true,""LINE_AMOUNT_MATCH"":true,""SUBTOTAL_MATCH"":true,""GST_MATCH"":true,""TOTAL_MATCH"":true,""BALANCE_MATCH"":true,""PAYMENT_STATE_MATCH"":true}","[]","[{""position"":1,""qbPosition"":1,""lineAlignment"":""EXACT_CONTENT_BIJECTION"",""elsetLineId"":""servicem8-material-472cf3e0-b8a4-495e-8686-2347bce3ed9d"",""priceListItemId"":"""",""elsetDescription"":""Service Call out ."",""qbDescription"":""Service Call out ."",""expectedItem"":{""id"":""123"",""name"":""ELSET Services"",""incomeAccountId"":""9"",""status"":""FALLBACK"",""reason"":""Saved line has no priceListItemId; the new model uses the configured fallback."",""comparisonKnown"":true,""accountEligibility"":""NOT_REVALIDATED_ARCHIVE_HAS_NO_ACCOUNT_ENTITY""},""qbItemId"":""8"",""qbItemName"":""SCO-001"",""qbIncomeAccountId"":""16"",""qbIncomeAccountName"":""Billable Expense Income ( 16 )"",""elsetQuantityMicros"":1000000,""qbQuantityMicros"":1000000,""elsetUnitPriceMicros"":250000000,""qbUnitPriceMicros"":250000000,""elsetLineAmountCents"":25000,""qbLineAmountCents"":25000,""DESCRIPTION_DIFF"":false,""DESCRIPTION_FORMAT_ONLY"":false,""DESCRIPTION_CONTENT_DIFF"":false,""PRODUCT_SERVICE_DIFF"":true,""PRODUCT_SERVICE_COMPARISON_UNKNOWN"":false,""INCOME_ACCOUNT_DIFF"":true,""QTY_DIFF"":false,""UNIT_PRICE_DIFF"":false,""LINE_AMOUNT_DIFF"":false},{""position"":2,""qbPosition"":3,""lineAlignment"":""EXACT_CONTENT_BIJECTION"",""elsetLineId"":""servicem8-material-abd0d9e2-f0c1-41dd-9f57-2347bdfe41ed"",""priceListItemId"":"""",""elsetDescription"":""Service time hrs"",""qbDescription"":""Service time hrs"",""expectedItem"":{""id"":""123"",""name"":""ELSET Services"",""incomeAccountId"":""9"",""status"":""FALLBACK"",""reason"":""Saved line has no priceListItemId; the new model uses the configured fallback."",""comparisonKnown"":true,""accountEligibility"":""NOT_REVALIDATED_ARCHIVE_HAS_NO_ACCOUNT_ENTITY""},""qbItemId"":""9"",""qbItemName"":""LAB-001"",""qbIncomeAccountId"":""16"",""qbIncomeAccountName"":""Billable Expense Income ( 16 )"",""elsetQuantityMicros"":1000000,""qbQuantityMicros"":1000000,""elsetUnitPriceMicros"":100000000,""qbUnitPriceMicros"":100000000,""elsetLineAmountCents"":10000,""qbLineAmountCents"":10000,""DESCRIPTION_DIFF"":false,""DESCRIPTION_FORMAT_ONLY"":false,""DESCRIPTION_CONTENT_DIFF"":false,""PRODUCT_SERVICE_DIFF"":true,""PRODUCT_SERVICE_COMPARISON_UNKNOWN"":false,""INCOME_ACCOUNT_DIFF"":true,""QTY_DIFF"":false,""UNIT_PRICE_DIFF"":false,""LINE_AMOUNT_DIFF"":false},{""position"":3,""qbPosition"":2,""lineAlignment"":""EXACT_CONTENT_BIJECTION"",""elsetLineId"":""servicem8-material-c133c996-dbf7-477d-82be-2347bd3f74fd"",""priceListItemId"":"""",""elsetDescription"":""Remote control receiver"",""qbDescription"":""Remote control receiver"",""expectedItem"":{""id"":""123"",""name"":""ELSET Services"",""incomeAccountId"":""9"",""status"":""FALLBACK"",""reason"":""Saved line has no priceListItemId; the new model uses the configured fallback."",""comparisonKnown"":true,""accountEligibility"":""NOT_REVALIDATED_ARCHIVE_HAS_NO_ACCOUNT_ENTITY""},""qbItemId"":""7"",""qbItemName"":""REC-001"",""qbIncomeAccountId"":""16"",""qbIncomeAccountName"":""Billable Expense Income ( 16 )"",""elsetQuantityMicros"":1000000,""qbQuantityMicros"":1000000,""elsetUnitPriceMicros"":180000000,""qbUnitPriceMicros"":180000000,""elsetLineAmountCents"":18000,""qbLineAmountCents"":18000,""DESCRIPTION_DIFF"":false,""DESCRIPTION_FORMAT_ONLY"":false,""DESCRIPTION_CONTENT_DIFF"":false,""PRODUCT_SERVICE_DIFF"":true,""PRODUCT_SERVICE_COMPARISON_UNKNOWN"":false,""INCOME_ACCOUNT_DIFF"":true,""QTY_DIFF"":false,""UNIT_PRICE_DIFF"":false,""LINE_AMOUNT_DIFF"":false}]","{""id"":""9"",""candidates"":[""9""],""mapped"":false,""safe"":true,""state"":""MATCHED"",""reason"":""Existing mapping, exact marker or unique exact normalized customer identity.""}","CLEAR_CANONICAL_CANDIDATE","21","MATCHING_PAYMENT_STATE","","","","","[]","KEEP_HISTORICAL_LINE_ORDER_AND_ITEMS"
"INV-0032","servicem8-job-4a95b097-3bea-4f76-8b9b-233c6cd13aab:invoice","Astase pty ltd","2025-09-29","250000","25000","275000","275000","0","","DIFFERENT_IN_QB","REVIEW_PAYMENT","COSMETIC_ONLY","false","false","true","false","true","false","false","false","false","false","false","false","false","false","false","true","false","false","false","true","false","false","true","27","32","Astase pty ltd","7","2025-09-29","250000","25000","275000","0","275000","[""Payment""]","[{""type"":""Payment"",""id"":""30"",""via"":""payment allocation""}]","[{""id"":""30"",""date"":""2025-09-12"",""customerId"":""7"",""totalCents"":275000,""unappliedCents"":0,""allocations"":[{""amountCents"":275000,""links"":[{""TxnId"":""27"",""TxnType"":""Invoice""}]}],""metadata"":{""CreateTime"":""2025-10-09T15:27:49-07:00"",""LastUpdatedTime"":""2025-10-09T15:27:49-07:00""}}]","2025-10-09T15:27:39-07:00","2025-10-09T15:31:05-07:00","[]","[]","{""CUSTOMER_MATCH"":true,""DATE_MATCH"":true,""DOC_NUMBER_MATCH"":false,""LINE_COUNT_MATCH"":true,""PRODUCT_SERVICE_MATCH"":false,""DESCRIPTION_MATCH"":true,""QTY_MATCH"":true,""UNIT_PRICE_MATCH"":true,""LINE_AMOUNT_MATCH"":true,""SUBTOTAL_MATCH"":true,""GST_MATCH"":true,""TOTAL_MATCH"":true,""BALANCE_MATCH"":true,""PAYMENT_STATE_MATCH"":true}","[]","[{""position"":1,""qbPosition"":1,""lineAlignment"":""EXACT_CONTENT_BIJECTION"",""elsetLineId"":""servicem8-material-e12e8132-b2c4-4531-8536-233c2e25436a"",""priceListItemId"":"""",""elsetDescription"":""Service and repairs on gate"",""qbDescription"":""Service and repairs on gate"",""expectedItem"":{""id"":""123"",""name"":""ELSET Services"",""incomeAccountId"":""9"",""status"":""FALLBACK"",""reason"":""Saved line has no priceListItemId; the new model uses the configured fallback."",""comparisonKnown"":true,""accountEligibility"":""NOT_REVALIDATED_ARCHIVE_HAS_NO_ACCOUNT_ENTITY""},""qbItemId"":""11"",""qbItemName"":""SRG-001"",""qbIncomeAccountId"":""16"",""qbIncomeAccountName"":""Billable Expense Income ( 16 )"",""elsetQuantityMicros"":1000000,""qbQuantityMicros"":1000000,""elsetUnitPriceMicros"":2500000000,""qbUnitPriceMicros"":2500000000,""elsetLineAmountCents"":250000,""qbLineAmountCents"":250000,""DESCRIPTION_DIFF"":false,""DESCRIPTION_FORMAT_ONLY"":false,""DESCRIPTION_CONTENT_DIFF"":false,""PRODUCT_SERVICE_DIFF"":true,""PRODUCT_SERVICE_COMPARISON_UNKNOWN"":false,""INCOME_ACCOUNT_DIFF"":true,""QTY_DIFF"":false,""UNIT_PRICE_DIFF"":false,""LINE_AMOUNT_DIFF"":false}]","{""id"":""7"",""candidates"":[""7""],""mapped"":false,""safe"":true,""state"":""MATCHED"",""reason"":""Existing mapping, exact marker or unique exact normalized customer identity.""}","CLEAR_CANONICAL_CANDIDATE","27","MATCHING_PAYMENT_STATE","","","","","[]","KEEP_HISTORICAL_ITEM_DESCRIPTION_FORMAT_AND_NUMBER_FORMAT"
"INV-0044","servicem8-job-e1b442b3-a510-4b6e-a401-23467d3eda7b:invoice","P&K Corporation Pty LTD","2025-09-29","270000","27000","297000","297000","0","","DIFFERENT_IN_QB","REVIEW_PAYMENT","COSMETIC_ONLY","false","false","true","false","true","true","false","false","false","false","false","false","false","false","false","true","false","true","false","true","false","false","true","34","44","P&K Corporation Pty LTD","8","2025-09-29","270000","27000","297000","0","297000","[""Payment""]","[{""type"":""Payment"",""id"":""35"",""via"":""payment allocation""}]","[{""id"":""35"",""date"":""2025-09-25"",""customerId"":""8"",""totalCents"":297000,""unappliedCents"":0,""allocations"":[{""amountCents"":297000,""links"":[{""TxnId"":""34"",""TxnType"":""Invoice""}]}],""metadata"":{""CreateTime"":""2025-10-09T15:32:13-07:00"",""LastUpdatedTime"":""2025-10-09T15:32:13-07:00""}}]","2025-10-09T15:32:05-07:00","2025-10-09T15:34:28-07:00","[]","[]","{""CUSTOMER_MATCH"":true,""DATE_MATCH"":true,""DOC_NUMBER_MATCH"":false,""LINE_COUNT_MATCH"":true,""PRODUCT_SERVICE_MATCH"":false,""DESCRIPTION_MATCH"":false,""QTY_MATCH"":true,""UNIT_PRICE_MATCH"":true,""LINE_AMOUNT_MATCH"":true,""SUBTOTAL_MATCH"":true,""GST_MATCH"":true,""TOTAL_MATCH"":true,""BALANCE_MATCH"":true,""PAYMENT_STATE_MATCH"":true}","[]","[{""position"":1,""qbPosition"":1,""lineAlignment"":""EXACT_CONTENT_BIJECTION"",""elsetLineId"":""servicem8-material-8cbde371-8116-44db-b3be-2348212bfbea"",""priceListItemId"":"""",""elsetDescription"":""Supply and install 8 new circuits Scissor lift hire Test"",""qbDescription"":""Supply and install 8 new circuits \nScissor lift hire \nTest"",""expectedItem"":{""id"":""123"",""name"":""ELSET Services"",""incomeAccountId"":""9"",""status"":""FALLBACK"",""reason"":""Saved line has no priceListItemId; the new model uses the configured fallback."",""comparisonKnown"":true,""accountEligibility"":""NOT_REVALIDATED_ARCHIVE_HAS_NO_ACCOUNT_ENTITY""},""qbItemId"":""16"",""qbItemName"":""elec-001"",""qbIncomeAccountId"":""16"",""qbIncomeAccountName"":""Billable Expense Income ( 16 )"",""elsetQuantityMicros"":1000000,""qbQuantityMicros"":1000000,""elsetUnitPriceMicros"":2700000000,""qbUnitPriceMicros"":2700000000,""elsetLineAmountCents"":270000,""qbLineAmountCents"":270000,""DESCRIPTION_DIFF"":true,""DESCRIPTION_FORMAT_ONLY"":true,""DESCRIPTION_CONTENT_DIFF"":false,""PRODUCT_SERVICE_DIFF"":true,""PRODUCT_SERVICE_COMPARISON_UNKNOWN"":false,""INCOME_ACCOUNT_DIFF"":true,""QTY_DIFF"":false,""UNIT_PRICE_DIFF"":false,""LINE_AMOUNT_DIFF"":false}]","{""id"":""8"",""candidates"":[""8""],""mapped"":false,""safe"":true,""state"":""MATCHED"",""reason"":""Existing mapping, exact marker or unique exact normalized customer identity.""}","CLEAR_CANONICAL_CANDIDATE","34","MATCHING_PAYMENT_STATE","","","","","[]","KEEP_HISTORICAL_ITEM_DESCRIPTION_FORMAT_AND_NUMBER_FORMAT"
"INV-0041","servicem8-job-ee443c8f-d147-4e9d-91fa-2342226c28eb:invoice","Candace Newport","2025-09-29","40000","4000","44000","44000","0","","DIFFERENT_IN_QB","REVIEW_PAYMENT","MULTIPLE_DIFF_TYPES","true","false","true","false","true","false","false","false","false","false","false","false","false","false","true","true","false","false","false","false","false","false","true","28","41","Candice Newport","10","2025-09-29","40000","4000","44000","0","44000","[""Payment""]","[{""type"":""Payment"",""id"":""29"",""via"":""payment allocation""}]","[{""id"":""29"",""date"":""2025-10-08"",""customerId"":""10"",""totalCents"":44000,""unappliedCents"":0,""allocations"":[{""amountCents"":44000,""links"":[{""TxnId"":""28"",""TxnType"":""Invoice""}]}],""metadata"":{""CreateTime"":""2025-10-09T15:27:49-07:00"",""LastUpdatedTime"":""2025-10-09T15:27:49-07:00""}}]","2025-10-09T15:27:40-07:00","2025-10-09T15:31:05-07:00","[]","[]","{""CUSTOMER_MATCH"":false,""DATE_MATCH"":true,""DOC_NUMBER_MATCH"":false,""LINE_COUNT_MATCH"":true,""PRODUCT_SERVICE_MATCH"":false,""DESCRIPTION_MATCH"":true,""QTY_MATCH"":true,""UNIT_PRICE_MATCH"":true,""LINE_AMOUNT_MATCH"":true,""SUBTOTAL_MATCH"":true,""GST_MATCH"":true,""TOTAL_MATCH"":true,""BALANCE_MATCH"":true,""PAYMENT_STATE_MATCH"":true}","[]","[{""position"":1,""qbPosition"":2,""lineAlignment"":""EXACT_CONTENT_BIJECTION"",""elsetLineId"":""servicem8-material-1ba37dda-c833-4b89-9fd4-23467cf175aa"",""priceListItemId"":"""",""elsetDescription"":""Repairs and labour"",""qbDescription"":""Repairs and labour"",""expectedItem"":{""id"":""123"",""name"":""ELSET Services"",""incomeAccountId"":""9"",""status"":""FALLBACK"",""reason"":""Saved line has no priceListItemId; the new model uses the configured fallback."",""comparisonKnown"":true,""accountEligibility"":""NOT_REVALIDATED_ARCHIVE_HAS_NO_ACCOUNT_ENTITY""},""qbItemId"":""12"",""qbItemName"":""RPL"",""qbIncomeAccountId"":""16"",""qbIncomeAccountName"":""Billable Expense Income ( 16 )"",""elsetQuantityMicros"":1000000,""qbQuantityMicros"":1000000,""elsetUnitPriceMicros"":150000000,""qbUnitPriceMicros"":150000000,""elsetLineAmountCents"":15000,""qbLineAmountCents"":15000,""DESCRIPTION_DIFF"":false,""DESCRIPTION_FORMAT_ONLY"":false,""DESCRIPTION_CONTENT_DIFF"":false,""PRODUCT_SERVICE_DIFF"":true,""PRODUCT_SERVICE_COMPARISON_UNKNOWN"":false,""INCOME_ACCOUNT_DIFF"":true,""QTY_DIFF"":false,""UNIT_PRICE_DIFF"":false,""LINE_AMOUNT_DIFF"":false},{""position"":2,""qbPosition"":1,""lineAlignment"":""EXACT_CONTENT_BIJECTION"",""elsetLineId"":""servicem8-material-8b7a9981-2f99-4323-a719-2346740c550a"",""priceListItemId"":"""",""elsetDescription"":""Service Call out ."",""qbDescription"":""Service Call out ."",""expectedItem"":{""id"":""123"",""name"":""ELSET Services"",""incomeAccountId"":""9"",""status"":""FALLBACK"",""reason"":""Saved line has no priceListItemId; the new model uses the configured fallback."",""comparisonKnown"":true,""accountEligibility"":""NOT_REVALIDATED_ARCHIVE_HAS_NO_ACCOUNT_ENTITY""},""qbItemId"":""8"",""qbItemName"":""SCO-001"",""qbIncomeAccountId"":""16"",""qbIncomeAccountName"":""Billable Expense Income ( 16 )"",""elsetQuantityMicros"":1000000,""qbQuantityMicros"":1000000,""elsetUnitPriceMicros"":250000000,""qbUnitPriceMicros"":250000000,""elsetLineAmountCents"":25000,""qbLineAmountCents"":25000,""DESCRIPTION_DIFF"":false,""DESCRIPTION_FORMAT_ONLY"":false,""DESCRIPTION_CONTENT_DIFF"":false,""PRODUCT_SERVICE_DIFF"":true,""PRODUCT_SERVICE_COMPARISON_UNKNOWN"":false,""INCOME_ACCOUNT_DIFF"":true,""QTY_DIFF"":false,""UNIT_PRICE_DIFF"":false,""LINE_AMOUNT_DIFF"":false}]","{""id"":"""",""candidates"":[],""mapped"":false,""safe"":true,""state"":""NEW"",""reason"":""No exact customer candidate; new customer would be needed.""}","REVIEW_REQUIRED","","MATCHING_PAYMENT_STATE","","","","","[""PHASE_4""]","REVIEW_ONLY"
"INV-0042","servicem8-job-d2d96a36-3f64-4c8a-9978-234222f2119d:invoice","MBCM ST KILDA","2025-10-03","121900","12190","134090","134090","0","","DIFFERENT_IN_QB","REVIEW_PAYMENT","CONTENT_DIFF_NO_FINANCIAL_CHANGE","false","false","true","false","true","false","false","false","false","false","false","false","false","false","true","true","false","false","false","false","false","false","true","46","42","MBCM ST KILDA","15","2025-10-03","121900","12190","134090","0","134090","[""Payment""]","[{""type"":""Payment"",""id"":""76"",""via"":""payment allocation""}]","[{""id"":""76"",""date"":""2025-11-12"",""customerId"":""15"",""totalCents"":134090,""unappliedCents"":0,""allocations"":[{""amountCents"":134090,""links"":[{""TxnId"":""46"",""TxnType"":""Invoice""}]}],""metadata"":{""CreateTime"":""2025-11-13T14:25:28-08:00"",""LastUpdatedTime"":""2025-11-13T14:25:28-08:00""}}]","2025-10-20T17:13:03-07:00","2025-11-13T14:25:35-08:00","[]","[]","{""CUSTOMER_MATCH"":true,""DATE_MATCH"":true,""DOC_NUMBER_MATCH"":false,""LINE_COUNT_MATCH"":true,""PRODUCT_SERVICE_MATCH"":false,""DESCRIPTION_MATCH"":true,""QTY_MATCH"":true,""UNIT_PRICE_MATCH"":true,""LINE_AMOUNT_MATCH"":true,""SUBTOTAL_MATCH"":true,""GST_MATCH"":true,""TOTAL_MATCH"":true,""BALANCE_MATCH"":true,""PAYMENT_STATE_MATCH"":true}","[]","[{""position"":1,""qbPosition"":3,""lineAlignment"":""EXACT_CONTENT_BIJECTION"",""elsetLineId"":""servicem8-material-1b38c6a3-77a8-4c8f-9719-2350335ca19d"",""priceListItemId"":"""",""elsetDescription"":""Solar system regulator"",""qbDescription"":""Solar system regulator"",""expectedItem"":{""id"":""123"",""name"":""ELSET Services"",""incomeAccountId"":""9"",""status"":""FALLBACK"",""reason"":""Saved line has no priceListItemId; the new model uses the configured fallback."",""comparisonKnown"":true,""accountEligibility"":""NOT_REVALIDATED_ARCHIVE_HAS_NO_ACCOUNT_ENTITY""},""qbItemId"":""25"",""qbItemName"":""sol"",""qbIncomeAccountId"":""16"",""qbIncomeAccountName"":""Billable Expense Income ( 16 )"",""elsetQuantityMicros"":1000000,""qbQuantityMicros"":1000000,""elsetUnitPriceMicros"":178000000,""qbUnitPriceMicros"":178000000,""elsetLineAmountCents"":17800,""qbLineAmountCents"":17800,""DESCRIPTION_DIFF"":false,""DESCRIPTION_FORMAT_ONLY"":false,""DESCRIPTION_CONTENT_DIFF"":false,""PRODUCT_SERVICE_DIFF"":true,""PRODUCT_SERVICE_COMPARISON_UNKNOWN"":false,""INCOME_ACCOUNT_DIFF"":true,""QTY_DIFF"":false,""UNIT_PRICE_DIFF"":false,""LINE_AMOUNT_DIFF"":false},{""position"":2,""qbPosition"":2,""lineAlignment"":""EXACT_CONTENT_BIJECTION"",""elsetLineId"":""servicem8-material-273eedfc-7062-48e4-90f7-23503109eb4d"",""priceListItemId"":"""",""elsetDescription"":""2 new Batteries plus operator cover."",""qbDescription"":""2 new Batteries plus operator cover."",""expectedItem"":{""id"":""123"",""name"":""ELSET Services"",""incomeAccountId"":""9"",""status"":""FALLBACK"",""reason"":""Saved line has no priceListItemId; the new model uses the configured fallback."",""comparisonKnown"":true,""accountEligibility"":""NOT_REVALIDATED_ARCHIVE_HAS_NO_ACCOUNT_ENTITY""},""qbItemId"":""24"",""qbItemName"":""bat"",""qbIncomeAccountId"":""16"",""qbIncomeAccountName"":""Billable Expense Income ( 16 )"",""elsetQuantityMicros"":1000000,""qbQuantityMicros"":1000000,""elsetUnitPriceMicros"":386000000,""qbUnitPriceMicros"":386000000,""elsetLineAmountCents"":38600,""qbLineAmountCents"":38600,""DESCRIPTION_DIFF"":false,""DESCRIPTION_FORMAT_ONLY"":false,""DESCRIPTION_CONTENT_DIFF"":false,""PRODUCT_SERVICE_DIFF"":true,""PRODUCT_SERVICE_COMPARISON_UNKNOWN"":false,""INCOME_ACCOUNT_DIFF"":true,""QTY_DIFF"":false,""UNIT_PRICE_DIFF"":false,""LINE_AMOUNT_DIFF"":false},{""position"":3,""qbPosition"":1,""lineAlignment"":""EXACT_CONTENT_BIJECTION"",""elsetLineId"":""servicem8-material-da050405-bf0e-4bdf-b525-23503beaa96d"",""priceListItemId"":"""",""elsetDescription"":""Service Call out ."",""qbDescription"":""Service Call out ."",""expectedItem"":{""id"":""123"",""name"":""ELSET Services"",""incomeAccountId"":""9"",""status"":""FALLBACK"",""reason"":""Saved line has no priceListItemId; the new model uses the configured fallback."",""comparisonKnown"":true,""accountEligibility"":""NOT_REVALIDATED_ARCHIVE_HAS_NO_ACCOUNT_ENTITY""},""qbItemId"":""8"",""qbItemName"":""SCO-001"",""qbIncomeAccountId"":""16"",""qbIncomeAccountName"":""Billable Expense Income ( 16 )"",""elsetQuantityMicros"":1000000,""qbQuantityMicros"":1000000,""elsetUnitPriceMicros"":250000000,""qbUnitPriceMicros"":250000000,""elsetLineAmountCents"":25000,""qbLineAmountCents"":25000,""DESCRIPTION_DIFF"":false,""DESCRIPTION_FORMAT_ONLY"":false,""DESCRIPTION_CONTENT_DIFF"":false,""PRODUCT_SERVICE_DIFF"":true,""PRODUCT_SERVICE_COMPARISON_UNKNOWN"":false,""INCOME_ACCOUNT_DIFF"":true,""QTY_DIFF"":false,""UNIT_PRICE_DIFF"":false,""LINE_AMOUNT_DIFF"":false},{""position"":4,""qbPosition"":4,""lineAlignment"":""EXACT_CONTENT_BIJECTION"",""elsetLineId"":""servicem8-material-f10610d0-f5c1-4e0a-a9a8-235d8b6c9e4a"",""priceListItemId"":"""",""elsetDescription"":""Labour time"",""qbDescription"":""Labour time"",""expectedItem"":{""id"":""123"",""name"":""ELSET Services"",""incomeAccountId"":""9"",""status"":""FALLBACK"",""reason"":""Saved line has no priceListItemId; the new model uses the configured fallback."",""comparisonKnown"":true,""accountEligibility"":""NOT_REVALIDATED_ARCHIVE_HAS_NO_ACCOUNT_ENTITY""},""qbItemId"":""23"",""qbItemName"":""Labour"",""qbIncomeAccountId"":""16"",""qbIncomeAccountName"":""Billable Expense Income ( 16 )"",""elsetQuantityMicros"":1000000,""qbQuantityMicros"":1000000,""elsetUnitPriceMicros"":405000000,""qbUnitPriceMicros"":405000000,""elsetLineAmountCents"":40500,""qbLineAmountCents"":40500,""DESCRIPTION_DIFF"":false,""DESCRIPTION_FORMAT_ONLY"":false,""DESCRIPTION_CONTENT_DIFF"":false,""PRODUCT_SERVICE_DIFF"":true,""PRODUCT_SERVICE_COMPARISON_UNKNOWN"":false,""INCOME_ACCOUNT_DIFF"":true,""QTY_DIFF"":false,""UNIT_PRICE_DIFF"":false,""LINE_AMOUNT_DIFF"":false}]","{""id"":""15"",""candidates"":[""15""],""mapped"":false,""safe"":true,""state"":""MATCHED"",""reason"":""Existing mapping, exact marker or unique exact normalized customer identity.""}","CLEAR_CANONICAL_CANDIDATE","46","MATCHING_PAYMENT_STATE","","","","","[]","KEEP_HISTORICAL_LINE_ORDER_AND_ITEMS"
"INV-0062","servicem8-job-1fbb5570-c07a-4051-8044-23553f2da77d:invoice","Mark Giuliano","2025-10-08","400000","40000","440000","440000","0","","DIFFERENT_IN_QB","REVIEW_PAYMENT","COSMETIC_ONLY","false","false","true","false","true","false","false","false","false","false","false","false","false","false","false","true","false","false","false","true","false","false","true","31","62","Mark Giuliano","12","2025-10-08","400000","40000","440000","0","440000","[""Payment""]","[{""type"":""Payment"",""id"":""32"",""via"":""payment allocation""}]","[{""id"":""32"",""date"":""2025-10-08"",""customerId"":""12"",""totalCents"":440000,""unappliedCents"":0,""allocations"":[{""amountCents"":440000,""links"":[{""TxnId"":""31"",""TxnType"":""Invoice""}]}],""metadata"":{""CreateTime"":""2025-10-09T15:30:52-07:00"",""LastUpdatedTime"":""2025-10-09T15:30:52-07:00""}}]","2025-10-09T15:28:02-07:00","2025-10-09T15:32:22-07:00","[]","[]","{""CUSTOMER_MATCH"":true,""DATE_MATCH"":true,""DOC_NUMBER_MATCH"":false,""LINE_COUNT_MATCH"":true,""PRODUCT_SERVICE_MATCH"":false,""DESCRIPTION_MATCH"":true,""QTY_MATCH"":true,""UNIT_PRICE_MATCH"":true,""LINE_AMOUNT_MATCH"":true,""SUBTOTAL_MATCH"":true,""GST_MATCH"":true,""TOTAL_MATCH"":true,""BALANCE_MATCH"":true,""PAYMENT_STATE_MATCH"":true}","[]","[{""position"":1,""qbPosition"":1,""lineAlignment"":""EXACT_CONTENT_BIJECTION"",""elsetLineId"":""servicem8-material-30a2dc37-0851-4cee-bfdb-235533f7273d"",""priceListItemId"":"""",""elsetDescription"":""Supply and install new gate automation system x2."",""qbDescription"":""Supply and install new gate automation system x2."",""expectedItem"":{""id"":""123"",""name"":""ELSET Services"",""incomeAccountId"":""9"",""status"":""FALLBACK"",""reason"":""Saved line has no priceListItemId; the new model uses the configured fallback."",""comparisonKnown"":true,""accountEligibility"":""NOT_REVALIDATED_ARCHIVE_HAS_NO_ACCOUNT_ENTITY""},""qbItemId"":""15"",""qbItemName"":""NGS-001"",""qbIncomeAccountId"":""16"",""qbIncomeAccountName"":""Billable Expense Income ( 16 )"",""elsetQuantityMicros"":1000000,""qbQuantityMicros"":1000000,""elsetUnitPriceMicros"":4000000000,""qbUnitPriceMicros"":4000000000,""elsetLineAmountCents"":400000,""qbLineAmountCents"":400000,""DESCRIPTION_DIFF"":false,""DESCRIPTION_FORMAT_ONLY"":false,""DESCRIPTION_CONTENT_DIFF"":false,""PRODUCT_SERVICE_DIFF"":true,""PRODUCT_SERVICE_COMPARISON_UNKNOWN"":false,""INCOME_ACCOUNT_DIFF"":true,""QTY_DIFF"":false,""UNIT_PRICE_DIFF"":false,""LINE_AMOUNT_DIFF"":false}]","{""id"":""12"",""candidates"":[""12""],""mapped"":false,""safe"":true,""state"":""MATCHED"",""reason"":""Existing mapping, exact marker or unique exact normalized customer identity.""}","CLEAR_CANONICAL_CANDIDATE","31","MATCHING_PAYMENT_STATE","","","","","[]","KEEP_HISTORICAL_ITEM_DESCRIPTION_FORMAT_AND_NUMBER_FORMAT"
"INV-0052","servicem8-job-8b58512b-e49e-472a-aa38-234c5979e62d:invoice","Colour Earth Wrough Ironworks","2025-10-08","350000","35000","385000","385000","0","","DIFFERENT_IN_QB","REVIEW_PAYMENT","CUSTOMER_OR_DATE_DIFF","false","true","true","false","true","false","false","false","false","false","false","false","false","false","false","true","false","false","false","false","false","false","true","33","52","Colour Earth Wrough Ironworks","14","2025-09-29","350000","35000","385000","0","385000","[""Payment""]","[{""type"":""Payment"",""id"":""36"",""via"":""payment allocation""}]","[{""id"":""36"",""date"":""2025-10-09"",""customerId"":""14"",""totalCents"":385000,""unappliedCents"":0,""allocations"":[{""amountCents"":385000,""links"":[{""TxnId"":""33"",""TxnType"":""Invoice""}]}],""metadata"":{""CreateTime"":""2025-10-09T15:34:20-07:00"",""LastUpdatedTime"":""2025-10-09T15:34:20-07:00""}}]","2025-10-09T15:31:05-07:00","2025-10-09T15:34:44-07:00","[]","[]","{""CUSTOMER_MATCH"":true,""DATE_MATCH"":false,""DOC_NUMBER_MATCH"":false,""LINE_COUNT_MATCH"":true,""PRODUCT_SERVICE_MATCH"":false,""DESCRIPTION_MATCH"":true,""QTY_MATCH"":true,""UNIT_PRICE_MATCH"":true,""LINE_AMOUNT_MATCH"":true,""SUBTOTAL_MATCH"":true,""GST_MATCH"":true,""TOTAL_MATCH"":true,""BALANCE_MATCH"":true,""PAYMENT_STATE_MATCH"":true}","[]","[{""position"":1,""qbPosition"":1,""lineAlignment"":""EXACT_CONTENT_BIJECTION"",""elsetLineId"":""servicem8-material-38e52c20-c6b3-47b6-affd-234c52f36abd"",""priceListItemId"":"""",""elsetDescription"":""Supply and install sliding gate automation system. incl special control box and post."",""qbDescription"":""Supply and install sliding gate automation system. incl special control box and post."",""expectedItem"":{""id"":""123"",""name"":""ELSET Services"",""incomeAccountId"":""9"",""status"":""FALLBACK"",""reason"":""Saved line has no priceListItemId; the new model uses the configured fallback."",""comparisonKnown"":true,""accountEligibility"":""NOT_REVALIDATED_ARCHIVE_HAS_NO_ACCOUNT_ENTITY""},""qbItemId"":""14"",""qbItemName"":""SLIDER"",""qbIncomeAccountId"":""16"",""qbIncomeAccountName"":""Billable Expense Income ( 16 )"",""elsetQuantityMicros"":1000000,""qbQuantityMicros"":1000000,""elsetUnitPriceMicros"":3500000000,""qbUnitPriceMicros"":3500000000,""elsetLineAmountCents"":350000,""qbLineAmountCents"":350000,""DESCRIPTION_DIFF"":false,""DESCRIPTION_FORMAT_ONLY"":false,""DESCRIPTION_CONTENT_DIFF"":false,""PRODUCT_SERVICE_DIFF"":true,""PRODUCT_SERVICE_COMPARISON_UNKNOWN"":false,""INCOME_ACCOUNT_DIFF"":true,""QTY_DIFF"":false,""UNIT_PRICE_DIFF"":false,""LINE_AMOUNT_DIFF"":false}]","{""id"":""14"",""candidates"":[""14""],""mapped"":false,""safe"":true,""state"":""MATCHED"",""reason"":""Existing mapping, exact marker or unique exact normalized customer identity.""}","REVIEW_REQUIRED","","MATCHING_PAYMENT_STATE","","","","","[]","REVIEW_ONLY"
"INV-0063","servicem8-job-dfd6b983-74d6-4868-9204-2356ea34d69d:invoice","O.C Strata Mangement","2025-10-08","60000","6000","66000","66000","0","","DIFFERENT_IN_QB","REVIEW_PAYMENT","COSMETIC_ONLY","false","false","true","false","true","false","false","false","false","false","false","false","false","false","false","true","false","false","false","true","false","false","true","39","63","O.C Strata Mangement","4","2025-10-08","60000","6000","66000","0","66000","[""Payment""]","[{""type"":""Payment"",""id"":""83"",""via"":""payment allocation""}]","[{""id"":""83"",""date"":""2025-11-14"",""customerId"":""4"",""totalCents"":66000,""unappliedCents"":0,""allocations"":[{""amountCents"":66000,""links"":[{""TxnId"":""39"",""TxnType"":""Invoice""}]}],""metadata"":{""CreateTime"":""2025-11-17T19:03:06-08:00"",""LastUpdatedTime"":""2025-11-17T19:03:06-08:00""}}]","2025-10-09T15:36:14-07:00","2025-11-17T19:04:01-08:00","[]","[]","{""CUSTOMER_MATCH"":true,""DATE_MATCH"":true,""DOC_NUMBER_MATCH"":false,""LINE_COUNT_MATCH"":true,""PRODUCT_SERVICE_MATCH"":false,""DESCRIPTION_MATCH"":true,""QTY_MATCH"":true,""UNIT_PRICE_MATCH"":true,""LINE_AMOUNT_MATCH"":true,""SUBTOTAL_MATCH"":true,""GST_MATCH"":true,""TOTAL_MATCH"":true,""BALANCE_MATCH"":true,""PAYMENT_STATE_MATCH"":true}","[]","[{""position"":1,""qbPosition"":1,""lineAlignment"":""EXACT_CONTENT_BIJECTION"",""elsetLineId"":""servicem8-material-d8176408-7d8d-48f4-a9ef-2356e511836d"",""priceListItemId"":"""",""elsetDescription"":""Maintenance service, Sim card and timer"",""qbDescription"":""Maintenance service, Sim card and timer"",""expectedItem"":{""id"":""123"",""name"":""ELSET Services"",""incomeAccountId"":""9"",""status"":""FALLBACK"",""reason"":""Saved line has no priceListItemId; the new model uses the configured fallback."",""comparisonKnown"":true,""accountEligibility"":""NOT_REVALIDATED_ARCHIVE_HAS_NO_ACCOUNT_ENTITY""},""qbItemId"":""18"",""qbItemName"":""MS-001"",""qbIncomeAccountId"":""16"",""qbIncomeAccountName"":""Billable Expense Income ( 16 )"",""elsetQuantityMicros"":1000000,""qbQuantityMicros"":1000000,""elsetUnitPriceMicros"":600000000,""qbUnitPriceMicros"":600000000,""elsetLineAmountCents"":60000,""qbLineAmountCents"":60000,""DESCRIPTION_DIFF"":false,""DESCRIPTION_FORMAT_ONLY"":false,""DESCRIPTION_CONTENT_DIFF"":false,""PRODUCT_SERVICE_DIFF"":true,""PRODUCT_SERVICE_COMPARISON_UNKNOWN"":false,""INCOME_ACCOUNT_DIFF"":true,""QTY_DIFF"":false,""UNIT_PRICE_DIFF"":false,""LINE_AMOUNT_DIFF"":false}]","{""id"":""4"",""candidates"":[""4""],""mapped"":true,""safe"":true,""state"":""MATCHED"",""reason"":""Existing mapping, exact marker or unique exact normalized customer identity.""}","CLEAR_CANONICAL_CANDIDATE","39","MATCHING_PAYMENT_STATE","","","","","[]","KEEP_HISTORICAL_ITEM_DESCRIPTION_FORMAT_AND_NUMBER_FORMAT"
"INV-0043","servicem8-job-d2134953-686d-42f6-bf96-23422013baad:invoice","OCPS 514657D C/- MICM","2025-10-09","330000","33000","363000","363000","0","","MISSING_IN_QB","CREATE_QB_INVOICE","NOT_IN_DIFFERENT_COHORT","","","","","","","","","","","","","","","","","","","","","","","","","","","","","","","","","","","","","","","","","","","","{""id"":""9"",""candidates"":[""9""],""mapped"":false,""safe"":true,""state"":""MATCHED"",""reason"":""Existing mapping, exact marker or unique exact normalized customer identity.""}","REVIEW_REQUIRED","","OTHER","REVIEW_BEFORE_CREATE","No archived counterpart found, but ELSET has recorded payments. Creating an unpaid QB invoice needs accounting/payment review first.","No mapped, marked, exact-number or sufficiently corroborated content counterpart in the first pass.","[]","[""PHASE_4""]","RESOLVE_MISSING_INVOICE_REVIEW"
"INV-0059","servicem8-job-2156ea8c-07db-495f-9311-235531bd755b:invoice","Citicommercialcleaning","2025-10-10","40000","4000","44000","44000","0","","DIFFERENT_IN_QB","REVIEW_PAYMENT","COSMETIC_ONLY","false","false","true","false","true","false","false","false","false","false","false","false","false","false","false","true","false","false","false","true","false","false","true","37","59","Citicommercialcleaning","13","2025-10-10","40000","4000","44000","0","44000","[""Payment""]","[{""type"":""Payment"",""id"":""38"",""via"":""payment allocation""}]","[{""id"":""38"",""date"":""2025-10-09"",""customerId"":""13"",""totalCents"":44000,""unappliedCents"":0,""allocations"":[{""amountCents"":44000,""links"":[{""TxnId"":""37"",""TxnType"":""Invoice""}]}],""metadata"":{""CreateTime"":""2025-10-09T15:34:36-07:00"",""LastUpdatedTime"":""2025-10-09T15:34:36-07:00""}}]","2025-10-09T15:34:28-07:00","2025-10-09T15:36:14-07:00","[]","[]","{""CUSTOMER_MATCH"":true,""DATE_MATCH"":true,""DOC_NUMBER_MATCH"":false,""LINE_COUNT_MATCH"":true,""PRODUCT_SERVICE_MATCH"":false,""DESCRIPTION_MATCH"":true,""QTY_MATCH"":true,""UNIT_PRICE_MATCH"":true,""LINE_AMOUNT_MATCH"":true,""SUBTOTAL_MATCH"":true,""GST_MATCH"":true,""TOTAL_MATCH"":true,""BALANCE_MATCH"":true,""PAYMENT_STATE_MATCH"":true}","[]","[{""position"":1,""qbPosition"":1,""lineAlignment"":""EXACT_CONTENT_BIJECTION"",""elsetLineId"":""servicem8-material-a34265b0-e1dc-4d97-a544-235535cf824a"",""priceListItemId"":"""",""elsetDescription"":""Call out and repairs"",""qbDescription"":""Call out and repairs"",""expectedItem"":{""id"":""123"",""name"":""ELSET Services"",""incomeAccountId"":""9"",""status"":""FALLBACK"",""reason"":""Saved line has no priceListItemId; the new model uses the configured fallback."",""comparisonKnown"":true,""accountEligibility"":""NOT_REVALIDATED_ARCHIVE_HAS_NO_ACCOUNT_ENTITY""},""qbItemId"":""17"",""qbItemName"":""COR"",""qbIncomeAccountId"":""16"",""qbIncomeAccountName"":""Billable Expense Income ( 16 )"",""elsetQuantityMicros"":1000000,""qbQuantityMicros"":1000000,""elsetUnitPriceMicros"":400000000,""qbUnitPriceMicros"":400000000,""elsetLineAmountCents"":40000,""qbLineAmountCents"":40000,""DESCRIPTION_DIFF"":false,""DESCRIPTION_FORMAT_ONLY"":false,""DESCRIPTION_CONTENT_DIFF"":false,""PRODUCT_SERVICE_DIFF"":true,""PRODUCT_SERVICE_COMPARISON_UNKNOWN"":false,""INCOME_ACCOUNT_DIFF"":true,""QTY_DIFF"":false,""UNIT_PRICE_DIFF"":false,""LINE_AMOUNT_DIFF"":false}]","{""id"":""13"",""candidates"":[""13""],""mapped"":false,""safe"":true,""state"":""MATCHED"",""reason"":""Existing mapping, exact marker or unique exact normalized customer identity.""}","CLEAR_CANONICAL_CANDIDATE","37","MATCHING_PAYMENT_STATE","","","","","[]","KEEP_HISTORICAL_ITEM_DESCRIPTION_FORMAT_AND_NUMBER_FORMAT"
"INV-0066","servicem8-job-718aff56-e72a-4c1e-a49e-2356ece92dcb:invoice","Rosie Fayman","2025-10-10","25000","2500","27500","27500","0","","DIFFERENT_IN_QB","REVIEW_PAYMENT","COSMETIC_ONLY","false","false","true","false","true","false","false","false","false","false","false","false","false","false","false","true","false","false","false","true","false","false","true","40","66","Rosie Fayman","16","2025-10-10","25000","2500","27500","0","27500","[""Payment""]","[{""type"":""Payment"",""id"":""44"",""via"":""payment allocation""}]","[{""id"":""44"",""date"":""2025-10-09"",""customerId"":""16"",""totalCents"":27500,""unappliedCents"":0,""allocations"":[{""amountCents"":27500,""links"":[{""TxnId"":""40"",""TxnType"":""Invoice""}]}],""metadata"":{""CreateTime"":""2025-10-20T16:40:21-07:00"",""LastUpdatedTime"":""2025-10-20T16:40:21-07:00""}}]","2025-10-09T15:37:10-07:00","2025-10-20T16:40:26-07:00","[]","[]","{""CUSTOMER_MATCH"":true,""DATE_MATCH"":true,""DOC_NUMBER_MATCH"":false,""LINE_COUNT_MATCH"":true,""PRODUCT_SERVICE_MATCH"":false,""DESCRIPTION_MATCH"":true,""QTY_MATCH"":true,""UNIT_PRICE_MATCH"":true,""LINE_AMOUNT_MATCH"":true,""SUBTOTAL_MATCH"":true,""GST_MATCH"":true,""TOTAL_MATCH"":true,""BALANCE_MATCH"":true,""PAYMENT_STATE_MATCH"":true}","[]","[{""position"":1,""qbPosition"":1,""lineAlignment"":""EXACT_CONTENT_BIJECTION"",""elsetLineId"":""servicem8-material-c4af6de9-6529-4e41-a742-2356ec678dda"",""priceListItemId"":"""",""elsetDescription"":""Service Call out ."",""qbDescription"":""Service Call out ."",""expectedItem"":{""id"":""123"",""name"":""ELSET Services"",""incomeAccountId"":""9"",""status"":""FALLBACK"",""reason"":""Saved line has no priceListItemId; the new model uses the configured fallback."",""comparisonKnown"":true,""accountEligibility"":""NOT_REVALIDATED_ARCHIVE_HAS_NO_ACCOUNT_ENTITY""},""qbItemId"":""8"",""qbItemName"":""SCO-001"",""qbIncomeAccountId"":""16"",""qbIncomeAccountName"":""Billable Expense Income ( 16 )"",""elsetQuantityMicros"":1000000,""qbQuantityMicros"":1000000,""elsetUnitPriceMicros"":250000000,""qbUnitPriceMicros"":250000000,""elsetLineAmountCents"":25000,""qbLineAmountCents"":25000,""DESCRIPTION_DIFF"":false,""DESCRIPTION_FORMAT_ONLY"":false,""DESCRIPTION_CONTENT_DIFF"":false,""PRODUCT_SERVICE_DIFF"":true,""PRODUCT_SERVICE_COMPARISON_UNKNOWN"":false,""INCOME_ACCOUNT_DIFF"":true,""QTY_DIFF"":false,""UNIT_PRICE_DIFF"":false,""LINE_AMOUNT_DIFF"":false}]","{""id"":""16"",""candidates"":[""16""],""mapped"":false,""safe"":true,""state"":""MATCHED"",""reason"":""Existing mapping, exact marker or unique exact normalized customer identity.""}","CLEAR_CANONICAL_CANDIDATE","40","MATCHING_PAYMENT_STATE","","","","","[]","KEEP_HISTORICAL_ITEM_DESCRIPTION_FORMAT_AND_NUMBER_FORMAT"
"INV-0069","servicem8-job-8ec0576e-dd49-4dd7-970d-235b39478e1d:invoice","Citicommercialcleaning","2025-10-13","60000","6000","66000","66000","0","","DIFFERENT_IN_QB","REVIEW_PAYMENT","COSMETIC_ONLY","false","false","true","false","true","false","false","false","false","false","false","false","false","false","false","true","false","false","false","true","false","false","true","51","69","Citicommercialcleaning","13","2025-10-13","60000","6000","66000","0","66000","[""Payment""]","[{""type"":""Payment"",""id"":""52"",""via"":""payment allocation""}]","[{""id"":""52"",""date"":""2025-10-13"",""customerId"":""13"",""totalCents"":66000,""unappliedCents"":0,""allocations"":[{""amountCents"":66000,""links"":[{""TxnId"":""51"",""TxnType"":""Invoice""}]}],""metadata"":{""CreateTime"":""2025-10-20T17:17:27-07:00"",""LastUpdatedTime"":""2025-10-20T17:17:27-07:00""}}]","2025-10-20T17:15:23-07:00","2025-10-20T17:33:43-07:00","[]","[]","{""CUSTOMER_MATCH"":true,""DATE_MATCH"":true,""DOC_NUMBER_MATCH"":false,""LINE_COUNT_MATCH"":true,""PRODUCT_SERVICE_MATCH"":false,""DESCRIPTION_MATCH"":true,""QTY_MATCH"":true,""UNIT_PRICE_MATCH"":true,""LINE_AMOUNT_MATCH"":true,""SUBTOTAL_MATCH"":true,""GST_MATCH"":true,""TOTAL_MATCH"":true,""BALANCE_MATCH"":true,""PAYMENT_STATE_MATCH"":true}","[]","[{""position"":1,""qbPosition"":1,""lineAlignment"":""EXACT_CONTENT_BIJECTION"",""elsetLineId"":""servicem8-material-b3849545-dad5-44a7-98fe-235b39ff6a8d"",""priceListItemId"":"""",""elsetDescription"":""Service Call out and repairs"",""qbDescription"":""Service Call out and repairs"",""expectedItem"":{""id"":""123"",""name"":""ELSET Services"",""incomeAccountId"":""9"",""status"":""FALLBACK"",""reason"":""Saved line has no priceListItemId; the new model uses the configured fallback."",""comparisonKnown"":true,""accountEligibility"":""NOT_REVALIDATED_ARCHIVE_HAS_NO_ACCOUNT_ENTITY""},""qbItemId"":""8"",""qbItemName"":""SCO-001"",""qbIncomeAccountId"":""16"",""qbIncomeAccountName"":""Billable Expense Income ( 16 )"",""elsetQuantityMicros"":1000000,""qbQuantityMicros"":1000000,""elsetUnitPriceMicros"":600000000,""qbUnitPriceMicros"":600000000,""elsetLineAmountCents"":60000,""qbLineAmountCents"":60000,""DESCRIPTION_DIFF"":false,""DESCRIPTION_FORMAT_ONLY"":false,""DESCRIPTION_CONTENT_DIFF"":false,""PRODUCT_SERVICE_DIFF"":true,""PRODUCT_SERVICE_COMPARISON_UNKNOWN"":false,""INCOME_ACCOUNT_DIFF"":true,""QTY_DIFF"":false,""UNIT_PRICE_DIFF"":false,""LINE_AMOUNT_DIFF"":false}]","{""id"":""13"",""candidates"":[""13""],""mapped"":false,""safe"":true,""state"":""MATCHED"",""reason"":""Existing mapping, exact marker or unique exact normalized customer identity.""}","CLEAR_CANONICAL_CANDIDATE","51","MATCHING_PAYMENT_STATE","","","","","[]","KEEP_HISTORICAL_ITEM_DESCRIPTION_FORMAT_AND_NUMBER_FORMAT"
"INV-0070","servicem8-job-ad31803a-ecaa-4522-a751-235c3f7f403d:invoice","Melcorp","2025-10-15","81000","8100","89100","89100","0","","DIFFERENT_IN_QB","REVIEW_PAYMENT","CUSTOMER_OR_DATE_DIFF","true","false","true","false","true","false","false","false","false","false","false","false","false","false","false","true","false","false","false","false","false","false","true","54","70","Melcorp","22","2025-10-15","81000","8100","89100","0","89100","[""Payment""]","[{""type"":""Payment"",""id"":""73"",""via"":""payment allocation""}]","[{""id"":""73"",""date"":""2025-11-12"",""customerId"":""22"",""totalCents"":89100,""unappliedCents"":0,""allocations"":[{""amountCents"":89100,""links"":[{""TxnId"":""54"",""TxnType"":""Invoice""}]}],""metadata"":{""CreateTime"":""2025-11-11T20:12:02-08:00"",""LastUpdatedTime"":""2025-11-11T20:12:02-08:00""}}]","2025-10-20T17:33:40-07:00","2025-11-11T20:12:14-08:00","[]","[]","{""CUSTOMER_MATCH"":false,""DATE_MATCH"":true,""DOC_NUMBER_MATCH"":false,""LINE_COUNT_MATCH"":true,""PRODUCT_SERVICE_MATCH"":false,""DESCRIPTION_MATCH"":true,""QTY_MATCH"":true,""UNIT_PRICE_MATCH"":true,""LINE_AMOUNT_MATCH"":true,""SUBTOTAL_MATCH"":true,""GST_MATCH"":true,""TOTAL_MATCH"":true,""BALANCE_MATCH"":true,""PAYMENT_STATE_MATCH"":true}","[]","[{""position"":1,""qbPosition"":1,""lineAlignment"":""EXACT_CONTENT_BIJECTION"",""elsetLineId"":""servicem8-material-4bdc69d2-d0a9-4df0-ae47-235c3337218d"",""priceListItemId"":"""",""elsetDescription"":""After hours service Call out"",""qbDescription"":""After hours service Call out"",""expectedItem"":{""id"":""123"",""name"":""ELSET Services"",""incomeAccountId"":""9"",""status"":""FALLBACK"",""reason"":""Saved line has no priceListItemId; the new model uses the configured fallback."",""comparisonKnown"":true,""accountEligibility"":""NOT_REVALIDATED_ARCHIVE_HAS_NO_ACCOUNT_ENTITY""},""qbItemId"":""27"",""qbItemName"":""AHS"",""qbIncomeAccountId"":""16"",""qbIncomeAccountName"":""Billable Expense Income ( 16 )"",""elsetQuantityMicros"":1000000,""qbQuantityMicros"":1000000,""elsetUnitPriceMicros"":630000000,""qbUnitPriceMicros"":630000000,""elsetLineAmountCents"":63000,""qbLineAmountCents"":63000,""DESCRIPTION_DIFF"":false,""DESCRIPTION_FORMAT_ONLY"":false,""DESCRIPTION_CONTENT_DIFF"":false,""PRODUCT_SERVICE_DIFF"":true,""PRODUCT_SERVICE_COMPARISON_UNKNOWN"":false,""INCOME_ACCOUNT_DIFF"":true,""QTY_DIFF"":false,""UNIT_PRICE_DIFF"":false,""LINE_AMOUNT_DIFF"":false},{""position"":2,""qbPosition"":2,""lineAlignment"":""EXACT_CONTENT_BIJECTION"",""elsetLineId"":""servicem8-material-4fd618aa-c998-410c-8d45-235c3e7c400d"",""priceListItemId"":"""",""elsetDescription"":""Materials- New sensor switch"",""qbDescription"":""Materials- New sensor switch"",""expectedItem"":{""id"":""123"",""name"":""ELSET Services"",""incomeAccountId"":""9"",""status"":""FALLBACK"",""reason"":""Saved line has no priceListItemId; the new model uses the configured fallback."",""comparisonKnown"":true,""accountEligibility"":""NOT_REVALIDATED_ARCHIVE_HAS_NO_ACCOUNT_ENTITY""},""qbItemId"":""28"",""qbItemName"":""sNS"",""qbIncomeAccountId"":""16"",""qbIncomeAccountName"":""Billable Expense Income ( 16 )"",""elsetQuantityMicros"":1000000,""qbQuantityMicros"":1000000,""elsetUnitPriceMicros"":180000000,""qbUnitPriceMicros"":180000000,""elsetLineAmountCents"":18000,""qbLineAmountCents"":18000,""DESCRIPTION_DIFF"":false,""DESCRIPTION_FORMAT_ONLY"":false,""DESCRIPTION_CONTENT_DIFF"":false,""PRODUCT_SERVICE_DIFF"":true,""PRODUCT_SERVICE_COMPARISON_UNKNOWN"":false,""INCOME_ACCOUNT_DIFF"":true,""QTY_DIFF"":false,""UNIT_PRICE_DIFF"":false,""LINE_AMOUNT_DIFF"":false}]","{""id"":"""",""candidates"":[""22""],""mapped"":false,""safe"":false,""state"":""AMBIGUOUS"",""reason"":""Customer name/email candidates conflict or are not unique.""}","REVIEW_REQUIRED","","MATCHING_PAYMENT_STATE","","","","","[""PHASE_4""]","REVIEW_ONLY"
"INV-0054","servicem8-job-25ee7dac-1370-4d85-b371-234d5ef9b8ed:invoice","Plastics 2000","2025-10-20","120000","12000","132000","132000","0","","DIFFERENT_IN_QB","REVIEW_PAYMENT","COSMETIC_ONLY","false","false","true","false","true","false","false","false","false","false","false","false","false","false","false","true","false","false","false","true","false","false","true","49","54","Plastics 2000","19","2025-10-20","120000","12000","132000","0","132000","[""Payment""]","[{""type"":""Payment"",""id"":""60"",""via"":""payment allocation""}]","[{""id"":""60"",""date"":""2025-10-31"",""customerId"":""19"",""totalCents"":132000,""unappliedCents"":0,""allocations"":[{""amountCents"":132000,""links"":[{""TxnId"":""49"",""TxnType"":""Invoice""}]}],""metadata"":{""CreateTime"":""2025-10-30T21:04:00-07:00"",""LastUpdatedTime"":""2025-10-30T21:04:00-07:00""}}]","2025-10-20T17:14:17-07:00","2025-10-30T21:04:07-07:00","[]","[]","{""CUSTOMER_MATCH"":true,""DATE_MATCH"":true,""DOC_NUMBER_MATCH"":false,""LINE_COUNT_MATCH"":true,""PRODUCT_SERVICE_MATCH"":false,""DESCRIPTION_MATCH"":true,""QTY_MATCH"":true,""UNIT_PRICE_MATCH"":true,""LINE_AMOUNT_MATCH"":true,""SUBTOTAL_MATCH"":true,""GST_MATCH"":true,""TOTAL_MATCH"":true,""BALANCE_MATCH"":true,""PAYMENT_STATE_MATCH"":true}","[]","[{""position"":1,""qbPosition"":1,""lineAlignment"":""EXACT_CONTENT_BIJECTION"",""elsetLineId"":""servicem8-material-17358ad8-89ec-4f60-81df-234d5bdef27d"",""priceListItemId"":"""",""elsetDescription"":""Supply and installation of Digital keypad and wifi system"",""qbDescription"":""Supply and installation of Digital keypad and wifi system"",""expectedItem"":{""id"":""123"",""name"":""ELSET Services"",""incomeAccountId"":""9"",""status"":""FALLBACK"",""reason"":""Saved line has no priceListItemId; the new model uses the configured fallback."",""comparisonKnown"":true,""accountEligibility"":""NOT_REVALIDATED_ARCHIVE_HAS_NO_ACCOUNT_ENTITY""},""qbItemId"":""26"",""qbItemName"":""KWS01"",""qbIncomeAccountId"":""16"",""qbIncomeAccountName"":""Billable Expense Income ( 16 )"",""elsetQuantityMicros"":1000000,""qbQuantityMicros"":1000000,""elsetUnitPriceMicros"":1200000000,""qbUnitPriceMicros"":1200000000,""elsetLineAmountCents"":120000,""qbLineAmountCents"":120000,""DESCRIPTION_DIFF"":false,""DESCRIPTION_FORMAT_ONLY"":false,""DESCRIPTION_CONTENT_DIFF"":false,""PRODUCT_SERVICE_DIFF"":true,""PRODUCT_SERVICE_COMPARISON_UNKNOWN"":false,""INCOME_ACCOUNT_DIFF"":true,""QTY_DIFF"":false,""UNIT_PRICE_DIFF"":false,""LINE_AMOUNT_DIFF"":false}]","{""id"":""19"",""candidates"":[""19""],""mapped"":false,""safe"":true,""state"":""MATCHED"",""reason"":""Existing mapping, exact marker or unique exact normalized customer identity.""}","CLEAR_CANONICAL_CANDIDATE","49","MATCHING_PAYMENT_STATE","","","","","[]","KEEP_HISTORICAL_ITEM_DESCRIPTION_FORMAT_AND_NUMBER_FORMAT"
"INV-0072","servicem8-job-52b49d21-a442-4edb-95d9-236170ea4b6d:invoice","EASTPOINT PROPERTY","2025-10-20","107000","10700","117700","117700","0","","DIFFERENT_IN_QB","REVIEW_PAYMENT","CONTENT_DIFF_NO_FINANCIAL_CHANGE","false","false","true","false","true","false","false","false","false","false","false","false","false","false","true","true","false","false","false","false","false","false","true","47","72","EASTPOINT PROPERTY","21","2025-10-20","107000","10700","117700","0","117700","[""Payment""]","[{""type"":""Payment"",""id"":""70"",""via"":""payment allocation""}]","[{""id"":""70"",""date"":""2025-11-11"",""customerId"":""21"",""totalCents"":117700,""unappliedCents"":0,""allocations"":[{""amountCents"":117700,""links"":[{""TxnId"":""47"",""TxnType"":""Invoice""}]}],""metadata"":{""CreateTime"":""2025-11-11T14:00:21-08:00"",""LastUpdatedTime"":""2025-11-11T14:00:21-08:00""}}]","2025-10-20T17:14:16-07:00","2025-11-11T14:00:31-08:00","[]","[]","{""CUSTOMER_MATCH"":true,""DATE_MATCH"":true,""DOC_NUMBER_MATCH"":false,""LINE_COUNT_MATCH"":true,""PRODUCT_SERVICE_MATCH"":false,""DESCRIPTION_MATCH"":true,""QTY_MATCH"":true,""UNIT_PRICE_MATCH"":true,""LINE_AMOUNT_MATCH"":true,""SUBTOTAL_MATCH"":true,""GST_MATCH"":true,""TOTAL_MATCH"":true,""BALANCE_MATCH"":true,""PAYMENT_STATE_MATCH"":true}","[]","[{""position"":1,""qbPosition"":1,""lineAlignment"":""EXACT_CONTENT_BIJECTION"",""elsetLineId"":""servicem8-material-57ee6f37-5172-4360-8b0d-23617ef2ed9d"",""priceListItemId"":"""",""elsetDescription"":""Remote control"",""qbDescription"":""Remote control"",""expectedItem"":{""id"":""123"",""name"":""ELSET Services"",""incomeAccountId"":""9"",""status"":""FALLBACK"",""reason"":""Saved line has no priceListItemId; the new model uses the configured fallback."",""comparisonKnown"":true,""accountEligibility"":""NOT_REVALIDATED_ARCHIVE_HAS_NO_ACCOUNT_ENTITY""},""qbItemId"":""4"",""qbItemName"":""RC-001"",""qbIncomeAccountId"":""16"",""qbIncomeAccountName"":""Billable Expense Income ( 16 )"",""elsetQuantityMicros"":10000000,""qbQuantityMicros"":10000000,""elsetUnitPriceMicros"":70000000,""qbUnitPriceMicros"":70000000,""elsetLineAmountCents"":70000,""qbLineAmountCents"":70000,""DESCRIPTION_DIFF"":false,""DESCRIPTION_FORMAT_ONLY"":false,""DESCRIPTION_CONTENT_DIFF"":false,""PRODUCT_SERVICE_DIFF"":true,""PRODUCT_SERVICE_COMPARISON_UNKNOWN"":false,""INCOME_ACCOUNT_DIFF"":true,""QTY_DIFF"":false,""UNIT_PRICE_DIFF"":false,""LINE_AMOUNT_DIFF"":false},{""position"":2,""qbPosition"":3,""lineAlignment"":""EXACT_CONTENT_BIJECTION"",""elsetLineId"":""servicem8-material-85207861-26a7-4bda-ae04-23617e1b124d"",""priceListItemId"":"""",""elsetDescription"":""Remote control receiver"",""qbDescription"":""Remote control receiver"",""expectedItem"":{""id"":""123"",""name"":""ELSET Services"",""incomeAccountId"":""9"",""status"":""FALLBACK"",""reason"":""Saved line has no priceListItemId; the new model uses the configured fallback."",""comparisonKnown"":true,""accountEligibility"":""NOT_REVALIDATED_ARCHIVE_HAS_NO_ACCOUNT_ENTITY""},""qbItemId"":""7"",""qbItemName"":""REC-001"",""qbIncomeAccountId"":""16"",""qbIncomeAccountName"":""Billable Expense Income ( 16 )"",""elsetQuantityMicros"":1000000,""qbQuantityMicros"":1000000,""elsetUnitPriceMicros"":120000000,""qbUnitPriceMicros"":120000000,""elsetLineAmountCents"":12000,""qbLineAmountCents"":12000,""DESCRIPTION_DIFF"":false,""DESCRIPTION_FORMAT_ONLY"":false,""DESCRIPTION_CONTENT_DIFF"":false,""PRODUCT_SERVICE_DIFF"":true,""PRODUCT_SERVICE_COMPARISON_UNKNOWN"":false,""INCOME_ACCOUNT_DIFF"":true,""QTY_DIFF"":false,""UNIT_PRICE_DIFF"":false,""LINE_AMOUNT_DIFF"":false},{""position"":3,""qbPosition"":2,""lineAlignment"":""EXACT_CONTENT_BIJECTION"",""elsetLineId"":""servicem8-material-98386b83-1fc6-41b8-8f56-23617db55dcd"",""priceListItemId"":"""",""elsetDescription"":""Service Call out ."",""qbDescription"":""Service Call out ."",""expectedItem"":{""id"":""123"",""name"":""ELSET Services"",""incomeAccountId"":""9"",""status"":""FALLBACK"",""reason"":""Saved line has no priceListItemId; the new model uses the configured fallback."",""comparisonKnown"":true,""accountEligibility"":""NOT_REVALIDATED_ARCHIVE_HAS_NO_ACCOUNT_ENTITY""},""qbItemId"":""8"",""qbItemName"":""SCO-001"",""qbIncomeAccountId"":""16"",""qbIncomeAccountName"":""Billable Expense Income ( 16 )"",""elsetQuantityMicros"":1000000,""qbQuantityMicros"":1000000,""elsetUnitPriceMicros"":250000000,""qbUnitPriceMicros"":250000000,""elsetLineAmountCents"":25000,""qbLineAmountCents"":25000,""DESCRIPTION_DIFF"":false,""DESCRIPTION_FORMAT_ONLY"":false,""DESCRIPTION_CONTENT_DIFF"":false,""PRODUCT_SERVICE_DIFF"":true,""PRODUCT_SERVICE_COMPARISON_UNKNOWN"":false,""INCOME_ACCOUNT_DIFF"":true,""QTY_DIFF"":false,""UNIT_PRICE_DIFF"":false,""LINE_AMOUNT_DIFF"":false}]","{""id"":""21"",""candidates"":[""21""],""mapped"":false,""safe"":true,""state"":""MATCHED"",""reason"":""Existing mapping, exact marker or unique exact normalized customer identity.""}","CLEAR_CANONICAL_CANDIDATE","47","MATCHING_PAYMENT_STATE","","","","","[]","KEEP_HISTORICAL_LINE_ORDER_AND_ITEMS"
"INV-0064","servicem8-job-01dedacb-5a82-453c-9504-2356e58ec69d:invoice","Chris Moore","2025-10-21","161500","16150","177650","177650","0","","DIFFERENT_IN_QB","REVIEW_PAYMENT","CONTENT_DIFF_NO_FINANCIAL_CHANGE","false","false","true","false","true","false","false","false","false","false","false","false","false","false","true","true","false","false","false","false","false","false","true","45","64","Chris Moore","18","2025-10-21","161500","16150","177650","0","177650","[""Payment""]","[{""type"":""Payment"",""id"":""79"",""via"":""payment allocation""}]","[{""id"":""79"",""date"":""2025-11-17"",""customerId"":""18"",""totalCents"":177650,""unappliedCents"":0,""allocations"":[{""amountCents"":177650,""links"":[{""TxnId"":""45"",""TxnType"":""Invoice""}]}],""metadata"":{""CreateTime"":""2025-11-17T18:42:26-08:00"",""LastUpdatedTime"":""2025-11-17T18:42:26-08:00""}}]","2025-10-20T16:57:04-07:00","2025-11-17T18:42:33-08:00","[]","[]","{""CUSTOMER_MATCH"":true,""DATE_MATCH"":true,""DOC_NUMBER_MATCH"":false,""LINE_COUNT_MATCH"":true,""PRODUCT_SERVICE_MATCH"":false,""DESCRIPTION_MATCH"":true,""QTY_MATCH"":true,""UNIT_PRICE_MATCH"":true,""LINE_AMOUNT_MATCH"":true,""SUBTOTAL_MATCH"":true,""GST_MATCH"":true,""TOTAL_MATCH"":true,""BALANCE_MATCH"":true,""PAYMENT_STATE_MATCH"":true}","[]","[{""position"":1,""qbPosition"":2,""lineAlignment"":""EXACT_CONTENT_BIJECTION"",""elsetLineId"":""servicem8-material-6df80b05-70ba-4938-87c3-236280dee93d"",""priceListItemId"":"""",""elsetDescription"":""Electric lock"",""qbDescription"":""Electric lock"",""expectedItem"":{""id"":""123"",""name"":""ELSET Services"",""incomeAccountId"":""9"",""status"":""FALLBACK"",""reason"":""Saved line has no priceListItemId; the new model uses the configured fallback."",""comparisonKnown"":true,""accountEligibility"":""NOT_REVALIDATED_ARCHIVE_HAS_NO_ACCOUNT_ENTITY""},""qbItemId"":""22"",""qbItemName"":""ELL"",""qbIncomeAccountId"":""16"",""qbIncomeAccountName"":""Billable Expense Income ( 16 )"",""elsetQuantityMicros"":1000000,""qbQuantityMicros"":1000000,""elsetUnitPriceMicros"":850000000,""qbUnitPriceMicros"":850000000,""elsetLineAmountCents"":85000,""qbLineAmountCents"":85000,""DESCRIPTION_DIFF"":false,""DESCRIPTION_FORMAT_ONLY"":false,""DESCRIPTION_CONTENT_DIFF"":false,""PRODUCT_SERVICE_DIFF"":true,""PRODUCT_SERVICE_COMPARISON_UNKNOWN"":false,""INCOME_ACCOUNT_DIFF"":true,""QTY_DIFF"":false,""UNIT_PRICE_DIFF"":false,""LINE_AMOUNT_DIFF"":false},{""position"":2,""qbPosition"":1,""lineAlignment"":""EXACT_CONTENT_BIJECTION"",""elsetLineId"":""servicem8-material-f9a846ea-cb70-4823-a157-23628b126efd"",""priceListItemId"":"""",""elsetDescription"":""Repair and service"",""qbDescription"":""Repair and service"",""expectedItem"":{""id"":""123"",""name"":""ELSET Services"",""incomeAccountId"":""9"",""status"":""FALLBACK"",""reason"":""Saved line has no priceListItemId; the new model uses the configured fallback."",""comparisonKnown"":true,""accountEligibility"":""NOT_REVALIDATED_ARCHIVE_HAS_NO_ACCOUNT_ENTITY""},""qbItemId"":""21"",""qbItemName"":""RSCO"",""qbIncomeAccountId"":""16"",""qbIncomeAccountName"":""Billable Expense Income ( 16 )"",""elsetQuantityMicros"":1000000,""qbQuantityMicros"":1000000,""elsetUnitPriceMicros"":765000000,""qbUnitPriceMicros"":765000000,""elsetLineAmountCents"":76500,""qbLineAmountCents"":76500,""DESCRIPTION_DIFF"":false,""DESCRIPTION_FORMAT_ONLY"":false,""DESCRIPTION_CONTENT_DIFF"":false,""PRODUCT_SERVICE_DIFF"":true,""PRODUCT_SERVICE_COMPARISON_UNKNOWN"":false,""INCOME_ACCOUNT_DIFF"":true,""QTY_DIFF"":false,""UNIT_PRICE_DIFF"":false,""LINE_AMOUNT_DIFF"":false}]","{""id"":""18"",""candidates"":[""18""],""mapped"":false,""safe"":true,""state"":""MATCHED"",""reason"":""Existing mapping, exact marker or unique exact normalized customer identity.""}","CLEAR_CANONICAL_CANDIDATE","45","MATCHING_PAYMENT_STATE","","","","","[]","KEEP_HISTORICAL_LINE_ORDER_AND_ITEMS"
"INV-0056","servicem8-job-1f2d284f-c6e3-48fc-94d5-234e5d27859b:invoice","Jay jeyakumar","2025-10-21","14000","1400","15400","15400","0","","DIFFERENT_IN_QB","REVIEW_PAYMENT","COSMETIC_ONLY","false","false","true","false","true","false","false","false","false","false","false","false","false","false","false","true","false","false","false","true","false","false","true","48","56","Jay jeyakumar","20","2025-10-21","14000","1400","15400","0","15400","[""Payment""]","[{""type"":""Payment"",""id"":""50"",""via"":""payment allocation""}]","[{""id"":""50"",""date"":""2025-09-30"",""customerId"":""20"",""totalCents"":15400,""unappliedCents"":0,""allocations"":[{""amountCents"":15400,""links"":[{""TxnId"":""48"",""TxnType"":""Invoice""}]}],""metadata"":{""CreateTime"":""2025-10-20T17:14:22-07:00"",""LastUpdatedTime"":""2025-10-20T17:14:22-07:00""}}]","2025-10-20T17:14:16-07:00","2025-10-20T17:15:24-07:00","[]","[]","{""CUSTOMER_MATCH"":true,""DATE_MATCH"":true,""DOC_NUMBER_MATCH"":false,""LINE_COUNT_MATCH"":true,""PRODUCT_SERVICE_MATCH"":false,""DESCRIPTION_MATCH"":true,""QTY_MATCH"":true,""UNIT_PRICE_MATCH"":true,""LINE_AMOUNT_MATCH"":true,""SUBTOTAL_MATCH"":true,""GST_MATCH"":true,""TOTAL_MATCH"":true,""BALANCE_MATCH"":true,""PAYMENT_STATE_MATCH"":true}","[]","[{""position"":1,""qbPosition"":1,""lineAlignment"":""EXACT_CONTENT_BIJECTION"",""elsetLineId"":""servicem8-material-818478ae-7098-4b9e-9526-234e45b8fcfa"",""priceListItemId"":"""",""elsetDescription"":""Remote control"",""qbDescription"":""Remote control"",""expectedItem"":{""id"":""123"",""name"":""ELSET Services"",""incomeAccountId"":""9"",""status"":""FALLBACK"",""reason"":""Saved line has no priceListItemId; the new model uses the configured fallback."",""comparisonKnown"":true,""accountEligibility"":""NOT_REVALIDATED_ARCHIVE_HAS_NO_ACCOUNT_ENTITY""},""qbItemId"":""4"",""qbItemName"":""RC-001"",""qbIncomeAccountId"":""16"",""qbIncomeAccountName"":""Billable Expense Income ( 16 )"",""elsetQuantityMicros"":2000000,""qbQuantityMicros"":2000000,""elsetUnitPriceMicros"":70000000,""qbUnitPriceMicros"":70000000,""elsetLineAmountCents"":14000,""qbLineAmountCents"":14000,""DESCRIPTION_DIFF"":false,""DESCRIPTION_FORMAT_ONLY"":false,""DESCRIPTION_CONTENT_DIFF"":false,""PRODUCT_SERVICE_DIFF"":true,""PRODUCT_SERVICE_COMPARISON_UNKNOWN"":false,""INCOME_ACCOUNT_DIFF"":true,""QTY_DIFF"":false,""UNIT_PRICE_DIFF"":false,""LINE_AMOUNT_DIFF"":false}]","{""id"":""20"",""candidates"":[""20""],""mapped"":false,""safe"":true,""state"":""MATCHED"",""reason"":""Existing mapping, exact marker or unique exact normalized customer identity.""}","CLEAR_CANONICAL_CANDIDATE","48","MATCHING_PAYMENT_STATE","","","","","[]","KEEP_HISTORICAL_ITEM_DESCRIPTION_FORMAT_AND_NUMBER_FORMAT"
"INV-0073","servicem8-job-4dde4a1f-d374-4634-b74a-2361750a489b:invoice","Seymour passenger services","2025-10-21","300000","30000","330000","330000","0","","DIFFERENT_IN_QB","REVIEW_PAYMENT","COSMETIC_ONLY","false","false","true","false","true","false","false","false","false","false","false","false","false","false","false","true","false","false","false","true","false","false","true","42","73","Seymour passenger services","17","2025-10-21","300000","30000","330000","0","330000","[""Payment""]","[{""type"":""Payment"",""id"":""43"",""via"":""payment allocation""}]","[{""id"":""43"",""date"":""2025-10-20"",""customerId"":""17"",""totalCents"":330000,""unappliedCents"":0,""allocations"":[{""amountCents"":330000,""links"":[{""TxnId"":""42"",""TxnType"":""Invoice""}]}],""metadata"":{""CreateTime"":""2025-10-20T15:55:32-07:00"",""LastUpdatedTime"":""2025-10-20T15:55:32-07:00""}}]","2025-10-20T15:55:28-07:00","2025-10-20T15:56:59-07:00","[]","[]","{""CUSTOMER_MATCH"":true,""DATE_MATCH"":true,""DOC_NUMBER_MATCH"":false,""LINE_COUNT_MATCH"":true,""PRODUCT_SERVICE_MATCH"":false,""DESCRIPTION_MATCH"":true,""QTY_MATCH"":true,""UNIT_PRICE_MATCH"":true,""LINE_AMOUNT_MATCH"":true,""SUBTOTAL_MATCH"":true,""GST_MATCH"":true,""TOTAL_MATCH"":true,""BALANCE_MATCH"":true,""PAYMENT_STATE_MATCH"":true}","[]","[{""position"":1,""qbPosition"":1,""lineAlignment"":""EXACT_CONTENT_BIJECTION"",""elsetLineId"":""servicem8-material-6e4b12e3-d7ae-4c6e-93f4-236173101a2a"",""priceListItemId"":"""",""elsetDescription"":""Replace roller shutter system"",""qbDescription"":""Replace roller shutter system"",""expectedItem"":{""id"":""123"",""name"":""ELSET Services"",""incomeAccountId"":""9"",""status"":""FALLBACK"",""reason"":""Saved line has no priceListItemId; the new model uses the configured fallback."",""comparisonKnown"":true,""accountEligibility"":""NOT_REVALIDATED_ARCHIVE_HAS_NO_ACCOUNT_ENTITY""},""qbItemId"":""20"",""qbItemName"":""RSA001"",""qbIncomeAccountId"":""16"",""qbIncomeAccountName"":""Billable Expense Income ( 16 )"",""elsetQuantityMicros"":1000000,""qbQuantityMicros"":1000000,""elsetUnitPriceMicros"":3000000000,""qbUnitPriceMicros"":3000000000,""elsetLineAmountCents"":300000,""qbLineAmountCents"":300000,""DESCRIPTION_DIFF"":false,""DESCRIPTION_FORMAT_ONLY"":false,""DESCRIPTION_CONTENT_DIFF"":false,""PRODUCT_SERVICE_DIFF"":true,""PRODUCT_SERVICE_COMPARISON_UNKNOWN"":false,""INCOME_ACCOUNT_DIFF"":true,""QTY_DIFF"":false,""UNIT_PRICE_DIFF"":false,""LINE_AMOUNT_DIFF"":false}]","{""id"":""17"",""candidates"":[""17""],""mapped"":false,""safe"":true,""state"":""MATCHED"",""reason"":""Existing mapping, exact marker or unique exact normalized customer identity.""}","CLEAR_CANONICAL_CANDIDATE","42","MATCHING_PAYMENT_STATE","","","","","[]","KEEP_HISTORICAL_ITEM_DESCRIPTION_FORMAT_AND_NUMBER_FORMAT"
"INV-0074","servicem8-job-9759e296-f8f6-473c-93d0-23628ed48abd:invoice","Paul Rosen","2025-10-22","60000","6000","66000","66000","0","","DIFFERENT_IN_QB","REVIEW_PAYMENT","CONTENT_DIFF_NO_FINANCIAL_CHANGE","false","false","true","false","true","false","false","false","false","false","false","false","false","false","true","true","false","false","false","false","false","false","true","78","74","Paul Rosen","30","2025-10-22","60000","6000","66000","0","66000","[""Payment""]","[{""type"":""Payment"",""id"":""84"",""via"":""payment allocation""}]","[{""id"":""84"",""date"":""2025-11-17"",""customerId"":""30"",""totalCents"":66000,""unappliedCents"":0,""allocations"":[{""amountCents"":66000,""links"":[{""TxnId"":""78"",""TxnType"":""Invoice""}]}],""metadata"":{""CreateTime"":""2025-11-17T19:03:06-08:00"",""LastUpdatedTime"":""2025-11-17T19:03:06-08:00""}}]","2025-11-16T18:57:59-08:00","2025-11-17T19:04:01-08:00","[]","[]","{""CUSTOMER_MATCH"":true,""DATE_MATCH"":true,""DOC_NUMBER_MATCH"":false,""LINE_COUNT_MATCH"":true,""PRODUCT_SERVICE_MATCH"":false,""DESCRIPTION_MATCH"":true,""QTY_MATCH"":true,""UNIT_PRICE_MATCH"":true,""LINE_AMOUNT_MATCH"":true,""SUBTOTAL_MATCH"":true,""GST_MATCH"":true,""TOTAL_MATCH"":true,""BALANCE_MATCH"":true,""PAYMENT_STATE_MATCH"":true}","[]","[{""position"":1,""qbPosition"":2,""lineAlignment"":""EXACT_CONTENT_BIJECTION"",""elsetLineId"":""servicem8-material-27ee83fb-6b82-4729-b69b-237e9ded668d"",""priceListItemId"":"""",""elsetDescription"":""Annual maintenance service on automatic gate"",""qbDescription"":""Annual maintenance service on automatic gate"",""expectedItem"":{""id"":""123"",""name"":""ELSET Services"",""incomeAccountId"":""9"",""status"":""FALLBACK"",""reason"":""Saved line has no priceListItemId; the new model uses the configured fallback."",""comparisonKnown"":true,""accountEligibility"":""NOT_REVALIDATED_ARCHIVE_HAS_NO_ACCOUNT_ENTITY""},""qbItemId"":""40"",""qbItemName"":""Main"",""qbIncomeAccountId"":""16"",""qbIncomeAccountName"":""Billable Expense Income ( 16 )"",""elsetQuantityMicros"":1000000,""qbQuantityMicros"":1000000,""elsetUnitPriceMicros"":350000000,""qbUnitPriceMicros"":350000000,""elsetLineAmountCents"":35000,""qbLineAmountCents"":35000,""DESCRIPTION_DIFF"":false,""DESCRIPTION_FORMAT_ONLY"":false,""DESCRIPTION_CONTENT_DIFF"":false,""PRODUCT_SERVICE_DIFF"":true,""PRODUCT_SERVICE_COMPARISON_UNKNOWN"":false,""INCOME_ACCOUNT_DIFF"":true,""QTY_DIFF"":false,""UNIT_PRICE_DIFF"":false,""LINE_AMOUNT_DIFF"":false},{""position"":2,""qbPosition"":1,""lineAlignment"":""EXACT_CONTENT_BIJECTION"",""elsetLineId"":""servicem8-material-9499cc50-d7a4-41af-9a97-237e911bbbed"",""priceListItemId"":"""",""elsetDescription"":""Repair and call out"",""qbDescription"":""Repair and call out"",""expectedItem"":{""id"":""123"",""name"":""ELSET Services"",""incomeAccountId"":""9"",""status"":""FALLBACK"",""reason"":""Saved line has no priceListItemId; the new model uses the configured fallback."",""comparisonKnown"":true,""accountEligibility"":""NOT_REVALIDATED_ARCHIVE_HAS_NO_ACCOUNT_ENTITY""},""qbItemId"":""21"",""qbItemName"":""RSCO"",""qbIncomeAccountId"":""16"",""qbIncomeAccountName"":""Billable Expense Income ( 16 )"",""elsetQuantityMicros"":1000000,""qbQuantityMicros"":1000000,""elsetUnitPriceMicros"":250000000,""qbUnitPriceMicros"":250000000,""elsetLineAmountCents"":25000,""qbLineAmountCents"":25000,""DESCRIPTION_DIFF"":false,""DESCRIPTION_FORMAT_ONLY"":false,""DESCRIPTION_CONTENT_DIFF"":false,""PRODUCT_SERVICE_DIFF"":true,""PRODUCT_SERVICE_COMPARISON_UNKNOWN"":false,""INCOME_ACCOUNT_DIFF"":true,""QTY_DIFF"":false,""UNIT_PRICE_DIFF"":false,""LINE_AMOUNT_DIFF"":false}]","{""id"":""30"",""candidates"":[""30""],""mapped"":false,""safe"":true,""state"":""MATCHED"",""reason"":""Existing mapping, exact marker or unique exact normalized customer identity.""}","CLEAR_CANONICAL_CANDIDATE","78","MATCHING_PAYMENT_STATE","","","","","[]","KEEP_HISTORICAL_LINE_ORDER_AND_ITEMS"
"INV-0078","servicem8-job-1bbf85b0-5201-496e-bfec-2366d01db99d:invoice","Emilio Manfrin","2025-10-24","50700","5070","55770","55770","0","","DIFFERENT_IN_QB","REVIEW_PAYMENT","CUSTOMER_OR_DATE_DIFF","true","false","true","false","true","false","false","false","false","false","false","false","false","false","false","true","false","false","false","false","false","false","true","56","78","Emilio Manfrin","23","2025-10-24","50700","5070","55770","0","55770","[""Payment""]","[{""type"":""Payment"",""id"":""190"",""via"":""payment allocation""}]","[{""id"":""190"",""date"":""2026-03-11"",""customerId"":""23"",""totalCents"":55770,""unappliedCents"":0,""allocations"":[{""amountCents"":55770,""links"":[{""TxnId"":""56"",""TxnType"":""Invoice""}]}],""metadata"":{""CreateTime"":""2026-03-23T20:37:58-07:00"",""LastUpdatedTime"":""2026-03-23T20:37:58-07:00""}}]","2025-10-23T19:08:07-07:00","2026-03-23T20:38:21-07:00","[]","[]","{""CUSTOMER_MATCH"":false,""DATE_MATCH"":true,""DOC_NUMBER_MATCH"":false,""LINE_COUNT_MATCH"":true,""PRODUCT_SERVICE_MATCH"":false,""DESCRIPTION_MATCH"":true,""QTY_MATCH"":true,""UNIT_PRICE_MATCH"":true,""LINE_AMOUNT_MATCH"":true,""SUBTOTAL_MATCH"":true,""GST_MATCH"":true,""TOTAL_MATCH"":true,""BALANCE_MATCH"":true,""PAYMENT_STATE_MATCH"":true}","[]","[{""position"":1,""qbPosition"":1,""lineAlignment"":""EXACT_CONTENT_BIJECTION"",""elsetLineId"":""servicem8-material-24570897-066c-47aa-8b5a-2366d80800ad"",""priceListItemId"":"""",""elsetDescription"":""SERVICE AND REPAIRS"",""qbDescription"":""SERVICE AND REPAIRS"",""expectedItem"":{""id"":""123"",""name"":""ELSET Services"",""incomeAccountId"":""9"",""status"":""FALLBACK"",""reason"":""Saved line has no priceListItemId; the new model uses the configured fallback."",""comparisonKnown"":true,""accountEligibility"":""NOT_REVALIDATED_ARCHIVE_HAS_NO_ACCOUNT_ENTITY""},""qbItemId"":""31"",""qbItemName"":""SNR-001"",""qbIncomeAccountId"":""16"",""qbIncomeAccountName"":""Billable Expense Income ( 16 )"",""elsetQuantityMicros"":1000000,""qbQuantityMicros"":1000000,""elsetUnitPriceMicros"":507000000,""qbUnitPriceMicros"":507000000,""elsetLineAmountCents"":50700,""qbLineAmountCents"":50700,""DESCRIPTION_DIFF"":false,""DESCRIPTION_FORMAT_ONLY"":false,""DESCRIPTION_CONTENT_DIFF"":false,""PRODUCT_SERVICE_DIFF"":true,""PRODUCT_SERVICE_COMPARISON_UNKNOWN"":false,""INCOME_ACCOUNT_DIFF"":true,""QTY_DIFF"":false,""UNIT_PRICE_DIFF"":false,""LINE_AMOUNT_DIFF"":false}]","{""id"":"""",""candidates"":[""23""],""mapped"":false,""safe"":false,""state"":""AMBIGUOUS"",""reason"":""Customer name/email candidates conflict or are not unique.""}","REVIEW_REQUIRED","","MATCHING_PAYMENT_STATE","","","","","[""PHASE_4""]","REVIEW_ONLY"
"INV-0076","servicem8-job-5b31c3cb-5db8-49ca-aed9-2366d2c7c42d:invoice","YOUR owners corporation","2025-10-24","40000","4000","44000","44000","0","","DIFFERENT_IN_QB","REVIEW_PAYMENT","COSMETIC_ONLY","false","false","true","false","true","false","false","false","false","false","false","false","false","false","false","true","false","false","false","true","false","false","true","55","76","YOUR owners corporation","6","2025-10-24","40000","4000","44000","0","44000","[""Payment""]","[{""type"":""Payment"",""id"":""61"",""via"":""payment allocation""}]","[{""id"":""61"",""date"":""2025-10-31"",""customerId"":""6"",""totalCents"":44000,""unappliedCents"":0,""allocations"":[{""amountCents"":44000,""links"":[{""TxnId"":""55"",""TxnType"":""Invoice""}]}],""metadata"":{""CreateTime"":""2025-10-30T21:04:01-07:00"",""LastUpdatedTime"":""2025-10-30T21:04:01-07:00""}}]","2025-10-23T18:41:35-07:00","2025-10-30T21:04:07-07:00","[]","[]","{""CUSTOMER_MATCH"":true,""DATE_MATCH"":true,""DOC_NUMBER_MATCH"":false,""LINE_COUNT_MATCH"":true,""PRODUCT_SERVICE_MATCH"":false,""DESCRIPTION_MATCH"":true,""QTY_MATCH"":true,""UNIT_PRICE_MATCH"":true,""LINE_AMOUNT_MATCH"":true,""SUBTOTAL_MATCH"":true,""GST_MATCH"":true,""TOTAL_MATCH"":true,""BALANCE_MATCH"":true,""PAYMENT_STATE_MATCH"":true}","[]","[{""position"":1,""qbPosition"":1,""lineAlignment"":""EXACT_CONTENT_BIJECTION"",""elsetLineId"":""servicem8-material-681a7c4f-5380-4cd2-b0e8-2366dc71e39d"",""priceListItemId"":"""",""elsetDescription"":""Standard Call-out"",""qbDescription"":""Standard Call-out"",""expectedItem"":{""id"":""123"",""name"":""ELSET Services"",""incomeAccountId"":""9"",""status"":""FALLBACK"",""reason"":""Saved line has no priceListItemId; the new model uses the configured fallback."",""comparisonKnown"":true,""accountEligibility"":""NOT_REVALIDATED_ARCHIVE_HAS_NO_ACCOUNT_ENTITY""},""qbItemId"":""29"",""qbItemName"":""Standard CO PRIVATE"",""qbIncomeAccountId"":""16"",""qbIncomeAccountName"":""Billable Expense Income ( 16 )"",""elsetQuantityMicros"":1000000,""qbQuantityMicros"":1000000,""elsetUnitPriceMicros"":250000000,""qbUnitPriceMicros"":250000000,""elsetLineAmountCents"":25000,""qbLineAmountCents"":25000,""DESCRIPTION_DIFF"":false,""DESCRIPTION_FORMAT_ONLY"":false,""DESCRIPTION_CONTENT_DIFF"":false,""PRODUCT_SERVICE_DIFF"":true,""PRODUCT_SERVICE_COMPARISON_UNKNOWN"":false,""INCOME_ACCOUNT_DIFF"":true,""QTY_DIFF"":false,""UNIT_PRICE_DIFF"":false,""LINE_AMOUNT_DIFF"":false},{""position"":2,""qbPosition"":2,""lineAlignment"":""EXACT_CONTENT_BIJECTION"",""elsetLineId"":""servicem8-material-92a891aa-b895-4390-906e-2366d401bb3d"",""priceListItemId"":"""",""elsetDescription"":""Materials and Labour to repair gate."",""qbDescription"":""Materials and Labour to repair gate."",""expectedItem"":{""id"":""123"",""name"":""ELSET Services"",""incomeAccountId"":""9"",""status"":""FALLBACK"",""reason"":""Saved line has no priceListItemId; the new model uses the configured fallback."",""comparisonKnown"":true,""accountEligibility"":""NOT_REVALIDATED_ARCHIVE_HAS_NO_ACCOUNT_ENTITY""},""qbItemId"":""30"",""qbItemName"":""MAT-001"",""qbIncomeAccountId"":""16"",""qbIncomeAccountName"":""Billable Expense Income ( 16 )"",""elsetQuantityMicros"":1000000,""qbQuantityMicros"":1000000,""elsetUnitPriceMicros"":150000000,""qbUnitPriceMicros"":150000000,""elsetLineAmountCents"":15000,""qbLineAmountCents"":15000,""DESCRIPTION_DIFF"":false,""DESCRIPTION_FORMAT_ONLY"":false,""DESCRIPTION_CONTENT_DIFF"":false,""PRODUCT_SERVICE_DIFF"":true,""PRODUCT_SERVICE_COMPARISON_UNKNOWN"":false,""INCOME_ACCOUNT_DIFF"":true,""QTY_DIFF"":false,""UNIT_PRICE_DIFF"":false,""LINE_AMOUNT_DIFF"":false}]","{""id"":""6"",""candidates"":[""6""],""mapped"":true,""safe"":true,""state"":""MATCHED"",""reason"":""Existing mapping, exact marker or unique exact normalized customer identity.""}","CLEAR_CANONICAL_CANDIDATE","55","MATCHING_PAYMENT_STATE","","","","","[]","KEEP_HISTORICAL_ITEM_DESCRIPTION_FORMAT_AND_NUMBER_FORMAT"
"INV-0024","servicem8-job-01e394c4-7ce5-419f-92ad-2338bf74911b:invoice","michael shabilla","2025-10-28","250000","25000","275000","275000","0","","DIFFERENT_IN_QB","REVIEW_PAYMENT","COSMETIC_ONLY","false","false","true","false","true","false","false","false","false","false","false","false","false","false","false","true","false","false","false","true","false","false","true","57","24","michael shabilla","24","2025-10-28","250000","25000","275000","0","275000","[""Payment""]","[{""type"":""Payment"",""id"":""66"",""via"":""payment allocation""}]","[{""id"":""66"",""date"":""2025-10-31"",""customerId"":""24"",""totalCents"":275000,""unappliedCents"":0,""allocations"":[{""amountCents"":275000,""links"":[{""TxnId"":""57"",""TxnType"":""Invoice""}]}],""metadata"":{""CreateTime"":""2025-11-05T15:14:13-08:00"",""LastUpdatedTime"":""2025-11-05T15:14:13-08:00""}}]","2025-10-27T18:13:45-07:00","2025-11-05T15:14:22-08:00","[]","[]","{""CUSTOMER_MATCH"":true,""DATE_MATCH"":true,""DOC_NUMBER_MATCH"":false,""LINE_COUNT_MATCH"":true,""PRODUCT_SERVICE_MATCH"":false,""DESCRIPTION_MATCH"":true,""QTY_MATCH"":true,""UNIT_PRICE_MATCH"":true,""LINE_AMOUNT_MATCH"":true,""SUBTOTAL_MATCH"":true,""GST_MATCH"":true,""TOTAL_MATCH"":true,""BALANCE_MATCH"":true,""PAYMENT_STATE_MATCH"":true}","[]","[{""position"":1,""qbPosition"":1,""lineAlignment"":""EXACT_CONTENT_BIJECTION"",""elsetLineId"":""servicem8-material-7fa3157c-0196-42ae-bee4-236a7497c38d"",""priceListItemId"":"""",""elsetDescription"":""Door opener front and back"",""qbDescription"":""Door opener front and back"",""expectedItem"":{""id"":""123"",""name"":""ELSET Services"",""incomeAccountId"":""9"",""status"":""FALLBACK"",""reason"":""Saved line has no priceListItemId; the new model uses the configured fallback."",""comparisonKnown"":true,""accountEligibility"":""NOT_REVALIDATED_ARCHIVE_HAS_NO_ACCOUNT_ENTITY""},""qbItemId"":""32"",""qbItemName"":""REP-001"",""qbIncomeAccountId"":""16"",""qbIncomeAccountName"":""Billable Expense Income ( 16 )"",""elsetQuantityMicros"":1000000,""qbQuantityMicros"":1000000,""elsetUnitPriceMicros"":2500000000,""qbUnitPriceMicros"":2500000000,""elsetLineAmountCents"":250000,""qbLineAmountCents"":250000,""DESCRIPTION_DIFF"":false,""DESCRIPTION_FORMAT_ONLY"":false,""DESCRIPTION_CONTENT_DIFF"":false,""PRODUCT_SERVICE_DIFF"":true,""PRODUCT_SERVICE_COMPARISON_UNKNOWN"":false,""INCOME_ACCOUNT_DIFF"":true,""QTY_DIFF"":false,""UNIT_PRICE_DIFF"":false,""LINE_AMOUNT_DIFF"":false}]","{""id"":""24"",""candidates"":[""24""],""mapped"":false,""safe"":true,""state"":""MATCHED"",""reason"":""Existing mapping, exact marker or unique exact normalized customer identity.""}","CLEAR_CANONICAL_CANDIDATE","57","MATCHING_PAYMENT_STATE","","","","","[]","KEEP_HISTORICAL_ITEM_DESCRIPTION_FORMAT_AND_NUMBER_FORMAT"
"INV-0055","servicem8-job-8452edae-348b-44d6-b1dc-234d5dd2bf4d:invoice","ILIR TAQUY","2025-10-31","80000","8000","88000","88000","0","","DIFFERENT_IN_QB","REVIEW_PAYMENT","COSMETIC_ONLY","false","false","true","false","true","false","false","false","false","false","false","false","false","false","false","true","false","false","false","true","false","false","true","58","55","ILIR TAQUY","25","2025-10-31","80000","8000","88000","0","88000","[""Payment""]","[{""type"":""Payment"",""id"":""59"",""via"":""payment allocation""}]","[{""id"":""59"",""date"":""2025-10-30"",""customerId"":""25"",""totalCents"":88000,""unappliedCents"":0,""allocations"":[{""amountCents"":88000,""links"":[{""TxnId"":""58"",""TxnType"":""Invoice""}]}],""metadata"":{""CreateTime"":""2025-10-30T15:10:19-07:00"",""LastUpdatedTime"":""2025-10-30T15:10:19-07:00""}}]","2025-10-30T15:10:16-07:00","2025-10-30T15:29:02-07:00","[]","[]","{""CUSTOMER_MATCH"":true,""DATE_MATCH"":true,""DOC_NUMBER_MATCH"":false,""LINE_COUNT_MATCH"":true,""PRODUCT_SERVICE_MATCH"":false,""DESCRIPTION_MATCH"":true,""QTY_MATCH"":true,""UNIT_PRICE_MATCH"":true,""LINE_AMOUNT_MATCH"":true,""SUBTOTAL_MATCH"":true,""GST_MATCH"":true,""TOTAL_MATCH"":true,""BALANCE_MATCH"":true,""PAYMENT_STATE_MATCH"":true}","[]","[{""position"":1,""qbPosition"":1,""lineAlignment"":""EXACT_CONTENT_BIJECTION"",""elsetLineId"":""servicem8-material-da451dde-5b9f-4828-9286-234f9098641a"",""priceListItemId"":"""",""elsetDescription"":""Supply and install Security door lock"",""qbDescription"":""Supply and install Security door lock"",""expectedItem"":{""id"":""123"",""name"":""ELSET Services"",""incomeAccountId"":""9"",""status"":""FALLBACK"",""reason"":""Saved line has no priceListItemId; the new model uses the configured fallback."",""comparisonKnown"":true,""accountEligibility"":""NOT_REVALIDATED_ARCHIVE_HAS_NO_ACCOUNT_ENTITY""},""qbItemId"":""33"",""qbItemName"":""SLO-001"",""qbIncomeAccountId"":""16"",""qbIncomeAccountName"":""Billable Expense Income ( 16 )"",""elsetQuantityMicros"":1000000,""qbQuantityMicros"":1000000,""elsetUnitPriceMicros"":800000000,""qbUnitPriceMicros"":800000000,""elsetLineAmountCents"":80000,""qbLineAmountCents"":80000,""DESCRIPTION_DIFF"":false,""DESCRIPTION_FORMAT_ONLY"":false,""DESCRIPTION_CONTENT_DIFF"":false,""PRODUCT_SERVICE_DIFF"":true,""PRODUCT_SERVICE_COMPARISON_UNKNOWN"":false,""INCOME_ACCOUNT_DIFF"":true,""QTY_DIFF"":false,""UNIT_PRICE_DIFF"":false,""LINE_AMOUNT_DIFF"":false}]","{""id"":""25"",""candidates"":[""25""],""mapped"":false,""safe"":true,""state"":""MATCHED"",""reason"":""Existing mapping, exact marker or unique exact normalized customer identity.""}","CLEAR_CANONICAL_CANDIDATE","58","MATCHING_PAYMENT_STATE","","","","","[]","KEEP_HISTORICAL_ITEM_DESCRIPTION_FORMAT_AND_NUMBER_FORMAT"
"INV-0083","servicem8-job-ff4acc3c-e66a-4979-9ef3-236bc41c49cd:invoice","Central estate properties Pty Ltd","2025-11-06","673500","67350","740850","740850","0","","DIFFERENT_IN_QB","REVIEW_PAYMENT","CUSTOMER_OR_DATE_DIFF","false","true","true","false","true","false","false","false","false","false","false","false","false","false","false","true","false","false","false","false","false","false","true","67","83","Central estate properties Pty Ltd","26","2025-10-29","673500","67350","740850","0","740850","[""Payment""]","[{""type"":""Payment"",""id"":""74"",""via"":""payment allocation""}]","[{""id"":""74"",""date"":""2025-11-12"",""customerId"":""26"",""totalCents"":740850,""unappliedCents"":0,""allocations"":[{""amountCents"":740850,""links"":[{""TxnId"":""67"",""TxnType"":""Invoice""}]}],""metadata"":{""CreateTime"":""2025-11-11T20:12:02-08:00"",""LastUpdatedTime"":""2025-11-11T20:12:02-08:00""}}]","2025-11-05T15:14:17-08:00","2025-11-11T20:12:15-08:00","[]","[]","{""CUSTOMER_MATCH"":true,""DATE_MATCH"":false,""DOC_NUMBER_MATCH"":false,""LINE_COUNT_MATCH"":true,""PRODUCT_SERVICE_MATCH"":false,""DESCRIPTION_MATCH"":true,""QTY_MATCH"":true,""UNIT_PRICE_MATCH"":true,""LINE_AMOUNT_MATCH"":true,""SUBTOTAL_MATCH"":true,""GST_MATCH"":true,""TOTAL_MATCH"":true,""BALANCE_MATCH"":true,""PAYMENT_STATE_MATCH"":true}","[]","[{""position"":1,""qbPosition"":1,""lineAlignment"":""EXACT_CONTENT_BIJECTION"",""elsetLineId"":""servicem8-material-129b3336-86be-4039-9993-236bc4642f4d"",""priceListItemId"":"""",""elsetDescription"":""Supply and installation of new equipment and re connection, incl call out and make safe."",""qbDescription"":""Supply and installation of new equipment and re connection, incl call out and make safe."",""expectedItem"":{""id"":""123"",""name"":""ELSET Services"",""incomeAccountId"":""9"",""status"":""FALLBACK"",""reason"":""Saved line has no priceListItemId; the new model uses the configured fallback."",""comparisonKnown"":true,""accountEligibility"":""NOT_REVALIDATED_ARCHIVE_HAS_NO_ACCOUNT_ENTITY""},""qbItemId"":""34"",""qbItemName"":""SPL-001"",""qbIncomeAccountId"":""16"",""qbIncomeAccountName"":""Billable Expense Income ( 16 )"",""elsetQuantityMicros"":1000000,""qbQuantityMicros"":1000000,""elsetUnitPriceMicros"":6735000000,""qbUnitPriceMicros"":6735000000,""elsetLineAmountCents"":673500,""qbLineAmountCents"":673500,""DESCRIPTION_DIFF"":false,""DESCRIPTION_FORMAT_ONLY"":false,""DESCRIPTION_CONTENT_DIFF"":false,""PRODUCT_SERVICE_DIFF"":true,""PRODUCT_SERVICE_COMPARISON_UNKNOWN"":false,""INCOME_ACCOUNT_DIFF"":true,""QTY_DIFF"":false,""UNIT_PRICE_DIFF"":false,""LINE_AMOUNT_DIFF"":false}]","{""id"":""26"",""candidates"":[""26""],""mapped"":false,""safe"":true,""state"":""MATCHED"",""reason"":""Existing mapping, exact marker or unique exact normalized customer identity.""}","REVIEW_REQUIRED","","MATCHING_PAYMENT_STATE","","","","","[]","REVIEW_ONLY"
"INV-0048","servicem8-job-86f37765-6999-4c1d-bcb8-2347bed11e4d:invoice","Jason Kisielis","2025-11-10","840000","84000","924000","924000","0","","DIFFERENT_IN_QB","REVIEW_PAYMENT","CONTENT_DIFF_NO_FINANCIAL_CHANGE","false","false","true","false","true","false","false","false","false","false","false","false","false","false","true","true","false","false","false","false","false","false","true","71","48","Jason Kisielis","28","2025-11-10","840000","84000","924000","0","924000","[""Payment""]","[{""type"":""Payment"",""id"":""113"",""via"":""payment allocation""},{""type"":""Payment"",""id"":""72"",""via"":""payment allocation""}]","[{""id"":""113"",""date"":""2025-12-17"",""customerId"":""28"",""totalCents"":462000,""unappliedCents"":0,""allocations"":[{""amountCents"":462000,""links"":[{""TxnId"":""71"",""TxnType"":""Invoice""}]}],""metadata"":{""CreateTime"":""2026-01-04T14:13:04-08:00"",""LastUpdatedTime"":""2026-01-04T14:13:04-08:00""}},{""id"":""72"",""date"":""2025-11-12"",""customerId"":""28"",""totalCents"":462000,""unappliedCents"":0,""allocations"":[{""amountCents"":462000,""links"":[{""TxnId"":""71"",""TxnType"":""Invoice""}]}],""metadata"":{""CreateTime"":""2025-11-11T14:01:24-08:00"",""LastUpdatedTime"":""2025-11-11T14:01:24-08:00""}}]","2025-11-11T14:00:26-08:00","2026-01-04T14:13:24-08:00","[]","[]","{""CUSTOMER_MATCH"":true,""DATE_MATCH"":true,""DOC_NUMBER_MATCH"":false,""LINE_COUNT_MATCH"":true,""PRODUCT_SERVICE_MATCH"":false,""DESCRIPTION_MATCH"":true,""QTY_MATCH"":true,""UNIT_PRICE_MATCH"":true,""LINE_AMOUNT_MATCH"":true,""SUBTOTAL_MATCH"":true,""GST_MATCH"":true,""TOTAL_MATCH"":true,""BALANCE_MATCH"":true,""PAYMENT_STATE_MATCH"":true}","[]","[{""position"":1,""qbPosition"":2,""lineAlignment"":""EXACT_CONTENT_BIJECTION"",""elsetLineId"":""servicem8-material-04d80ef8-0c63-42fc-b82a-2347b26b62dd"",""priceListItemId"":"""",""elsetDescription"":""Key pad Plus post"",""qbDescription"":""Key pad Plus post"",""expectedItem"":{""id"":""123"",""name"":""ELSET Services"",""incomeAccountId"":""9"",""status"":""FALLBACK"",""reason"":""Saved line has no priceListItemId; the new model uses the configured fallback."",""comparisonKnown"":true,""accountEligibility"":""NOT_REVALIDATED_ARCHIVE_HAS_NO_ACCOUNT_ENTITY""},""qbItemId"":""37"",""qbItemName"":""KP"",""qbIncomeAccountId"":""16"",""qbIncomeAccountName"":""Billable Expense Income ( 16 )"",""elsetQuantityMicros"":1000000,""qbQuantityMicros"":1000000,""elsetUnitPriceMicros"":300000000,""qbUnitPriceMicros"":300000000,""elsetLineAmountCents"":30000,""qbLineAmountCents"":30000,""DESCRIPTION_DIFF"":false,""DESCRIPTION_FORMAT_ONLY"":false,""DESCRIPTION_CONTENT_DIFF"":false,""PRODUCT_SERVICE_DIFF"":true,""PRODUCT_SERVICE_COMPARISON_UNKNOWN"":false,""INCOME_ACCOUNT_DIFF"":true,""QTY_DIFF"":false,""UNIT_PRICE_DIFF"":false,""LINE_AMOUNT_DIFF"":false},{""position"":2,""qbPosition"":3,""lineAlignment"":""EXACT_CONTENT_BIJECTION"",""elsetLineId"":""servicem8-material-76b862e5-a82a-4a50-8f4b-2347bb9dae1d"",""priceListItemId"":"""",""elsetDescription"":""Photocell safety devices"",""qbDescription"":""Photocell safety devices"",""expectedItem"":{""id"":""123"",""name"":""ELSET Services"",""incomeAccountId"":""9"",""status"":""FALLBACK"",""reason"":""Saved line has no priceListItemId; the new model uses the configured fallback."",""comparisonKnown"":true,""accountEligibility"":""NOT_REVALIDATED_ARCHIVE_HAS_NO_ACCOUNT_ENTITY""},""qbItemId"":""28"",""qbItemName"":""sNS"",""qbIncomeAccountId"":""16"",""qbIncomeAccountName"":""Billable Expense Income ( 16 )"",""elsetQuantityMicros"":2000000,""qbQuantityMicros"":2000000,""elsetUnitPriceMicros"":400000000,""qbUnitPriceMicros"":400000000,""elsetLineAmountCents"":80000,""qbLineAmountCents"":80000,""DESCRIPTION_DIFF"":false,""DESCRIPTION_FORMAT_ONLY"":false,""DESCRIPTION_CONTENT_DIFF"":false,""PRODUCT_SERVICE_DIFF"":true,""PRODUCT_SERVICE_COMPARISON_UNKNOWN"":false,""INCOME_ACCOUNT_DIFF"":true,""QTY_DIFF"":false,""UNIT_PRICE_DIFF"":false,""LINE_AMOUNT_DIFF"":false},{""position"":3,""qbPosition"":4,""lineAlignment"":""EXACT_CONTENT_BIJECTION"",""elsetLineId"":""servicem8-material-d5574aa1-e93e-4569-97ed-2347b80b3cdd"",""priceListItemId"":"""",""elsetDescription"":""Loop detection system."",""qbDescription"":""Loop detection system."",""expectedItem"":{""id"":""123"",""name"":""ELSET Services"",""incomeAccountId"":""9"",""status"":""FALLBACK"",""reason"":""Saved line has no priceListItemId; the new model uses the configured fallback."",""comparisonKnown"":true,""accountEligibility"":""NOT_REVALIDATED_ARCHIVE_HAS_NO_ACCOUNT_ENTITY""},""qbItemId"":""38"",""qbItemName"":""LOOP"",""qbIncomeAccountId"":""16"",""qbIncomeAccountName"":""Billable Expense Income ( 16 )"",""elsetQuantityMicros"":1000000,""qbQuantityMicros"":1000000,""elsetUnitPriceMicros"":800000000,""qbUnitPriceMicros"":800000000,""elsetLineAmountCents"":80000,""qbLineAmountCents"":80000,""DESCRIPTION_DIFF"":false,""DESCRIPTION_FORMAT_ONLY"":false,""DESCRIPTION_CONTENT_DIFF"":false,""PRODUCT_SERVICE_DIFF"":true,""PRODUCT_SERVICE_COMPARISON_UNKNOWN"":false,""INCOME_ACCOUNT_DIFF"":true,""QTY_DIFF"":false,""UNIT_PRICE_DIFF"":false,""LINE_AMOUNT_DIFF"":false},{""position"":4,""qbPosition"":1,""lineAlignment"":""EXACT_CONTENT_BIJECTION"",""elsetLineId"":""servicem8-material-ee0b2c8b-8be2-4bc3-b87b-2347bc80ff9d"",""priceListItemId"":"""",""elsetDescription"":""Underground DEA automation system. INC 2 x remote and control box."",""qbDescription"":""Underground DEA automation system. INC 2 x remote and control box."",""expectedItem"":{""id"":""123"",""name"":""ELSET Services"",""incomeAccountId"":""9"",""status"":""FALLBACK"",""reason"":""Saved line has no priceListItemId; the new model uses the configured fallback."",""comparisonKnown"":true,""accountEligibility"":""NOT_REVALIDATED_ARCHIVE_HAS_NO_ACCOUNT_ENTITY""},""qbItemId"":""36"",""qbItemName"":""ghost"",""qbIncomeAccountId"":""16"",""qbIncomeAccountName"":""Billable Expense Income ( 16 )"",""elsetQuantityMicros"":1000000,""qbQuantityMicros"":1000000,""elsetUnitPriceMicros"":6500000000,""qbUnitPriceMicros"":6500000000,""elsetLineAmountCents"":650000,""qbLineAmountCents"":650000,""DESCRIPTION_DIFF"":false,""DESCRIPTION_FORMAT_ONLY"":false,""DESCRIPTION_CONTENT_DIFF"":false,""PRODUCT_SERVICE_DIFF"":true,""PRODUCT_SERVICE_COMPARISON_UNKNOWN"":false,""INCOME_ACCOUNT_DIFF"":true,""QTY_DIFF"":false,""UNIT_PRICE_DIFF"":false,""LINE_AMOUNT_DIFF"":false}]","{""id"":""28"",""candidates"":[""28""],""mapped"":false,""safe"":true,""state"":""MATCHED"",""reason"":""Existing mapping, exact marker or unique exact normalized customer identity.""}","CLEAR_CANONICAL_CANDIDATE","71","MATCHING_PAYMENT_STATE","","","","","[]","KEEP_HISTORICAL_LINE_ORDER_AND_ITEMS"
"INV-0033","servicem8-job-7ed28177-04d5-46f1-b035-234045e5bf6d:invoice","Michael Joyce","2025-11-11","1200000","120000","1320000","1320000","0","","DIFFERENT_IN_QB","REVIEW_PAYMENT","CUSTOMER_OR_DATE_DIFF","false","true","true","false","true","false","false","false","false","false","false","false","false","false","false","true","false","false","false","false","false","false","true","68","33","Michael Joyce","27","2025-09-16","1200000","120000","1320000","0","1320000","[""Payment""]","[{""type"":""Payment"",""id"":""90"",""via"":""payment allocation""},{""type"":""Payment"",""id"":""69"",""via"":""payment allocation""}]","[{""id"":""90"",""date"":""2025-11-21"",""customerId"":""27"",""totalCents"":660000,""unappliedCents"":0,""allocations"":[{""amountCents"":660000,""links"":[{""TxnId"":""68"",""TxnType"":""Invoice""}]}],""metadata"":{""CreateTime"":""2025-11-23T14:30:54-08:00"",""LastUpdatedTime"":""2025-11-23T14:30:54-08:00""}},{""id"":""69"",""date"":""2025-09-17"",""customerId"":""27"",""totalCents"":660000,""unappliedCents"":0,""allocations"":[{""amountCents"":660000,""links"":[{""TxnId"":""68"",""TxnType"":""Invoice""}]}],""metadata"":{""CreateTime"":""2025-11-10T14:50:34-08:00"",""LastUpdatedTime"":""2025-11-10T14:50:34-08:00""}}]","2025-11-10T14:50:32-08:00","2025-11-23T14:31:03-08:00","[]","[]","{""CUSTOMER_MATCH"":true,""DATE_MATCH"":false,""DOC_NUMBER_MATCH"":false,""LINE_COUNT_MATCH"":true,""PRODUCT_SERVICE_MATCH"":false,""DESCRIPTION_MATCH"":true,""QTY_MATCH"":true,""UNIT_PRICE_MATCH"":true,""LINE_AMOUNT_MATCH"":true,""SUBTOTAL_MATCH"":true,""GST_MATCH"":true,""TOTAL_MATCH"":true,""BALANCE_MATCH"":true,""PAYMENT_STATE_MATCH"":true}","[]","[{""position"":1,""qbPosition"":1,""lineAlignment"":""EXACT_CONTENT_BIJECTION"",""elsetLineId"":""servicem8-material-245103b4-fab6-4217-ac5c-23404567b83d"",""priceListItemId"":"""",""elsetDescription"":""Supply and installation of DEA GHOST 100 underground automation system."",""qbDescription"":""Supply and installation of DEA GHOST 100 underground automation system."",""expectedItem"":{""id"":""123"",""name"":""ELSET Services"",""incomeAccountId"":""9"",""status"":""FALLBACK"",""reason"":""Saved line has no priceListItemId; the new model uses the configured fallback."",""comparisonKnown"":true,""accountEligibility"":""NOT_REVALIDATED_ARCHIVE_HAS_NO_ACCOUNT_ENTITY""},""qbItemId"":""35"",""qbItemName"":""DEA GHOST"",""qbIncomeAccountId"":""16"",""qbIncomeAccountName"":""Billable Expense Income ( 16 )"",""elsetQuantityMicros"":1000000,""qbQuantityMicros"":1000000,""elsetUnitPriceMicros"":12000000000,""qbUnitPriceMicros"":12000000000,""elsetLineAmountCents"":1200000,""qbLineAmountCents"":1200000,""DESCRIPTION_DIFF"":false,""DESCRIPTION_FORMAT_ONLY"":false,""DESCRIPTION_CONTENT_DIFF"":false,""PRODUCT_SERVICE_DIFF"":true,""PRODUCT_SERVICE_COMPARISON_UNKNOWN"":false,""INCOME_ACCOUNT_DIFF"":true,""QTY_DIFF"":false,""UNIT_PRICE_DIFF"":false,""LINE_AMOUNT_DIFF"":false}]","{""id"":""27"",""candidates"":[""27""],""mapped"":false,""safe"":true,""state"":""MATCHED"",""reason"":""Existing mapping, exact marker or unique exact normalized customer identity.""}","REVIEW_REQUIRED","","MATCHING_PAYMENT_STATE","","","","","[]","REVIEW_ONLY"
"INV-0088","servicem8-job-1eb49917-0af4-46bf-814d-2379a87043cd:invoice","STAG PROJECTS","2025-11-12","300000","30000","330000","330000","0","","DIFFERENT_IN_QB","REVIEW_PAYMENT","COSMETIC_ONLY","false","false","true","false","true","false","false","false","false","false","false","false","false","false","false","true","false","false","false","true","false","false","true","75","88","STAG PROJECTS","29","2025-11-12","300000","30000","330000","0","330000","[""Payment""]","[{""type"":""Payment"",""id"":""77"",""via"":""payment allocation""}]","[{""id"":""77"",""date"":""2025-11-13"",""customerId"":""29"",""totalCents"":330000,""unappliedCents"":0,""allocations"":[{""amountCents"":330000,""links"":[{""TxnId"":""75"",""TxnType"":""Invoice""}]}],""metadata"":{""CreateTime"":""2025-11-13T15:05:22-08:00"",""LastUpdatedTime"":""2025-11-13T15:05:22-08:00""}}]","2025-11-11T20:12:07-08:00","2025-11-13T15:05:29-08:00","[]","[]","{""CUSTOMER_MATCH"":true,""DATE_MATCH"":true,""DOC_NUMBER_MATCH"":false,""LINE_COUNT_MATCH"":true,""PRODUCT_SERVICE_MATCH"":false,""DESCRIPTION_MATCH"":true,""QTY_MATCH"":true,""UNIT_PRICE_MATCH"":true,""LINE_AMOUNT_MATCH"":true,""SUBTOTAL_MATCH"":true,""GST_MATCH"":true,""TOTAL_MATCH"":true,""BALANCE_MATCH"":true,""PAYMENT_STATE_MATCH"":true}","[]","[{""position"":1,""qbPosition"":1,""lineAlignment"":""EXACT_CONTENT_BIJECTION"",""elsetLineId"":""servicem8-material-43364e23-88bb-4ead-856e-2379af5fb32d"",""priceListItemId"":"""",""elsetDescription"":""Automation system for staircase cover"",""qbDescription"":""Automation system for staircase cover"",""expectedItem"":{""id"":""123"",""name"":""ELSET Services"",""incomeAccountId"":""9"",""status"":""FALLBACK"",""reason"":""Saved line has no priceListItemId; the new model uses the configured fallback."",""comparisonKnown"":true,""accountEligibility"":""NOT_REVALIDATED_ARCHIVE_HAS_NO_ACCOUNT_ENTITY""},""qbItemId"":""39"",""qbItemName"":""STAIR"",""qbIncomeAccountId"":""16"",""qbIncomeAccountName"":""Billable Expense Income ( 16 )"",""elsetQuantityMicros"":1000000,""qbQuantityMicros"":1000000,""elsetUnitPriceMicros"":3000000000,""qbUnitPriceMicros"":3000000000,""elsetLineAmountCents"":300000,""qbLineAmountCents"":300000,""DESCRIPTION_DIFF"":false,""DESCRIPTION_FORMAT_ONLY"":false,""DESCRIPTION_CONTENT_DIFF"":false,""PRODUCT_SERVICE_DIFF"":true,""PRODUCT_SERVICE_COMPARISON_UNKNOWN"":false,""INCOME_ACCOUNT_DIFF"":true,""QTY_DIFF"":false,""UNIT_PRICE_DIFF"":false,""LINE_AMOUNT_DIFF"":false}]","{""id"":""29"",""candidates"":[""29""],""mapped"":false,""safe"":true,""state"":""MATCHED"",""reason"":""Existing mapping, exact marker or unique exact normalized customer identity.""}","CLEAR_CANONICAL_CANDIDATE","75","MATCHING_PAYMENT_STATE","","","","","[]","KEEP_HISTORICAL_ITEM_DESCRIPTION_FORMAT_AND_NUMBER_FORMAT"
"INV-0089","servicem8-job-0b3abfb9-12df-42d6-bd08-237c2c1eabbb:invoice","Nest","2025-11-15","40000","4000","44000","44000","0","","DIFFERENT_IN_QB","REVIEW_PAYMENT","COSMETIC_ONLY","false","false","true","false","true","false","false","false","false","false","false","false","false","false","false","true","false","false","false","true","false","false","true","92","89","Nest","31","2025-11-15","40000","4000","44000","0","44000","[""Payment""]","[{""type"":""Payment"",""id"":""93"",""via"":""payment allocation""}]","[{""id"":""93"",""date"":""2025-11-17"",""customerId"":""31"",""totalCents"":44000,""unappliedCents"":0,""allocations"":[{""amountCents"":44000,""links"":[{""TxnId"":""92"",""TxnType"":""Invoice""}]}],""metadata"":{""CreateTime"":""2025-11-25T17:54:10-08:00"",""LastUpdatedTime"":""2025-11-25T17:54:10-08:00""}}]","2025-11-25T17:54:07-08:00","2025-11-25T17:55:12-08:00","[]","[]","{""CUSTOMER_MATCH"":true,""DATE_MATCH"":true,""DOC_NUMBER_MATCH"":false,""LINE_COUNT_MATCH"":true,""PRODUCT_SERVICE_MATCH"":false,""DESCRIPTION_MATCH"":true,""QTY_MATCH"":true,""UNIT_PRICE_MATCH"":true,""LINE_AMOUNT_MATCH"":true,""SUBTOTAL_MATCH"":true,""GST_MATCH"":true,""TOTAL_MATCH"":true,""BALANCE_MATCH"":true,""PAYMENT_STATE_MATCH"":true}","[]","[{""position"":1,""qbPosition"":1,""lineAlignment"":""EXACT_CONTENT_BIJECTION"",""elsetLineId"":""servicem8-material-8bf716d0-639f-47d2-88ed-237c9cd4deca"",""priceListItemId"":"""",""elsetDescription"":""Electric strike"",""qbDescription"":""Electric strike"",""expectedItem"":{""id"":""123"",""name"":""ELSET Services"",""incomeAccountId"":""9"",""status"":""FALLBACK"",""reason"":""Saved line has no priceListItemId; the new model uses the configured fallback."",""comparisonKnown"":true,""accountEligibility"":""NOT_REVALIDATED_ARCHIVE_HAS_NO_ACCOUNT_ENTITY""},""qbItemId"":""43"",""qbItemName"":""ST-001"",""qbIncomeAccountId"":""16"",""qbIncomeAccountName"":""Billable Expense Income ( 16 )"",""elsetQuantityMicros"":1000000,""qbQuantityMicros"":1000000,""elsetUnitPriceMicros"":400000000,""qbUnitPriceMicros"":400000000,""elsetLineAmountCents"":40000,""qbLineAmountCents"":40000,""DESCRIPTION_DIFF"":false,""DESCRIPTION_FORMAT_ONLY"":false,""DESCRIPTION_CONTENT_DIFF"":false,""PRODUCT_SERVICE_DIFF"":true,""PRODUCT_SERVICE_COMPARISON_UNKNOWN"":false,""INCOME_ACCOUNT_DIFF"":true,""QTY_DIFF"":false,""UNIT_PRICE_DIFF"":false,""LINE_AMOUNT_DIFF"":false}]","{""id"":""31"",""candidates"":[""31""],""mapped"":false,""safe"":true,""state"":""MATCHED"",""reason"":""Existing mapping, exact marker or unique exact normalized customer identity.""}","CLEAR_CANONICAL_CANDIDATE","92","MATCHING_PAYMENT_STATE","","","","","[]","KEEP_HISTORICAL_ITEM_DESCRIPTION_FORMAT_AND_NUMBER_FORMAT"
"INV-0079","servicem8-job-84e3fdd4-6667-4b97-8267-23684a95570d:invoice","EASTPOINT PROPERTY","2025-11-17","111000","11100","122100","122100","0","","DIFFERENT_IN_QB","REVIEW_PAYMENT","COSMETIC_ONLY","false","false","true","false","true","false","false","false","false","false","false","false","false","false","false","true","false","false","false","true","false","false","true","95","79","EASTPOINT PROPERTY","21","2025-11-17","111000","11100","122100","0","122100","[""Payment""]","[{""type"":""Payment"",""id"":""98"",""via"":""payment allocation""}]","[{""id"":""98"",""date"":""2025-11-21"",""customerId"":""21"",""totalCents"":122100,""unappliedCents"":0,""allocations"":[{""amountCents"":122100,""links"":[{""TxnId"":""95"",""TxnType"":""Invoice""}]}],""metadata"":{""CreateTime"":""2025-11-25T17:55:21-08:00"",""LastUpdatedTime"":""2025-11-25T17:55:21-08:00""}}]","2025-11-25T17:55:12-08:00","2025-11-25T18:17:55-08:00","[]","[]","{""CUSTOMER_MATCH"":true,""DATE_MATCH"":true,""DOC_NUMBER_MATCH"":false,""LINE_COUNT_MATCH"":true,""PRODUCT_SERVICE_MATCH"":false,""DESCRIPTION_MATCH"":true,""QTY_MATCH"":true,""UNIT_PRICE_MATCH"":true,""LINE_AMOUNT_MATCH"":true,""SUBTOTAL_MATCH"":true,""GST_MATCH"":true,""TOTAL_MATCH"":true,""BALANCE_MATCH"":true,""PAYMENT_STATE_MATCH"":true}","[]","[{""position"":1,""qbPosition"":1,""lineAlignment"":""EXACT_CONTENT_BIJECTION"",""elsetLineId"":""servicem8-material-a14e76b3-fa5d-416e-a007-2368464996ad"",""priceListItemId"":"""",""elsetDescription"":""Supply and installation of maximum height sign."",""qbDescription"":""Supply and installation of maximum height sign."",""expectedItem"":{""id"":""123"",""name"":""ELSET Services"",""incomeAccountId"":""9"",""status"":""FALLBACK"",""reason"":""Saved line has no priceListItemId; the new model uses the configured fallback."",""comparisonKnown"":true,""accountEligibility"":""NOT_REVALIDATED_ARCHIVE_HAS_NO_ACCOUNT_ENTITY""},""qbItemId"":""45"",""qbItemName"":""SIG-001"",""qbIncomeAccountId"":""16"",""qbIncomeAccountName"":""Billable Expense Income ( 16 )"",""elsetQuantityMicros"":1000000,""qbQuantityMicros"":1000000,""elsetUnitPriceMicros"":400000000,""qbUnitPriceMicros"":400000000,""elsetLineAmountCents"":40000,""qbLineAmountCents"":40000,""DESCRIPTION_DIFF"":false,""DESCRIPTION_FORMAT_ONLY"":false,""DESCRIPTION_CONTENT_DIFF"":false,""PRODUCT_SERVICE_DIFF"":true,""PRODUCT_SERVICE_COMPARISON_UNKNOWN"":false,""INCOME_ACCOUNT_DIFF"":true,""QTY_DIFF"":false,""UNIT_PRICE_DIFF"":false,""LINE_AMOUNT_DIFF"":false},{""position"":2,""qbPosition"":2,""lineAlignment"":""EXACT_CONTENT_BIJECTION"",""elsetLineId"":""servicem8-material-b7292f93-eb50-4bdc-b326-2378384116bd"",""priceListItemId"":"""",""elsetDescription"":""Remote control"",""qbDescription"":""Remote control"",""expectedItem"":{""id"":""123"",""name"":""ELSET Services"",""incomeAccountId"":""9"",""status"":""FALLBACK"",""reason"":""Saved line has no priceListItemId; the new model uses the configured fallback."",""comparisonKnown"":true,""accountEligibility"":""NOT_REVALIDATED_ARCHIVE_HAS_NO_ACCOUNT_ENTITY""},""qbItemId"":""4"",""qbItemName"":""RC-001"",""qbIncomeAccountId"":""16"",""qbIncomeAccountName"":""Billable Expense Income ( 16 )"",""elsetQuantityMicros"":6000000,""qbQuantityMicros"":6000000,""elsetUnitPriceMicros"":70000000,""qbUnitPriceMicros"":70000000,""elsetLineAmountCents"":42000,""qbLineAmountCents"":42000,""DESCRIPTION_DIFF"":false,""DESCRIPTION_FORMAT_ONLY"":false,""DESCRIPTION_CONTENT_DIFF"":false,""PRODUCT_SERVICE_DIFF"":true,""PRODUCT_SERVICE_COMPARISON_UNKNOWN"":false,""INCOME_ACCOUNT_DIFF"":true,""QTY_DIFF"":false,""UNIT_PRICE_DIFF"":false,""LINE_AMOUNT_DIFF"":false},{""position"":3,""qbPosition"":3,""lineAlignment"":""EXACT_CONTENT_BIJECTION"",""elsetLineId"":""servicem8-material-f7ada3ba-b5e4-49f4-9c72-23783fea347d"",""priceListItemId"":"""",""elsetDescription"":""Service of automatic sliding gate"",""qbDescription"":""Service of automatic sliding gate"",""expectedItem"":{""id"":""123"",""name"":""ELSET Services"",""incomeAccountId"":""9"",""status"":""FALLBACK"",""reason"":""Saved line has no priceListItemId; the new model uses the configured fallback."",""comparisonKnown"":true,""accountEligibility"":""NOT_REVALIDATED_ARCHIVE_HAS_NO_ACCOUNT_ENTITY""},""qbItemId"":""44"",""qbItemName"":""SERVICE"",""qbIncomeAccountId"":""16"",""qbIncomeAccountName"":""Billable Expense Income ( 16 )"",""elsetQuantityMicros"":1000000,""qbQuantityMicros"":1000000,""elsetUnitPriceMicros"":290000000,""qbUnitPriceMicros"":290000000,""elsetLineAmountCents"":29000,""qbLineAmountCents"":29000,""DESCRIPTION_DIFF"":false,""DESCRIPTION_FORMAT_ONLY"":false,""DESCRIPTION_CONTENT_DIFF"":false,""PRODUCT_SERVICE_DIFF"":true,""PRODUCT_SERVICE_COMPARISON_UNKNOWN"":false,""INCOME_ACCOUNT_DIFF"":true,""QTY_DIFF"":false,""UNIT_PRICE_DIFF"":false,""LINE_AMOUNT_DIFF"":false}]","{""id"":""21"",""candidates"":[""21""],""mapped"":false,""safe"":true,""state"":""MATCHED"",""reason"":""Existing mapping, exact marker or unique exact normalized customer identity.""}","CLEAR_CANONICAL_CANDIDATE","95","MATCHING_PAYMENT_STATE","","","","","[]","KEEP_HISTORICAL_ITEM_DESCRIPTION_FORMAT_AND_NUMBER_FORMAT"
"INV-0092","servicem8-job-418c4d6d-51f7-482c-bc4b-2384e59a48bd:invoice","Miller Autralia","2025-11-24","25000","2500","27500","27500","0","","DIFFERENT_IN_QB","REVIEW_CONFLICT","PAYMENT_ONLY_DIFF","false","false","true","false","true","false","false","false","false","false","false","false","true","true","false","true","false","false","false","true","false","false","true","94","92","Miller Autralia","33","2025-11-24","25000","2500","27500","27500","0","[]","[]","[]","2025-11-25T17:55:11-08:00","2025-11-25T17:55:11-08:00","[]","[]","{""CUSTOMER_MATCH"":true,""DATE_MATCH"":true,""DOC_NUMBER_MATCH"":false,""LINE_COUNT_MATCH"":true,""PRODUCT_SERVICE_MATCH"":false,""DESCRIPTION_MATCH"":true,""QTY_MATCH"":true,""UNIT_PRICE_MATCH"":true,""LINE_AMOUNT_MATCH"":true,""SUBTOTAL_MATCH"":true,""GST_MATCH"":true,""TOTAL_MATCH"":true,""BALANCE_MATCH"":false,""PAYMENT_STATE_MATCH"":false}","[{""field"":""balance"",""elset"":0,""quickbooks"":27500,""unit"":""AUD cents""},{""field"":""paid_vs_inferred_paid"",""elset"":27500,""quickbooks"":0,""unit"":""AUD cents""}]","[{""position"":1,""qbPosition"":1,""lineAlignment"":""EXACT_CONTENT_BIJECTION"",""elsetLineId"":""servicem8-material-edff7613-3583-44a5-951d-2384eb2d5a7d"",""priceListItemId"":"""",""elsetDescription"":""Service Call out ."",""qbDescription"":""Service Call out ."",""expectedItem"":{""id"":""123"",""name"":""ELSET Services"",""incomeAccountId"":""9"",""status"":""FALLBACK"",""reason"":""Saved line has no priceListItemId; the new model uses the configured fallback."",""comparisonKnown"":true,""accountEligibility"":""NOT_REVALIDATED_ARCHIVE_HAS_NO_ACCOUNT_ENTITY""},""qbItemId"":""8"",""qbItemName"":""SCO-001"",""qbIncomeAccountId"":""16"",""qbIncomeAccountName"":""Billable Expense Income ( 16 )"",""elsetQuantityMicros"":1000000,""qbQuantityMicros"":1000000,""elsetUnitPriceMicros"":250000000,""qbUnitPriceMicros"":250000000,""elsetLineAmountCents"":25000,""qbLineAmountCents"":25000,""DESCRIPTION_DIFF"":false,""DESCRIPTION_FORMAT_ONLY"":false,""DESCRIPTION_CONTENT_DIFF"":false,""PRODUCT_SERVICE_DIFF"":true,""PRODUCT_SERVICE_COMPARISON_UNKNOWN"":false,""INCOME_ACCOUNT_DIFF"":true,""QTY_DIFF"":false,""UNIT_PRICE_DIFF"":false,""LINE_AMOUNT_DIFF"":false}]","{""id"":""33"",""candidates"":[""33""],""mapped"":false,""safe"":true,""state"":""MATCHED"",""reason"":""Existing mapping, exact marker or unique exact normalized customer identity.""}","CLEAR_CANONICAL_CANDIDATE","94","ELSET_PAID_QB_UNPAID","","","","","[""PHASE_4""]","REVIEW_ONLY"
"INV-0091","servicem8-job-6012406c-c56d-4829-9ed7-2384e3a3af8b:invoice","Allied moving Tasmania Pty Ltd","2025-11-24","86000","8600","94600","94600","0","","DIFFERENT_IN_QB","REVIEW_PAYMENT","MULTIPLE_DIFF_TYPES","true","false","true","false","true","false","false","false","false","false","false","false","false","false","true","true","false","false","false","false","false","false","true","97","91","Allied moving Tasmania Pty Ltd","32","2025-11-24","86000","8600","94600","0","94600","[""Payment""]","[{""type"":""Payment"",""id"":""115"",""via"":""payment allocation""}]","[{""id"":""115"",""date"":""2025-12-24"",""customerId"":""32"",""totalCents"":94600,""unappliedCents"":0,""allocations"":[{""amountCents"":94600,""links"":[{""TxnId"":""97"",""TxnType"":""Invoice""}]}],""metadata"":{""CreateTime"":""2026-01-04T15:06:15-08:00"",""LastUpdatedTime"":""2026-01-04T15:06:15-08:00""}}]","2025-11-25T17:55:13-08:00","2026-01-04T15:06:39-08:00","[]","[]","{""CUSTOMER_MATCH"":false,""DATE_MATCH"":true,""DOC_NUMBER_MATCH"":false,""LINE_COUNT_MATCH"":true,""PRODUCT_SERVICE_MATCH"":false,""DESCRIPTION_MATCH"":true,""QTY_MATCH"":true,""UNIT_PRICE_MATCH"":true,""LINE_AMOUNT_MATCH"":true,""SUBTOTAL_MATCH"":true,""GST_MATCH"":true,""TOTAL_MATCH"":true,""BALANCE_MATCH"":true,""PAYMENT_STATE_MATCH"":true}","[]","[{""position"":1,""qbPosition"":2,""lineAlignment"":""EXACT_CONTENT_BIJECTION"",""elsetLineId"":""servicem8-material-2e03031a-02e8-4027-91a8-2384e05739fa"",""priceListItemId"":"""",""elsetDescription"":""Service Call out ."",""qbDescription"":""Service Call out ."",""expectedItem"":{""id"":""123"",""name"":""ELSET Services"",""incomeAccountId"":""9"",""status"":""FALLBACK"",""reason"":""Saved line has no priceListItemId; the new model uses the configured fallback."",""comparisonKnown"":true,""accountEligibility"":""NOT_REVALIDATED_ARCHIVE_HAS_NO_ACCOUNT_ENTITY""},""qbItemId"":""8"",""qbItemName"":""SCO-001"",""qbIncomeAccountId"":""16"",""qbIncomeAccountName"":""Billable Expense Income ( 16 )"",""elsetQuantityMicros"":1000000,""qbQuantityMicros"":1000000,""elsetUnitPriceMicros"":250000000,""qbUnitPriceMicros"":250000000,""elsetLineAmountCents"":25000,""qbLineAmountCents"":25000,""DESCRIPTION_DIFF"":false,""DESCRIPTION_FORMAT_ONLY"":false,""DESCRIPTION_CONTENT_DIFF"":false,""PRODUCT_SERVICE_DIFF"":true,""PRODUCT_SERVICE_COMPARISON_UNKNOWN"":false,""INCOME_ACCOUNT_DIFF"":true,""QTY_DIFF"":false,""UNIT_PRICE_DIFF"":false,""LINE_AMOUNT_DIFF"":false},{""position"":2,""qbPosition"":3,""lineAlignment"":""EXACT_CONTENT_BIJECTION"",""elsetLineId"":""servicem8-material-5bc73ae4-e33a-4650-842a-2384ef4d832a"",""priceListItemId"":"""",""elsetDescription"":""Replace 5x broken racks"",""qbDescription"":""Replace 5x broken racks"",""expectedItem"":{""id"":""123"",""name"":""ELSET Services"",""incomeAccountId"":""9"",""status"":""FALLBACK"",""reason"":""Saved line has no priceListItemId; the new model uses the configured fallback."",""comparisonKnown"":true,""accountEligibility"":""NOT_REVALIDATED_ARCHIVE_HAS_NO_ACCOUNT_ENTITY""},""qbItemId"":""46"",""qbItemName"":""RK"",""qbIncomeAccountId"":""16"",""qbIncomeAccountName"":""Billable Expense Income ( 16 )"",""elsetQuantityMicros"":1000000,""qbQuantityMicros"":1000000,""elsetUnitPriceMicros"":400000000,""qbUnitPriceMicros"":400000000,""elsetLineAmountCents"":40000,""qbLineAmountCents"":40000,""DESCRIPTION_DIFF"":false,""DESCRIPTION_FORMAT_ONLY"":false,""DESCRIPTION_CONTENT_DIFF"":false,""PRODUCT_SERVICE_DIFF"":true,""PRODUCT_SERVICE_COMPARISON_UNKNOWN"":false,""INCOME_ACCOUNT_DIFF"":true,""QTY_DIFF"":false,""UNIT_PRICE_DIFF"":false,""LINE_AMOUNT_DIFF"":false},{""position"":3,""qbPosition"":1,""lineAlignment"":""EXACT_CONTENT_BIJECTION"",""elsetLineId"":""servicem8-material-ebf967d8-d29f-4ebf-b51a-2384e5fa6c3a"",""priceListItemId"":"""",""elsetDescription"":""Remote control"",""qbDescription"":""Remote control"",""expectedItem"":{""id"":""123"",""name"":""ELSET Services"",""incomeAccountId"":""9"",""status"":""FALLBACK"",""reason"":""Saved line has no priceListItemId; the new model uses the configured fallback."",""comparisonKnown"":true,""accountEligibility"":""NOT_REVALIDATED_ARCHIVE_HAS_NO_ACCOUNT_ENTITY""},""qbItemId"":""4"",""qbItemName"":""RC-001"",""qbIncomeAccountId"":""16"",""qbIncomeAccountName"":""Billable Expense Income ( 16 )"",""elsetQuantityMicros"":3000000,""qbQuantityMicros"":3000000,""elsetUnitPriceMicros"":70000000,""qbUnitPriceMicros"":70000000,""elsetLineAmountCents"":21000,""qbLineAmountCents"":21000,""DESCRIPTION_DIFF"":false,""DESCRIPTION_FORMAT_ONLY"":false,""DESCRIPTION_CONTENT_DIFF"":false,""PRODUCT_SERVICE_DIFF"":true,""PRODUCT_SERVICE_COMPARISON_UNKNOWN"":false,""INCOME_ACCOUNT_DIFF"":true,""QTY_DIFF"":false,""UNIT_PRICE_DIFF"":false,""LINE_AMOUNT_DIFF"":false}]","{""id"":"""",""candidates"":[""32"",""67"",""76""],""mapped"":false,""safe"":false,""state"":""AMBIGUOUS"",""reason"":""Customer name/email candidates conflict or are not unique.""}","REVIEW_REQUIRED","","MATCHING_PAYMENT_STATE","","","","","[""PHASE_4""]","REVIEW_ONLY"
"INV-0071","servicem8-job-748a92bb-8b67-491c-a30b-235deac6a12d:invoice","O.C Strata Mangement","2025-11-24","120000","12000","132000","132000","0","","DIFFERENT_IN_QB","REVIEW_PAYMENT","COSMETIC_ONLY","false","false","true","false","true","false","false","false","false","false","false","false","false","false","false","true","false","false","false","true","false","false","true","91","71","O.C Strata Mangement","4","2025-11-24","120000","12000","132000","0","132000","[""Payment""]","[{""type"":""Payment"",""id"":""110"",""via"":""payment allocation""}]","[{""id"":""110"",""date"":""2025-12-30"",""customerId"":""4"",""totalCents"":132000,""unappliedCents"":0,""allocations"":[{""amountCents"":132000,""links"":[{""TxnId"":""91"",""TxnType"":""Invoice""}]}],""metadata"":{""CreateTime"":""2026-01-04T14:13:03-08:00"",""LastUpdatedTime"":""2026-01-04T14:13:03-08:00""}}]","2025-11-25T17:53:03-08:00","2026-01-04T14:13:24-08:00","[]","[]","{""CUSTOMER_MATCH"":true,""DATE_MATCH"":true,""DOC_NUMBER_MATCH"":false,""LINE_COUNT_MATCH"":true,""PRODUCT_SERVICE_MATCH"":false,""DESCRIPTION_MATCH"":true,""QTY_MATCH"":true,""UNIT_PRICE_MATCH"":true,""LINE_AMOUNT_MATCH"":true,""SUBTOTAL_MATCH"":true,""GST_MATCH"":true,""TOTAL_MATCH"":true,""BALANCE_MATCH"":true,""PAYMENT_STATE_MATCH"":true}","[]","[{""position"":1,""qbPosition"":1,""lineAlignment"":""EXACT_CONTENT_BIJECTION"",""elsetLineId"":""servicem8-material-a54a3618-5e97-4c07-b7ac-235de2545e0d"",""priceListItemId"":"""",""elsetDescription"":""Repair and replace spring system"",""qbDescription"":""Repair and replace spring system"",""expectedItem"":{""id"":""123"",""name"":""ELSET Services"",""incomeAccountId"":""9"",""status"":""FALLBACK"",""reason"":""Saved line has no priceListItemId; the new model uses the configured fallback."",""comparisonKnown"":true,""accountEligibility"":""NOT_REVALIDATED_ARCHIVE_HAS_NO_ACCOUNT_ENTITY""},""qbItemId"":""42"",""qbItemName"":""Rep"",""qbIncomeAccountId"":""16"",""qbIncomeAccountName"":""Billable Expense Income ( 16 )"",""elsetQuantityMicros"":1000000,""qbQuantityMicros"":1000000,""elsetUnitPriceMicros"":1200000000,""qbUnitPriceMicros"":1200000000,""elsetLineAmountCents"":120000,""qbLineAmountCents"":120000,""DESCRIPTION_DIFF"":false,""DESCRIPTION_FORMAT_ONLY"":false,""DESCRIPTION_CONTENT_DIFF"":false,""PRODUCT_SERVICE_DIFF"":true,""PRODUCT_SERVICE_COMPARISON_UNKNOWN"":false,""INCOME_ACCOUNT_DIFF"":true,""QTY_DIFF"":false,""UNIT_PRICE_DIFF"":false,""LINE_AMOUNT_DIFF"":false}]","{""id"":""4"",""candidates"":[""4""],""mapped"":true,""safe"":true,""state"":""MATCHED"",""reason"":""Existing mapping, exact marker or unique exact normalized customer identity.""}","CLEAR_CANONICAL_CANDIDATE","91","MATCHING_PAYMENT_STATE","","","","","[]","KEEP_HISTORICAL_ITEM_DESCRIPTION_FORMAT_AND_NUMBER_FORMAT"
"INV-0058","servicem8-job-abc2086c-1d95-4a86-8f47-234f7a4741cb:invoice","O.C Strata Mangement","2025-11-24","520000","52000","572000","572000","0","","DIFFERENT_IN_QB","REVIEW_PAYMENT","COSMETIC_ONLY","false","false","true","false","true","false","false","false","false","false","false","false","false","false","false","true","false","false","false","true","false","false","true","88","58","O.C Strata Mangement","4","2025-11-24","520000","52000","572000","0","572000","[""Payment""]","[{""type"":""Payment"",""id"":""116"",""via"":""payment allocation""},{""type"":""Payment"",""id"":""89"",""via"":""payment allocation""}]","[{""id"":""116"",""date"":""2026-01-23"",""customerId"":""4"",""totalCents"":286000,""unappliedCents"":0,""allocations"":[{""amountCents"":286000,""links"":[{""TxnId"":""88"",""TxnType"":""Invoice""}]}],""metadata"":{""CreateTime"":""2026-01-04T15:06:15-08:00"",""LastUpdatedTime"":""2026-01-04T15:06:15-08:00""}},{""id"":""89"",""date"":""2025-11-24"",""customerId"":""4"",""totalCents"":286000,""unappliedCents"":0,""allocations"":[{""amountCents"":286000,""links"":[{""TxnId"":""88"",""TxnType"":""Invoice""}]}],""metadata"":{""CreateTime"":""2025-11-23T14:15:22-08:00"",""LastUpdatedTime"":""2025-11-23T14:15:22-08:00""}}]","2025-11-23T14:15:19-08:00","2026-01-04T15:06:39-08:00","[]","[]","{""CUSTOMER_MATCH"":true,""DATE_MATCH"":true,""DOC_NUMBER_MATCH"":false,""LINE_COUNT_MATCH"":true,""PRODUCT_SERVICE_MATCH"":false,""DESCRIPTION_MATCH"":true,""QTY_MATCH"":true,""UNIT_PRICE_MATCH"":true,""LINE_AMOUNT_MATCH"":true,""SUBTOTAL_MATCH"":true,""GST_MATCH"":true,""TOTAL_MATCH"":true,""BALANCE_MATCH"":true,""PAYMENT_STATE_MATCH"":true}","[]","[{""position"":1,""qbPosition"":1,""lineAlignment"":""EXACT_CONTENT_BIJECTION"",""elsetLineId"":""servicem8-material-79fae1fb-9987-488b-96c6-234f9b05fdaa"",""priceListItemId"":"""",""elsetDescription"":""Supply and install roller door incl handsets and new PowerPoint."",""qbDescription"":""Supply and install roller door incl handsets and new PowerPoint."",""expectedItem"":{""id"":""123"",""name"":""ELSET Services"",""incomeAccountId"":""9"",""status"":""FALLBACK"",""reason"":""Saved line has no priceListItemId; the new model uses the configured fallback."",""comparisonKnown"":true,""accountEligibility"":""NOT_REVALIDATED_ARCHIVE_HAS_NO_ACCOUNT_ENTITY""},""qbItemId"":""41"",""qbItemName"":""Gar"",""qbIncomeAccountId"":""16"",""qbIncomeAccountName"":""Billable Expense Income ( 16 )"",""elsetQuantityMicros"":1000000,""qbQuantityMicros"":1000000,""elsetUnitPriceMicros"":5200000000,""qbUnitPriceMicros"":5200000000,""elsetLineAmountCents"":520000,""qbLineAmountCents"":520000,""DESCRIPTION_DIFF"":false,""DESCRIPTION_FORMAT_ONLY"":false,""DESCRIPTION_CONTENT_DIFF"":false,""PRODUCT_SERVICE_DIFF"":true,""PRODUCT_SERVICE_COMPARISON_UNKNOWN"":false,""INCOME_ACCOUNT_DIFF"":true,""QTY_DIFF"":false,""UNIT_PRICE_DIFF"":false,""LINE_AMOUNT_DIFF"":false}]","{""id"":""4"",""candidates"":[""4""],""mapped"":true,""safe"":true,""state"":""MATCHED"",""reason"":""Existing mapping, exact marker or unique exact normalized customer identity.""}","CLEAR_CANONICAL_CANDIDATE","88","MATCHING_PAYMENT_STATE","","","","","[]","KEEP_HISTORICAL_ITEM_DESCRIPTION_FORMAT_AND_NUMBER_FORMAT"
"INV-0093","servicem8-job-013e41a0-93f4-43ef-82dd-238699dbc9dd:invoice","O.C Strata Mangement","2025-11-26","50000","5000","55000","55000","0","","DIFFERENT_IN_QB","REVIEW_PAYMENT","COSMETIC_ONLY","false","false","true","false","true","false","false","false","false","false","false","false","false","false","false","true","false","false","false","true","false","false","true","96","93","O.C Strata Mangement","4","2025-11-26","50000","5000","55000","0","55000","[""Payment""]","[{""type"":""Payment"",""id"":""117"",""via"":""payment allocation""}]","[{""id"":""117"",""date"":""2025-12-23"",""customerId"":""4"",""totalCents"":55000,""unappliedCents"":0,""allocations"":[{""amountCents"":55000,""links"":[{""TxnId"":""96"",""TxnType"":""Invoice""}]}],""metadata"":{""CreateTime"":""2026-01-04T15:06:15-08:00"",""LastUpdatedTime"":""2026-01-04T15:06:15-08:00""}}]","2025-11-25T17:55:12-08:00","2026-01-04T15:06:39-08:00","[]","[]","{""CUSTOMER_MATCH"":true,""DATE_MATCH"":true,""DOC_NUMBER_MATCH"":false,""LINE_COUNT_MATCH"":true,""PRODUCT_SERVICE_MATCH"":false,""DESCRIPTION_MATCH"":true,""QTY_MATCH"":true,""UNIT_PRICE_MATCH"":true,""LINE_AMOUNT_MATCH"":true,""SUBTOTAL_MATCH"":true,""GST_MATCH"":true,""TOTAL_MATCH"":true,""BALANCE_MATCH"":true,""PAYMENT_STATE_MATCH"":true}","[]","[{""position"":1,""qbPosition"":1,""lineAlignment"":""EXACT_CONTENT_BIJECTION"",""elsetLineId"":""servicem8-material-8650db1e-14ce-4bb0-bf1e-23869488833d"",""priceListItemId"":"""",""elsetDescription"":""Service Call out ."",""qbDescription"":""Service Call out ."",""expectedItem"":{""id"":""123"",""name"":""ELSET Services"",""incomeAccountId"":""9"",""status"":""FALLBACK"",""reason"":""Saved line has no priceListItemId; the new model uses the configured fallback."",""comparisonKnown"":true,""accountEligibility"":""NOT_REVALIDATED_ARCHIVE_HAS_NO_ACCOUNT_ENTITY""},""qbItemId"":""8"",""qbItemName"":""SCO-001"",""qbIncomeAccountId"":""16"",""qbIncomeAccountName"":""Billable Expense Income ( 16 )"",""elsetQuantityMicros"":2000000,""qbQuantityMicros"":2000000,""elsetUnitPriceMicros"":250000000,""qbUnitPriceMicros"":250000000,""elsetLineAmountCents"":50000,""qbLineAmountCents"":50000,""DESCRIPTION_DIFF"":false,""DESCRIPTION_FORMAT_ONLY"":false,""DESCRIPTION_CONTENT_DIFF"":false,""PRODUCT_SERVICE_DIFF"":true,""PRODUCT_SERVICE_COMPARISON_UNKNOWN"":false,""INCOME_ACCOUNT_DIFF"":true,""QTY_DIFF"":false,""UNIT_PRICE_DIFF"":false,""LINE_AMOUNT_DIFF"":false}]","{""id"":""4"",""candidates"":[""4""],""mapped"":true,""safe"":true,""state"":""MATCHED"",""reason"":""Existing mapping, exact marker or unique exact normalized customer identity.""}","CLEAR_CANONICAL_CANDIDATE","96","MATCHING_PAYMENT_STATE","","","","","[]","KEEP_HISTORICAL_ITEM_DESCRIPTION_FORMAT_AND_NUMBER_FORMAT"
"INV-0094","servicem8-job-05c202cb-7b4a-4e56-b33c-23878ed205ed:invoice","Giulia Galtieri","2025-11-26","300000","30000","330000","330000","0","","DIFFERENT_IN_QB","REVIEW_PAYMENT","COSMETIC_ONLY","false","false","true","false","true","false","false","false","false","false","false","false","false","false","false","true","false","false","false","true","false","false","true","99","94","Giulia Galtieri","34","2025-11-26","300000","30000","330000","0","330000","[""Payment""]","[{""type"":""Payment"",""id"":""107"",""via"":""payment allocation""}]","[{""id"":""107"",""date"":""2025-12-08"",""customerId"":""34"",""totalCents"":330000,""unappliedCents"":0,""allocations"":[{""amountCents"":330000,""links"":[{""TxnId"":""99"",""TxnType"":""Invoice""}]}],""metadata"":{""CreateTime"":""2025-12-07T14:23:53-08:00"",""LastUpdatedTime"":""2025-12-07T14:23:53-08:00""}}]","2025-11-25T19:44:51-08:00","2025-12-07T14:23:58-08:00","[]","[]","{""CUSTOMER_MATCH"":true,""DATE_MATCH"":true,""DOC_NUMBER_MATCH"":false,""LINE_COUNT_MATCH"":true,""PRODUCT_SERVICE_MATCH"":false,""DESCRIPTION_MATCH"":true,""QTY_MATCH"":true,""UNIT_PRICE_MATCH"":true,""LINE_AMOUNT_MATCH"":true,""SUBTOTAL_MATCH"":true,""GST_MATCH"":true,""TOTAL_MATCH"":true,""BALANCE_MATCH"":true,""PAYMENT_STATE_MATCH"":true}","[]","[{""position"":1,""qbPosition"":1,""lineAlignment"":""EXACT_CONTENT_BIJECTION"",""elsetLineId"":""servicem8-material-a21155ae-094e-464e-a494-23878b78954d"",""priceListItemId"":"""",""elsetDescription"":""DEA automatic sliding gate installation"",""qbDescription"":""DEA automatic sliding gate installation"",""expectedItem"":{""id"":""123"",""name"":""ELSET Services"",""incomeAccountId"":""9"",""status"":""FALLBACK"",""reason"":""Saved line has no priceListItemId; the new model uses the configured fallback."",""comparisonKnown"":true,""accountEligibility"":""NOT_REVALIDATED_ARCHIVE_HAS_NO_ACCOUNT_ENTITY""},""qbItemId"":""14"",""qbItemName"":""SLIDER"",""qbIncomeAccountId"":""16"",""qbIncomeAccountName"":""Billable Expense Income ( 16 )"",""elsetQuantityMicros"":1000000,""qbQuantityMicros"":1000000,""elsetUnitPriceMicros"":3000000000,""qbUnitPriceMicros"":3000000000,""elsetLineAmountCents"":300000,""qbLineAmountCents"":300000,""DESCRIPTION_DIFF"":false,""DESCRIPTION_FORMAT_ONLY"":false,""DESCRIPTION_CONTENT_DIFF"":false,""PRODUCT_SERVICE_DIFF"":true,""PRODUCT_SERVICE_COMPARISON_UNKNOWN"":false,""INCOME_ACCOUNT_DIFF"":true,""QTY_DIFF"":false,""UNIT_PRICE_DIFF"":false,""LINE_AMOUNT_DIFF"":false}]","{""id"":""34"",""candidates"":[""34""],""mapped"":false,""safe"":true,""state"":""MATCHED"",""reason"":""Existing mapping, exact marker or unique exact normalized customer identity.""}","CLEAR_CANONICAL_CANDIDATE","99","MATCHING_PAYMENT_STATE","","","","","[]","KEEP_HISTORICAL_ITEM_DESCRIPTION_FORMAT_AND_NUMBER_FORMAT"
"INV-0087","servicem8-job-556f52ba-34d9-42c5-9128-2379a058af3b:invoice","Ramanan Daniel","2025-11-26","972000","97200","1069200","1069200","0","","DIFFERENT_IN_QB","REVIEW_PAYMENT","COSMETIC_ONLY","false","false","true","false","true","false","false","false","false","false","false","false","false","false","false","true","false","false","false","true","false","false","true","100","87","Ramanan Daniel","35","2025-11-26","972000","97200","1069200","0","1069200","[""Payment""]","[{""type"":""Payment"",""id"":""156"",""via"":""payment allocation""},{""type"":""Payment"",""id"":""101"",""via"":""payment allocation""}]","[{""id"":""156"",""date"":""2026-02-27"",""customerId"":""35"",""totalCents"":534600,""unappliedCents"":0,""allocations"":[{""amountCents"":534600,""links"":[{""TxnId"":""100"",""TxnType"":""Invoice""}]}],""metadata"":{""CreateTime"":""2026-03-01T14:12:02-08:00"",""LastUpdatedTime"":""2026-03-01T14:12:02-08:00""}},{""id"":""101"",""date"":""2025-11-27"",""customerId"":""35"",""totalCents"":534600,""unappliedCents"":0,""allocations"":[{""amountCents"":534600,""links"":[{""TxnId"":""100"",""TxnType"":""Invoice""}]}],""metadata"":{""CreateTime"":""2025-11-26T01:33:40-08:00"",""LastUpdatedTime"":""2025-11-26T01:33:40-08:00""}}]","2025-11-26T01:33:37-08:00","2026-03-01T14:12:26-08:00","[]","[]","{""CUSTOMER_MATCH"":true,""DATE_MATCH"":true,""DOC_NUMBER_MATCH"":false,""LINE_COUNT_MATCH"":true,""PRODUCT_SERVICE_MATCH"":false,""DESCRIPTION_MATCH"":true,""QTY_MATCH"":true,""UNIT_PRICE_MATCH"":true,""LINE_AMOUNT_MATCH"":true,""SUBTOTAL_MATCH"":true,""GST_MATCH"":true,""TOTAL_MATCH"":true,""BALANCE_MATCH"":true,""PAYMENT_STATE_MATCH"":true}","[]","[{""position"":1,""qbPosition"":1,""lineAlignment"":""EXACT_CONTENT_BIJECTION"",""elsetLineId"":""servicem8-material-ba3249c1-81c7-47ef-b1fe-2379a739c19a"",""priceListItemId"":"""",""elsetDescription"":""Supply and installation of gate and automation system"",""qbDescription"":""Supply and installation of gate and automation system"",""expectedItem"":{""id"":""123"",""name"":""ELSET Services"",""incomeAccountId"":""9"",""status"":""FALLBACK"",""reason"":""Saved line has no priceListItemId; the new model uses the configured fallback."",""comparisonKnown"":true,""accountEligibility"":""NOT_REVALIDATED_ARCHIVE_HAS_NO_ACCOUNT_ENTITY""},""qbItemId"":""47"",""qbItemName"":""SPL002"",""qbIncomeAccountId"":""16"",""qbIncomeAccountName"":""Billable Expense Income ( 16 )"",""elsetQuantityMicros"":1000000,""qbQuantityMicros"":1000000,""elsetUnitPriceMicros"":9720000000,""qbUnitPriceMicros"":9720000000,""elsetLineAmountCents"":972000,""qbLineAmountCents"":972000,""DESCRIPTION_DIFF"":false,""DESCRIPTION_FORMAT_ONLY"":false,""DESCRIPTION_CONTENT_DIFF"":false,""PRODUCT_SERVICE_DIFF"":true,""PRODUCT_SERVICE_COMPARISON_UNKNOWN"":false,""INCOME_ACCOUNT_DIFF"":true,""QTY_DIFF"":false,""UNIT_PRICE_DIFF"":false,""LINE_AMOUNT_DIFF"":false}]","{""id"":""35"",""candidates"":[""35""],""mapped"":false,""safe"":true,""state"":""MATCHED"",""reason"":""Existing mapping, exact marker or unique exact normalized customer identity.""}","CLEAR_CANONICAL_CANDIDATE","100","MATCHING_PAYMENT_STATE","","","","","[]","KEEP_HISTORICAL_ITEM_DESCRIPTION_FORMAT_AND_NUMBER_FORMAT"
"INV-0061","servicem8-job-11807d39-ad7a-43d0-8810-23553cd8362d:invoice","Aiello Constructions","2025-12-01","482000","48200","530200","530200","0","","DIFFERENT_IN_QB","REVIEW_PAYMENT","MULTIPLE_DIFF_TYPES","false","true","true","false","true","false","false","false","false","false","false","false","false","false","true","true","false","false","false","false","false","false","true","143","61","Aiello Constructions","47","2025-10-21","482000","48200","530200","0","530200","[""Payment""]","[{""type"":""Payment"",""id"":""147"",""via"":""payment allocation""}]","[{""id"":""147"",""date"":""2025-11-17"",""customerId"":""47"",""totalCents"":530200,""unappliedCents"":0,""allocations"":[{""amountCents"":530200,""links"":[{""TxnId"":""143"",""TxnType"":""Invoice""}]}],""metadata"":{""CreateTime"":""2026-02-17T15:46:26-08:00"",""LastUpdatedTime"":""2026-02-17T15:46:26-08:00""}}]","2026-02-12T21:02:43-08:00","2026-02-17T15:46:38-08:00","[]","[]","{""CUSTOMER_MATCH"":true,""DATE_MATCH"":false,""DOC_NUMBER_MATCH"":false,""LINE_COUNT_MATCH"":true,""PRODUCT_SERVICE_MATCH"":false,""DESCRIPTION_MATCH"":true,""QTY_MATCH"":true,""UNIT_PRICE_MATCH"":true,""LINE_AMOUNT_MATCH"":true,""SUBTOTAL_MATCH"":true,""GST_MATCH"":true,""TOTAL_MATCH"":true,""BALANCE_MATCH"":true,""PAYMENT_STATE_MATCH"":true}","[]","[{""position"":1,""qbPosition"":3,""lineAlignment"":""EXACT_CONTENT_BIJECTION"",""elsetLineId"":""servicem8-material-22089745-d8a4-4fb3-ae9e-23628a7d116d"",""priceListItemId"":"""",""elsetDescription"":""Remote control"",""qbDescription"":""Remote control"",""expectedItem"":{""id"":""123"",""name"":""ELSET Services"",""incomeAccountId"":""9"",""status"":""FALLBACK"",""reason"":""Saved line has no priceListItemId; the new model uses the configured fallback."",""comparisonKnown"":true,""accountEligibility"":""NOT_REVALIDATED_ARCHIVE_HAS_NO_ACCOUNT_ENTITY""},""qbItemId"":""4"",""qbItemName"":""RC-001"",""qbIncomeAccountId"":""16"",""qbIncomeAccountName"":""Billable Expense Income ( 16 )"",""elsetQuantityMicros"":6000000,""qbQuantityMicros"":6000000,""elsetUnitPriceMicros"":70000000,""qbUnitPriceMicros"":70000000,""elsetLineAmountCents"":42000,""qbLineAmountCents"":42000,""DESCRIPTION_DIFF"":false,""DESCRIPTION_FORMAT_ONLY"":false,""DESCRIPTION_CONTENT_DIFF"":false,""PRODUCT_SERVICE_DIFF"":true,""PRODUCT_SERVICE_COMPARISON_UNKNOWN"":false,""INCOME_ACCOUNT_DIFF"":true,""QTY_DIFF"":false,""UNIT_PRICE_DIFF"":false,""LINE_AMOUNT_DIFF"":false},{""position"":2,""qbPosition"":1,""lineAlignment"":""EXACT_CONTENT_BIJECTION"",""elsetLineId"":""servicem8-material-4e360a1b-cd64-4cfc-b843-2362844ba8dd"",""priceListItemId"":"""",""elsetDescription"":""Supply and installation on double swing gate automation system."",""qbDescription"":""Supply and installation on double swing gate automation system."",""expectedItem"":{""id"":""123"",""name"":""ELSET Services"",""incomeAccountId"":""9"",""status"":""FALLBACK"",""reason"":""Saved line has no priceListItemId; the new model uses the configured fallback."",""comparisonKnown"":true,""accountEligibility"":""NOT_REVALIDATED_ARCHIVE_HAS_NO_ACCOUNT_ENTITY""},""qbItemId"":""70"",""qbItemName"":""SDS-001"",""qbIncomeAccountId"":""16"",""qbIncomeAccountName"":""Billable Expense Income ( 16 )"",""elsetQuantityMicros"":1000000,""qbQuantityMicros"":1000000,""elsetUnitPriceMicros"":3500000000,""qbUnitPriceMicros"":3500000000,""elsetLineAmountCents"":350000,""qbLineAmountCents"":350000,""DESCRIPTION_DIFF"":false,""DESCRIPTION_FORMAT_ONLY"":false,""DESCRIPTION_CONTENT_DIFF"":false,""PRODUCT_SERVICE_DIFF"":true,""PRODUCT_SERVICE_COMPARISON_UNKNOWN"":false,""INCOME_ACCOUNT_DIFF"":true,""QTY_DIFF"":false,""UNIT_PRICE_DIFF"":false,""LINE_AMOUNT_DIFF"":false},{""position"":3,""qbPosition"":2,""lineAlignment"":""EXACT_CONTENT_BIJECTION"",""elsetLineId"":""servicem8-material-980ef418-571f-45ed-824d-23628c5d040d"",""priceListItemId"":"""",""elsetDescription"":""Electric lock installation on automation system for double swing gate."",""qbDescription"":""Electric lock installation on automation system for double swing gate."",""expectedItem"":{""id"":""123"",""name"":""ELSET Services"",""incomeAccountId"":""9"",""status"":""FALLBACK"",""reason"":""Saved line has no priceListItemId; the new model uses the configured fallback."",""comparisonKnown"":true,""accountEligibility"":""NOT_REVALIDATED_ARCHIVE_HAS_NO_ACCOUNT_ENTITY""},""qbItemId"":""71"",""qbItemName"":""ESL001"",""qbIncomeAccountId"":""16"",""qbIncomeAccountName"":""Billable Expense Income ( 16 )"",""elsetQuantityMicros"":1000000,""qbQuantityMicros"":1000000,""elsetUnitPriceMicros"":500000000,""qbUnitPriceMicros"":500000000,""elsetLineAmountCents"":50000,""qbLineAmountCents"":50000,""DESCRIPTION_DIFF"":false,""DESCRIPTION_FORMAT_ONLY"":false,""DESCRIPTION_CONTENT_DIFF"":false,""PRODUCT_SERVICE_DIFF"":true,""PRODUCT_SERVICE_COMPARISON_UNKNOWN"":false,""INCOME_ACCOUNT_DIFF"":true,""QTY_DIFF"":false,""UNIT_PRICE_DIFF"":false,""LINE_AMOUNT_DIFF"":false},{""position"":4,""qbPosition"":4,""lineAlignment"":""EXACT_CONTENT_BIJECTION"",""elsetLineId"":""servicem8-material-c04cf80e-8365-4a92-8b2c-23628f0c759d"",""priceListItemId"":"""",""elsetDescription"":""Window panels installed on garage door panel. Perspex clear"",""qbDescription"":""Window panels installed on garage door panel. Perspex clear"",""expectedItem"":{""id"":""123"",""name"":""ELSET Services"",""incomeAccountId"":""9"",""status"":""FALLBACK"",""reason"":""Saved line has no priceListItemId; the new model uses the configured fallback."",""comparisonKnown"":true,""accountEligibility"":""NOT_REVALIDATED_ARCHIVE_HAS_NO_ACCOUNT_ENTITY""},""qbItemId"":""72"",""qbItemName"":""CPS-001"",""qbIncomeAccountId"":""16"",""qbIncomeAccountName"":""Billable Expense Income ( 16 )"",""elsetQuantityMicros"":1000000,""qbQuantityMicros"":1000000,""elsetUnitPriceMicros"":400000000,""qbUnitPriceMicros"":400000000,""elsetLineAmountCents"":40000,""qbLineAmountCents"":40000,""DESCRIPTION_DIFF"":false,""DESCRIPTION_FORMAT_ONLY"":false,""DESCRIPTION_CONTENT_DIFF"":false,""PRODUCT_SERVICE_DIFF"":true,""PRODUCT_SERVICE_COMPARISON_UNKNOWN"":false,""INCOME_ACCOUNT_DIFF"":true,""QTY_DIFF"":false,""UNIT_PRICE_DIFF"":false,""LINE_AMOUNT_DIFF"":false}]","{""id"":""47"",""candidates"":[""47""],""mapped"":false,""safe"":true,""state"":""MATCHED"",""reason"":""Existing mapping, exact marker or unique exact normalized customer identity.""}","REVIEW_REQUIRED","","MATCHING_PAYMENT_STATE","","","","","[]","REVIEW_ONLY"
"INV-0095","servicem8-job-754ba2a6-499a-4334-be35-238baa1bcafd:invoice","BURRINDI HOLDINGS P/L","2025-12-01","72300","7230","79530","79530","0","","DIFFERENT_IN_QB","REVIEW_PAYMENT","CUSTOMER_OR_DATE_DIFF","true","false","true","false","true","false","false","false","false","false","false","false","false","false","false","true","false","false","false","false","false","false","false","102","95","BURRINDI HOLDINGS P/L","36","2025-12-01","72300","7230","79530","0","79530","[""Payment""]","[{""type"":""Payment"",""id"":""104"",""via"":""payment allocation""}]","[{""id"":""104"",""date"":""2025-12-01"",""customerId"":""36"",""totalCents"":79530,""unappliedCents"":0,""allocations"":[{""amountCents"":79530,""links"":[{""TxnId"":""102"",""TxnType"":""Invoice""}]}],""metadata"":{""CreateTime"":""2025-12-03T19:46:42-08:00"",""LastUpdatedTime"":""2025-12-03T19:46:42-08:00""}}]","2025-11-30T14:33:39-08:00","2025-12-03T19:46:51-08:00","[]","[]","{""CUSTOMER_MATCH"":false,""DATE_MATCH"":true,""DOC_NUMBER_MATCH"":false,""LINE_COUNT_MATCH"":true,""PRODUCT_SERVICE_MATCH"":false,""DESCRIPTION_MATCH"":true,""QTY_MATCH"":true,""UNIT_PRICE_MATCH"":true,""LINE_AMOUNT_MATCH"":true,""SUBTOTAL_MATCH"":true,""GST_MATCH"":true,""TOTAL_MATCH"":true,""BALANCE_MATCH"":true,""PAYMENT_STATE_MATCH"":true}","[]","[{""position"":1,""qbPosition"":1,""lineAlignment"":""EXACT_CONTENT_BIJECTION"",""elsetLineId"":""servicem8-material-b6e8c1b7-b3c3-4946-8154-238ba443f52d"",""priceListItemId"":"""",""elsetDescription"":""Replace lock electric magnet, wiring to lock and release key barrels."",""qbDescription"":""Replace lock electric magnet, wiring to lock and release key barrels."",""expectedItem"":{""id"":""123"",""name"":""ELSET Services"",""incomeAccountId"":""9"",""status"":""FALLBACK"",""reason"":""Saved line has no priceListItemId; the new model uses the configured fallback."",""comparisonKnown"":true,""accountEligibility"":""NOT_REVALIDATED_ARCHIVE_HAS_NO_ACCOUNT_ENTITY""},""qbItemId"":""1"",""qbItemName"":""Services"",""qbIncomeAccountId"":""9"",""qbIncomeAccountName"":""Services"",""elsetQuantityMicros"":1000000,""qbQuantityMicros"":1000000,""elsetUnitPriceMicros"":723000000,""qbUnitPriceMicros"":723000000,""elsetLineAmountCents"":72300,""qbLineAmountCents"":72300,""DESCRIPTION_DIFF"":false,""DESCRIPTION_FORMAT_ONLY"":false,""DESCRIPTION_CONTENT_DIFF"":false,""PRODUCT_SERVICE_DIFF"":true,""PRODUCT_SERVICE_COMPARISON_UNKNOWN"":false,""INCOME_ACCOUNT_DIFF"":false,""QTY_DIFF"":false,""UNIT_PRICE_DIFF"":false,""LINE_AMOUNT_DIFF"":false}]","{""id"":"""",""candidates"":[""36""],""mapped"":false,""safe"":false,""state"":""AMBIGUOUS"",""reason"":""Customer name/email candidates conflict or are not unique.""}","REVIEW_REQUIRED","","MATCHING_PAYMENT_STATE","","","","","[""PHASE_4""]","REVIEW_ONLY"
"INV-0097","servicem8-job-fc7a4d87-1b10-47a4-a7da-238ba2719a5d:invoice","Colour Earth Wrough Ironworks","2025-12-01","450000","45000","495000","495000","0","","DIFFERENT_IN_QB","REVIEW_PAYMENT","COSMETIC_ONLY","false","false","true","false","true","false","false","false","false","false","false","false","false","false","false","true","false","false","false","true","false","false","true","103","97","Colour Earth Wrough Ironworks","14","2025-12-01","450000","45000","495000","0","495000","[""Payment""]","[{""type"":""Payment"",""id"":""112"",""via"":""payment allocation""}]","[{""id"":""112"",""date"":""2025-12-23"",""customerId"":""14"",""totalCents"":495000,""unappliedCents"":0,""allocations"":[{""amountCents"":495000,""links"":[{""TxnId"":""103"",""TxnType"":""Invoice""}]}],""metadata"":{""CreateTime"":""2026-01-04T14:13:04-08:00"",""LastUpdatedTime"":""2026-01-04T14:13:04-08:00""}}]","2025-12-03T14:48:42-08:00","2026-01-04T14:13:23-08:00","[]","[]","{""CUSTOMER_MATCH"":true,""DATE_MATCH"":true,""DOC_NUMBER_MATCH"":false,""LINE_COUNT_MATCH"":true,""PRODUCT_SERVICE_MATCH"":false,""DESCRIPTION_MATCH"":true,""QTY_MATCH"":true,""UNIT_PRICE_MATCH"":true,""LINE_AMOUNT_MATCH"":true,""SUBTOTAL_MATCH"":true,""GST_MATCH"":true,""TOTAL_MATCH"":true,""BALANCE_MATCH"":true,""PAYMENT_STATE_MATCH"":true}","[]","[{""position"":1,""qbPosition"":1,""lineAlignment"":""EXACT_CONTENT_BIJECTION"",""elsetLineId"":""servicem8-material-060106ae-74bc-49a9-97f7-238ba8cdeb0d"",""priceListItemId"":"""",""elsetDescription"":""Supply and install new garage door automation system"",""qbDescription"":""Supply and install new garage door automation system"",""expectedItem"":{""id"":""123"",""name"":""ELSET Services"",""incomeAccountId"":""9"",""status"":""FALLBACK"",""reason"":""Saved line has no priceListItemId; the new model uses the configured fallback."",""comparisonKnown"":true,""accountEligibility"":""NOT_REVALIDATED_ARCHIVE_HAS_NO_ACCOUNT_ENTITY""},""qbItemId"":""48"",""qbItemName"":""GDC-001"",""qbIncomeAccountId"":""16"",""qbIncomeAccountName"":""Billable Expense Income ( 16 )"",""elsetQuantityMicros"":1000000,""qbQuantityMicros"":1000000,""elsetUnitPriceMicros"":4500000000,""qbUnitPriceMicros"":4500000000,""elsetLineAmountCents"":450000,""qbLineAmountCents"":450000,""DESCRIPTION_DIFF"":false,""DESCRIPTION_FORMAT_ONLY"":false,""DESCRIPTION_CONTENT_DIFF"":false,""PRODUCT_SERVICE_DIFF"":true,""PRODUCT_SERVICE_COMPARISON_UNKNOWN"":false,""INCOME_ACCOUNT_DIFF"":true,""QTY_DIFF"":false,""UNIT_PRICE_DIFF"":false,""LINE_AMOUNT_DIFF"":false}]","{""id"":""14"",""candidates"":[""14""],""mapped"":false,""safe"":true,""state"":""MATCHED"",""reason"":""Existing mapping, exact marker or unique exact normalized customer identity.""}","CLEAR_CANONICAL_CANDIDATE","103","MATCHING_PAYMENT_STATE","","","","","[]","KEEP_HISTORICAL_ITEM_DESCRIPTION_FORMAT_AND_NUMBER_FORMAT"
"INV-0035","servicem8-job-09653040-2a2c-4ff6-bef0-23404fad6bdd:invoice","Colour Earth Wrough Ironworks","2025-12-04","1100000","110000","1210000","1210000","0","","DIFFERENT_IN_QB","REVIEW_PAYMENT","MULTIPLE_DIFF_TYPES","false","true","true","false","true","false","false","false","false","false","false","false","true","true","false","true","false","false","false","false","false","false","true","105","35","Colour Earth Wrough Ironworks","14","2025-09-16","1100000","110000","1210000","600000","610000","[""Payment""]","[{""type"":""Payment"",""id"":""111"",""via"":""payment allocation""}]","[{""id"":""111"",""date"":""2025-12-23"",""customerId"":""14"",""totalCents"":610000,""unappliedCents"":0,""allocations"":[{""amountCents"":610000,""links"":[{""TxnId"":""105"",""TxnType"":""Invoice""}]}],""metadata"":{""CreateTime"":""2026-01-04T14:13:04-08:00"",""LastUpdatedTime"":""2026-01-04T14:13:04-08:00""}}]","2025-12-03T19:46:46-08:00","2026-01-04T14:13:25-08:00","[]","[]","{""CUSTOMER_MATCH"":true,""DATE_MATCH"":false,""DOC_NUMBER_MATCH"":false,""LINE_COUNT_MATCH"":true,""PRODUCT_SERVICE_MATCH"":false,""DESCRIPTION_MATCH"":true,""QTY_MATCH"":true,""UNIT_PRICE_MATCH"":true,""LINE_AMOUNT_MATCH"":true,""SUBTOTAL_MATCH"":true,""GST_MATCH"":true,""TOTAL_MATCH"":true,""BALANCE_MATCH"":false,""PAYMENT_STATE_MATCH"":false}","[{""field"":""balance"",""elset"":0,""quickbooks"":600000,""unit"":""AUD cents""},{""field"":""paid_vs_inferred_paid"",""elset"":1210000,""quickbooks"":610000,""unit"":""AUD cents""}]","[{""position"":1,""qbPosition"":1,""lineAlignment"":""EXACT_CONTENT_BIJECTION"",""elsetLineId"":""servicem8-material-10380e05-ac16-4d85-8d3c-234043b5ab0d"",""priceListItemId"":"""",""elsetDescription"":""Supply and installation of double underground swing gate automation. DEA Ghost 100"",""qbDescription"":""Supply and installation of double underground swing gate automation. DEA Ghost 100"",""expectedItem"":{""id"":""123"",""name"":""ELSET Services"",""incomeAccountId"":""9"",""status"":""FALLBACK"",""reason"":""Saved line has no priceListItemId; the new model uses the configured fallback."",""comparisonKnown"":true,""accountEligibility"":""NOT_REVALIDATED_ARCHIVE_HAS_NO_ACCOUNT_ENTITY""},""qbItemId"":""49"",""qbItemName"":""DEAG"",""qbIncomeAccountId"":""16"",""qbIncomeAccountName"":""Billable Expense Income ( 16 )"",""elsetQuantityMicros"":1000000,""qbQuantityMicros"":1000000,""elsetUnitPriceMicros"":6500000000,""qbUnitPriceMicros"":6500000000,""elsetLineAmountCents"":650000,""qbLineAmountCents"":650000,""DESCRIPTION_DIFF"":false,""DESCRIPTION_FORMAT_ONLY"":false,""DESCRIPTION_CONTENT_DIFF"":false,""PRODUCT_SERVICE_DIFF"":true,""PRODUCT_SERVICE_COMPARISON_UNKNOWN"":false,""INCOME_ACCOUNT_DIFF"":true,""QTY_DIFF"":false,""UNIT_PRICE_DIFF"":false,""LINE_AMOUNT_DIFF"":false},{""position"":2,""qbPosition"":2,""lineAlignment"":""EXACT_CONTENT_BIJECTION"",""elsetLineId"":""servicem8-material-4fdb4897-2972-43f3-9b84-23404e3ad27d"",""priceListItemId"":"""",""elsetDescription"":""Supply and installation of single underground garage door swing gate automation system."",""qbDescription"":""Supply and installation of single underground garage door swing gate automation system."",""expectedItem"":{""id"":""123"",""name"":""ELSET Services"",""incomeAccountId"":""9"",""status"":""FALLBACK"",""reason"":""Saved line has no priceListItemId; the new model uses the configured fallback."",""comparisonKnown"":true,""accountEligibility"":""NOT_REVALIDATED_ARCHIVE_HAS_NO_ACCOUNT_ENTITY""},""qbItemId"":""49"",""qbItemName"":""DEAG"",""qbIncomeAccountId"":""16"",""qbIncomeAccountName"":""Billable Expense Income ( 16 )"",""elsetQuantityMicros"":1000000,""qbQuantityMicros"":1000000,""elsetUnitPriceMicros"":4500000000,""qbUnitPriceMicros"":4500000000,""elsetLineAmountCents"":450000,""qbLineAmountCents"":450000,""DESCRIPTION_DIFF"":false,""DESCRIPTION_FORMAT_ONLY"":false,""DESCRIPTION_CONTENT_DIFF"":false,""PRODUCT_SERVICE_DIFF"":true,""PRODUCT_SERVICE_COMPARISON_UNKNOWN"":false,""INCOME_ACCOUNT_DIFF"":true,""QTY_DIFF"":false,""UNIT_PRICE_DIFF"":false,""LINE_AMOUNT_DIFF"":false}]","{""id"":""14"",""candidates"":[""14""],""mapped"":false,""safe"":true,""state"":""MATCHED"",""reason"":""Existing mapping, exact marker or unique exact normalized customer identity.""}","REVIEW_REQUIRED","","PAYMENT_AMOUNT_DIFF","","","","","[""PHASE_4""]","REVIEW_ONLY"
"INV-0101","servicem8-job-98f37074-2b70-40bc-b24c-238f08eed79d:invoice","DAVID TAVOLETTI","2025-12-05","40000","4000","44000","44000","0","","DIFFERENT_IN_QB","REVIEW_PAYMENT","COSMETIC_ONLY","false","false","true","false","true","false","false","false","false","false","false","false","false","false","false","true","false","false","false","true","false","false","true","106","101","DAVID TAVOLETTI","37","2025-12-05","40000","4000","44000","0","44000","[""Payment""]","[{""type"":""Payment"",""id"":""119"",""via"":""payment allocation""}]","[{""id"":""119"",""date"":""2025-12-08"",""customerId"":""37"",""totalCents"":44000,""unappliedCents"":0,""allocations"":[{""amountCents"":44000,""links"":[{""TxnId"":""106"",""TxnType"":""Invoice""}]}],""metadata"":{""CreateTime"":""2026-01-04T15:26:00-08:00"",""LastUpdatedTime"":""2026-01-04T15:26:00-08:00""}}]","2025-12-04T20:24:18-08:00","2026-01-04T15:26:07-08:00","[]","[]","{""CUSTOMER_MATCH"":true,""DATE_MATCH"":true,""DOC_NUMBER_MATCH"":false,""LINE_COUNT_MATCH"":true,""PRODUCT_SERVICE_MATCH"":false,""DESCRIPTION_MATCH"":true,""QTY_MATCH"":true,""UNIT_PRICE_MATCH"":true,""LINE_AMOUNT_MATCH"":true,""SUBTOTAL_MATCH"":true,""GST_MATCH"":true,""TOTAL_MATCH"":true,""BALANCE_MATCH"":true,""PAYMENT_STATE_MATCH"":true}","[]","[{""position"":1,""qbPosition"":1,""lineAlignment"":""EXACT_CONTENT_BIJECTION"",""elsetLineId"":""servicem8-material-993ccf1a-45c7-4e16-9ab0-238f0cf6b1dd"",""priceListItemId"":"""",""elsetDescription"":""Service Call out ."",""qbDescription"":""Service Call out ."",""expectedItem"":{""id"":""123"",""name"":""ELSET Services"",""incomeAccountId"":""9"",""status"":""FALLBACK"",""reason"":""Saved line has no priceListItemId; the new model uses the configured fallback."",""comparisonKnown"":true,""accountEligibility"":""NOT_REVALIDATED_ARCHIVE_HAS_NO_ACCOUNT_ENTITY""},""qbItemId"":""8"",""qbItemName"":""SCO-001"",""qbIncomeAccountId"":""16"",""qbIncomeAccountName"":""Billable Expense Income ( 16 )"",""elsetQuantityMicros"":1000000,""qbQuantityMicros"":1000000,""elsetUnitPriceMicros"":250000000,""qbUnitPriceMicros"":250000000,""elsetLineAmountCents"":25000,""qbLineAmountCents"":25000,""DESCRIPTION_DIFF"":false,""DESCRIPTION_FORMAT_ONLY"":false,""DESCRIPTION_CONTENT_DIFF"":false,""PRODUCT_SERVICE_DIFF"":true,""PRODUCT_SERVICE_COMPARISON_UNKNOWN"":false,""INCOME_ACCOUNT_DIFF"":true,""QTY_DIFF"":false,""UNIT_PRICE_DIFF"":false,""LINE_AMOUNT_DIFF"":false},{""position"":2,""qbPosition"":2,""lineAlignment"":""EXACT_CONTENT_BIJECTION"",""elsetLineId"":""servicem8-material-d7c5b251-95ff-493e-a4fd-238f0dd4557d"",""priceListItemId"":"""",""elsetDescription"":""Repairs on automatic swing gate"",""qbDescription"":""Repairs on automatic swing gate"",""expectedItem"":{""id"":""123"",""name"":""ELSET Services"",""incomeAccountId"":""9"",""status"":""FALLBACK"",""reason"":""Saved line has no priceListItemId; the new model uses the configured fallback."",""comparisonKnown"":true,""accountEligibility"":""NOT_REVALIDATED_ARCHIVE_HAS_NO_ACCOUNT_ENTITY""},""qbItemId"":""50"",""qbItemName"":""REP-002"",""qbIncomeAccountId"":""16"",""qbIncomeAccountName"":""Billable Expense Income ( 16 )"",""elsetQuantityMicros"":1000000,""qbQuantityMicros"":1000000,""elsetUnitPriceMicros"":150000000,""qbUnitPriceMicros"":150000000,""elsetLineAmountCents"":15000,""qbLineAmountCents"":15000,""DESCRIPTION_DIFF"":false,""DESCRIPTION_FORMAT_ONLY"":false,""DESCRIPTION_CONTENT_DIFF"":false,""PRODUCT_SERVICE_DIFF"":true,""PRODUCT_SERVICE_COMPARISON_UNKNOWN"":false,""INCOME_ACCOUNT_DIFF"":true,""QTY_DIFF"":false,""UNIT_PRICE_DIFF"":false,""LINE_AMOUNT_DIFF"":false}]","{""id"":""37"",""candidates"":[""37""],""mapped"":false,""safe"":true,""state"":""MATCHED"",""reason"":""Existing mapping, exact marker or unique exact normalized customer identity.""}","CLEAR_CANONICAL_CANDIDATE","106","MATCHING_PAYMENT_STATE","","","","","[]","KEEP_HISTORICAL_ITEM_DESCRIPTION_FORMAT_AND_NUMBER_FORMAT"
"INV-0105","servicem8-job-32d813fd-1c41-4639-92be-23935734e69d:invoice","Slg builders and contractors","2025-12-08","250000","25000","275000","275000","0","","DIFFERENT_IN_QB","REVIEW_PAYMENT","COSMETIC_ONLY","false","false","true","false","true","false","false","false","false","false","false","false","false","false","false","true","false","false","false","true","false","false","true","123","105","Slg builders and contractors","41","2025-12-08","250000","25000","275000","0","275000","[""Payment""]","[{""type"":""Payment"",""id"":""128"",""via"":""payment allocation""}]","[{""id"":""128"",""date"":""2025-12-16"",""customerId"":""41"",""totalCents"":275000,""unappliedCents"":0,""allocations"":[{""amountCents"":275000,""links"":[{""TxnId"":""123"",""TxnType"":""Invoice""}]}],""metadata"":{""CreateTime"":""2026-01-14T14:25:23-08:00"",""LastUpdatedTime"":""2026-01-14T14:25:23-08:00""}}]","2026-01-14T14:25:16-08:00","2026-01-14T14:43:03-08:00","[]","[]","{""CUSTOMER_MATCH"":true,""DATE_MATCH"":true,""DOC_NUMBER_MATCH"":false,""LINE_COUNT_MATCH"":true,""PRODUCT_SERVICE_MATCH"":false,""DESCRIPTION_MATCH"":true,""QTY_MATCH"":true,""UNIT_PRICE_MATCH"":true,""LINE_AMOUNT_MATCH"":true,""SUBTOTAL_MATCH"":true,""GST_MATCH"":true,""TOTAL_MATCH"":true,""BALANCE_MATCH"":true,""PAYMENT_STATE_MATCH"":true}","[]","[{""position"":1,""qbPosition"":1,""lineAlignment"":""EXACT_CONTENT_BIJECTION"",""elsetLineId"":""servicem8-material-feab8986-f755-49fb-9864-2393524cf3dd"",""priceListItemId"":"""",""elsetDescription"":""Supply and installation of door opener"",""qbDescription"":""Supply and installation of door opener"",""expectedItem"":{""id"":""123"",""name"":""ELSET Services"",""incomeAccountId"":""9"",""status"":""FALLBACK"",""reason"":""Saved line has no priceListItemId; the new model uses the configured fallback."",""comparisonKnown"":true,""accountEligibility"":""NOT_REVALIDATED_ARCHIVE_HAS_NO_ACCOUNT_ENTITY""},""qbItemId"":""60"",""qbItemName"":""KG70"",""qbIncomeAccountId"":""16"",""qbIncomeAccountName"":""Billable Expense Income ( 16 )"",""elsetQuantityMicros"":1000000,""qbQuantityMicros"":1000000,""elsetUnitPriceMicros"":2500000000,""qbUnitPriceMicros"":2500000000,""elsetLineAmountCents"":250000,""qbLineAmountCents"":250000,""DESCRIPTION_DIFF"":false,""DESCRIPTION_FORMAT_ONLY"":false,""DESCRIPTION_CONTENT_DIFF"":false,""PRODUCT_SERVICE_DIFF"":true,""PRODUCT_SERVICE_COMPARISON_UNKNOWN"":false,""INCOME_ACCOUNT_DIFF"":true,""QTY_DIFF"":false,""UNIT_PRICE_DIFF"":false,""LINE_AMOUNT_DIFF"":false}]","{""id"":""41"",""candidates"":[""41""],""mapped"":false,""safe"":true,""state"":""MATCHED"",""reason"":""Existing mapping, exact marker or unique exact normalized customer identity.""}","CLEAR_CANONICAL_CANDIDATE","123","MATCHING_PAYMENT_STATE","","","","","[]","KEEP_HISTORICAL_ITEM_DESCRIPTION_FORMAT_AND_NUMBER_FORMAT"
"INV-0102","servicem8-job-41362188-9e84-4e14-a437-238f0fb1370d:invoice","Indu Saxena","2025-12-09","103000","10300","113300","113300","0","","DIFFERENT_IN_QB","REVIEW_PAYMENT","COSMETIC_ONLY","false","false","true","false","true","false","false","false","false","false","false","false","false","false","false","true","false","false","false","true","false","false","true","124","102","Indu Saxena","43","2025-12-09","103000","10300","113300","0","113300","[""Payment""]","[{""type"":""Payment"",""id"":""127"",""via"":""payment allocation""}]","[{""id"":""127"",""date"":""2025-12-13"",""customerId"":""43"",""totalCents"":113300,""unappliedCents"":0,""allocations"":[{""amountCents"":113300,""links"":[{""TxnId"":""124"",""TxnType"":""Invoice""}]}],""metadata"":{""CreateTime"":""2026-01-14T14:25:23-08:00"",""LastUpdatedTime"":""2026-01-14T14:25:23-08:00""}}]","2026-01-14T14:25:17-08:00","2026-01-14T14:43:02-08:00","[]","[]","{""CUSTOMER_MATCH"":true,""DATE_MATCH"":true,""DOC_NUMBER_MATCH"":false,""LINE_COUNT_MATCH"":true,""PRODUCT_SERVICE_MATCH"":false,""DESCRIPTION_MATCH"":true,""QTY_MATCH"":true,""UNIT_PRICE_MATCH"":true,""LINE_AMOUNT_MATCH"":true,""SUBTOTAL_MATCH"":true,""GST_MATCH"":true,""TOTAL_MATCH"":true,""BALANCE_MATCH"":true,""PAYMENT_STATE_MATCH"":true}","[]","[{""position"":1,""qbPosition"":1,""lineAlignment"":""EXACT_CONTENT_BIJECTION"",""elsetLineId"":""servicem8-material-58a7d519-e784-4d68-8424-238f084a364d"",""priceListItemId"":"""",""elsetDescription"":""Service Call out ."",""qbDescription"":""Service Call out ."",""expectedItem"":{""id"":""123"",""name"":""ELSET Services"",""incomeAccountId"":""9"",""status"":""FALLBACK"",""reason"":""Saved line has no priceListItemId; the new model uses the configured fallback."",""comparisonKnown"":true,""accountEligibility"":""NOT_REVALIDATED_ARCHIVE_HAS_NO_ACCOUNT_ENTITY""},""qbItemId"":""8"",""qbItemName"":""SCO-001"",""qbIncomeAccountId"":""16"",""qbIncomeAccountName"":""Billable Expense Income ( 16 )"",""elsetQuantityMicros"":1000000,""qbQuantityMicros"":1000000,""elsetUnitPriceMicros"":250000000,""qbUnitPriceMicros"":250000000,""elsetLineAmountCents"":25000,""qbLineAmountCents"":25000,""DESCRIPTION_DIFF"":false,""DESCRIPTION_FORMAT_ONLY"":false,""DESCRIPTION_CONTENT_DIFF"":false,""PRODUCT_SERVICE_DIFF"":true,""PRODUCT_SERVICE_COMPARISON_UNKNOWN"":false,""INCOME_ACCOUNT_DIFF"":true,""QTY_DIFF"":false,""UNIT_PRICE_DIFF"":false,""LINE_AMOUNT_DIFF"":false},{""position"":2,""qbPosition"":2,""lineAlignment"":""EXACT_CONTENT_BIJECTION"",""elsetLineId"":""servicem8-material-705f5abe-b545-4073-be41-238f078cf18d"",""priceListItemId"":"""",""elsetDescription"":""Remote control"",""qbDescription"":""Remote control"",""expectedItem"":{""id"":""123"",""name"":""ELSET Services"",""incomeAccountId"":""9"",""status"":""FALLBACK"",""reason"":""Saved line has no priceListItemId; the new model uses the configured fallback."",""comparisonKnown"":true,""accountEligibility"":""NOT_REVALIDATED_ARCHIVE_HAS_NO_ACCOUNT_ENTITY""},""qbItemId"":""4"",""qbItemName"":""RC-001"",""qbIncomeAccountId"":""16"",""qbIncomeAccountName"":""Billable Expense Income ( 16 )"",""elsetQuantityMicros"":4000000,""qbQuantityMicros"":4000000,""elsetUnitPriceMicros"":70000000,""qbUnitPriceMicros"":70000000,""elsetLineAmountCents"":28000,""qbLineAmountCents"":28000,""DESCRIPTION_DIFF"":false,""DESCRIPTION_FORMAT_ONLY"":false,""DESCRIPTION_CONTENT_DIFF"":false,""PRODUCT_SERVICE_DIFF"":true,""PRODUCT_SERVICE_COMPARISON_UNKNOWN"":false,""INCOME_ACCOUNT_DIFF"":true,""QTY_DIFF"":false,""UNIT_PRICE_DIFF"":false,""LINE_AMOUNT_DIFF"":false},{""position"":3,""qbPosition"":3,""lineAlignment"":""EXACT_CONTENT_BIJECTION"",""elsetLineId"":""servicem8-material-c44cc92b-13b5-416b-81d8-238f039867bd"",""priceListItemId"":"""",""elsetDescription"":""Re install gate operator"",""qbDescription"":""Re install gate operator"",""expectedItem"":{""id"":""123"",""name"":""ELSET Services"",""incomeAccountId"":""9"",""status"":""FALLBACK"",""reason"":""Saved line has no priceListItemId; the new model uses the configured fallback."",""comparisonKnown"":true,""accountEligibility"":""NOT_REVALIDATED_ARCHIVE_HAS_NO_ACCOUNT_ENTITY""},""qbItemId"":""59"",""qbItemName"":""REINS"",""qbIncomeAccountId"":""16"",""qbIncomeAccountName"":""Billable Expense Income ( 16 )"",""elsetQuantityMicros"":1000000,""qbQuantityMicros"":1000000,""elsetUnitPriceMicros"":500000000,""qbUnitPriceMicros"":500000000,""elsetLineAmountCents"":50000,""qbLineAmountCents"":50000,""DESCRIPTION_DIFF"":false,""DESCRIPTION_FORMAT_ONLY"":false,""DESCRIPTION_CONTENT_DIFF"":false,""PRODUCT_SERVICE_DIFF"":true,""PRODUCT_SERVICE_COMPARISON_UNKNOWN"":false,""INCOME_ACCOUNT_DIFF"":true,""QTY_DIFF"":false,""UNIT_PRICE_DIFF"":false,""LINE_AMOUNT_DIFF"":false}]","{""id"":""43"",""candidates"":[""43""],""mapped"":false,""safe"":true,""state"":""MATCHED"",""reason"":""Existing mapping, exact marker or unique exact normalized customer identity.""}","CLEAR_CANONICAL_CANDIDATE","124","MATCHING_PAYMENT_STATE","","","","","[]","KEEP_HISTORICAL_ITEM_DESCRIPTION_FORMAT_AND_NUMBER_FORMAT"
"INV-0100","servicem8-job-88a7a044-ac81-47ab-ac36-238f0003d3ed:invoice","LINTON TECH","2025-12-09","50000","5000","55000","55000","0","","DIFFERENT_IN_QB","REVIEW_PAYMENT","COSMETIC_ONLY","false","false","true","false","true","false","false","false","false","false","false","false","false","false","false","true","false","false","false","true","false","false","true","125","100","LINTON TECH","42","2025-12-09","50000","5000","55000","0","55000","[""Payment""]","[{""type"":""Payment"",""id"":""126"",""via"":""payment allocation""}]","[{""id"":""126"",""date"":""2025-12-15"",""customerId"":""42"",""totalCents"":55000,""unappliedCents"":0,""allocations"":[{""amountCents"":55000,""links"":[{""TxnId"":""125"",""TxnType"":""Invoice""}]}],""metadata"":{""CreateTime"":""2026-01-14T14:25:23-08:00"",""LastUpdatedTime"":""2026-01-14T14:25:23-08:00""}}]","2026-01-14T14:25:17-08:00","2026-01-14T14:43:03-08:00","[]","[]","{""CUSTOMER_MATCH"":true,""DATE_MATCH"":true,""DOC_NUMBER_MATCH"":false,""LINE_COUNT_MATCH"":true,""PRODUCT_SERVICE_MATCH"":false,""DESCRIPTION_MATCH"":true,""QTY_MATCH"":true,""UNIT_PRICE_MATCH"":true,""LINE_AMOUNT_MATCH"":true,""SUBTOTAL_MATCH"":true,""GST_MATCH"":true,""TOTAL_MATCH"":true,""BALANCE_MATCH"":true,""PAYMENT_STATE_MATCH"":true}","[]","[{""position"":1,""qbPosition"":1,""lineAlignment"":""EXACT_CONTENT_BIJECTION"",""elsetLineId"":""servicem8-material-9d60c1fa-9865-4e29-9eeb-238f03b5083d"",""priceListItemId"":"""",""elsetDescription"":""3 x POWER SUPPLY AND 150W 12V LED DRIVERS"",""qbDescription"":""3 x POWER SUPPLY AND 150W 12V LED DRIVERS"",""expectedItem"":{""id"":""123"",""name"":""ELSET Services"",""incomeAccountId"":""9"",""status"":""FALLBACK"",""reason"":""Saved line has no priceListItemId; the new model uses the configured fallback."",""comparisonKnown"":true,""accountEligibility"":""NOT_REVALIDATED_ARCHIVE_HAS_NO_ACCOUNT_ENTITY""},""qbItemId"":""58"",""qbItemName"":""LED"",""qbIncomeAccountId"":""16"",""qbIncomeAccountName"":""Billable Expense Income ( 16 )"",""elsetQuantityMicros"":1000000,""qbQuantityMicros"":1000000,""elsetUnitPriceMicros"":500000000,""qbUnitPriceMicros"":500000000,""elsetLineAmountCents"":50000,""qbLineAmountCents"":50000,""DESCRIPTION_DIFF"":false,""DESCRIPTION_FORMAT_ONLY"":false,""DESCRIPTION_CONTENT_DIFF"":false,""PRODUCT_SERVICE_DIFF"":true,""PRODUCT_SERVICE_COMPARISON_UNKNOWN"":false,""INCOME_ACCOUNT_DIFF"":true,""QTY_DIFF"":false,""UNIT_PRICE_DIFF"":false,""LINE_AMOUNT_DIFF"":false}]","{""id"":""42"",""candidates"":[""42""],""mapped"":false,""safe"":true,""state"":""MATCHED"",""reason"":""Existing mapping, exact marker or unique exact normalized customer identity.""}","CLEAR_CANONICAL_CANDIDATE","125","MATCHING_PAYMENT_STATE","","","","","[]","KEEP_HISTORICAL_ITEM_DESCRIPTION_FORMAT_AND_NUMBER_FORMAT"
"INV-0106","servicem8-job-6368c1b4-5b99-486d-b164-2395be66168d:invoice","Lisa Dumbrell","2025-12-10","60000","6000","66000","66000","0","","DIFFERENT_IN_QB","REVIEW_PAYMENT","COSMETIC_ONLY","false","false","true","false","true","false","false","false","false","false","false","false","false","false","false","true","false","false","false","true","false","false","true","108","106","Lisa Dumbrell","38","2025-12-10","60000","6000","66000","0","66000","[""Payment""]","[{""type"":""Payment"",""id"":""118"",""via"":""payment allocation""}]","[{""id"":""118"",""date"":""2025-12-16"",""customerId"":""38"",""totalCents"":66000,""unappliedCents"":0,""allocations"":[{""amountCents"":66000,""links"":[{""TxnId"":""108"",""TxnType"":""Invoice""}]}],""metadata"":{""CreateTime"":""2026-01-04T15:06:15-08:00"",""LastUpdatedTime"":""2026-01-04T15:06:15-08:00""}}]","2025-12-09T22:55:36-08:00","2026-01-04T15:06:39-08:00","[]","[]","{""CUSTOMER_MATCH"":true,""DATE_MATCH"":true,""DOC_NUMBER_MATCH"":false,""LINE_COUNT_MATCH"":true,""PRODUCT_SERVICE_MATCH"":false,""DESCRIPTION_MATCH"":true,""QTY_MATCH"":true,""UNIT_PRICE_MATCH"":true,""LINE_AMOUNT_MATCH"":true,""SUBTOTAL_MATCH"":true,""GST_MATCH"":true,""TOTAL_MATCH"":true,""BALANCE_MATCH"":true,""PAYMENT_STATE_MATCH"":true}","[]","[{""position"":1,""qbPosition"":1,""lineAlignment"":""EXACT_CONTENT_BIJECTION"",""elsetLineId"":""servicem8-material-01164572-3c60-4078-ae0d-2395bf27f8ad"",""priceListItemId"":"""",""elsetDescription"":""Service Call out ."",""qbDescription"":""Service Call out ."",""expectedItem"":{""id"":""123"",""name"":""ELSET Services"",""incomeAccountId"":""9"",""status"":""FALLBACK"",""reason"":""Saved line has no priceListItemId; the new model uses the configured fallback."",""comparisonKnown"":true,""accountEligibility"":""NOT_REVALIDATED_ARCHIVE_HAS_NO_ACCOUNT_ENTITY""},""qbItemId"":""8"",""qbItemName"":""SCO-001"",""qbIncomeAccountId"":""16"",""qbIncomeAccountName"":""Billable Expense Income ( 16 )"",""elsetQuantityMicros"":1000000,""qbQuantityMicros"":1000000,""elsetUnitPriceMicros"":250000000,""qbUnitPriceMicros"":250000000,""elsetLineAmountCents"":25000,""qbLineAmountCents"":25000,""DESCRIPTION_DIFF"":false,""DESCRIPTION_FORMAT_ONLY"":false,""DESCRIPTION_CONTENT_DIFF"":false,""PRODUCT_SERVICE_DIFF"":true,""PRODUCT_SERVICE_COMPARISON_UNKNOWN"":false,""INCOME_ACCOUNT_DIFF"":true,""QTY_DIFF"":false,""UNIT_PRICE_DIFF"":false,""LINE_AMOUNT_DIFF"":false},{""position"":2,""qbPosition"":2,""lineAlignment"":""EXACT_CONTENT_BIJECTION"",""elsetLineId"":""servicem8-material-712d8449-8d54-4d33-8cbb-2395b426d24d"",""priceListItemId"":"""",""elsetDescription"":""Remote control"",""qbDescription"":""Remote control"",""expectedItem"":{""id"":""123"",""name"":""ELSET Services"",""incomeAccountId"":""9"",""status"":""FALLBACK"",""reason"":""Saved line has no priceListItemId; the new model uses the configured fallback."",""comparisonKnown"":true,""accountEligibility"":""NOT_REVALIDATED_ARCHIVE_HAS_NO_ACCOUNT_ENTITY""},""qbItemId"":""4"",""qbItemName"":""RC-001"",""qbIncomeAccountId"":""16"",""qbIncomeAccountName"":""Billable Expense Income ( 16 )"",""elsetQuantityMicros"":5000000,""qbQuantityMicros"":5000000,""elsetUnitPriceMicros"":70000000,""qbUnitPriceMicros"":70000000,""elsetLineAmountCents"":35000,""qbLineAmountCents"":35000,""DESCRIPTION_DIFF"":false,""DESCRIPTION_FORMAT_ONLY"":false,""DESCRIPTION_CONTENT_DIFF"":false,""PRODUCT_SERVICE_DIFF"":true,""PRODUCT_SERVICE_COMPARISON_UNKNOWN"":false,""INCOME_ACCOUNT_DIFF"":true,""QTY_DIFF"":false,""UNIT_PRICE_DIFF"":false,""LINE_AMOUNT_DIFF"":false}]","{""id"":""38"",""candidates"":[""38""],""mapped"":false,""safe"":true,""state"":""MATCHED"",""reason"":""Existing mapping, exact marker or unique exact normalized customer identity.""}","CLEAR_CANONICAL_CANDIDATE","108","MATCHING_PAYMENT_STATE","","","","","[]","KEEP_HISTORICAL_ITEM_DESCRIPTION_FORMAT_AND_NUMBER_FORMAT"
"INV-0068","servicem8-job-91ffcff4-c448-4cc1-8282-2357d080387d:invoice","Min Guo","2025-12-11","400000","40000","440000","440000","0","","DIFFERENT_IN_QB","REVIEW_PAYMENT","CUSTOMER_OR_DATE_DIFF","false","true","true","false","true","false","false","false","false","false","false","false","false","false","false","true","false","false","false","false","false","false","true","109","68","Min Guo","39","2025-10-28","400000","40000","440000","0","440000","[""Payment""]","[{""type"":""Payment"",""id"":""114"",""via"":""payment allocation""}]","[{""id"":""114"",""date"":""2025-12-29"",""customerId"":""39"",""totalCents"":440000,""unappliedCents"":0,""allocations"":[{""amountCents"":440000,""links"":[{""TxnId"":""109"",""TxnType"":""Invoice""}]}],""metadata"":{""CreateTime"":""2026-01-04T15:06:14-08:00"",""LastUpdatedTime"":""2026-01-04T15:06:14-08:00""}}]","2025-12-10T21:55:38-08:00","2026-01-04T15:06:40-08:00","[]","[]","{""CUSTOMER_MATCH"":true,""DATE_MATCH"":false,""DOC_NUMBER_MATCH"":false,""LINE_COUNT_MATCH"":true,""PRODUCT_SERVICE_MATCH"":false,""DESCRIPTION_MATCH"":true,""QTY_MATCH"":true,""UNIT_PRICE_MATCH"":true,""LINE_AMOUNT_MATCH"":true,""SUBTOTAL_MATCH"":true,""GST_MATCH"":true,""TOTAL_MATCH"":true,""BALANCE_MATCH"":true,""PAYMENT_STATE_MATCH"":true}","[]","[{""position"":1,""qbPosition"":1,""lineAlignment"":""EXACT_CONTENT_BIJECTION"",""elsetLineId"":""servicem8-material-6d2725d4-b44e-4413-8c26-2357ddca022d"",""priceListItemId"":"""",""elsetDescription"":""Supply and install automation system."",""qbDescription"":""Supply and install automation system."",""expectedItem"":{""id"":""123"",""name"":""ELSET Services"",""incomeAccountId"":""9"",""status"":""FALLBACK"",""reason"":""Saved line has no priceListItemId; the new model uses the configured fallback."",""comparisonKnown"":true,""accountEligibility"":""NOT_REVALIDATED_ARCHIVE_HAS_NO_ACCOUNT_ENTITY""},""qbItemId"":""51"",""qbItemName"":""SUP-001"",""qbIncomeAccountId"":""16"",""qbIncomeAccountName"":""Billable Expense Income ( 16 )"",""elsetQuantityMicros"":1000000,""qbQuantityMicros"":1000000,""elsetUnitPriceMicros"":4000000000,""qbUnitPriceMicros"":4000000000,""elsetLineAmountCents"":400000,""qbLineAmountCents"":400000,""DESCRIPTION_DIFF"":false,""DESCRIPTION_FORMAT_ONLY"":false,""DESCRIPTION_CONTENT_DIFF"":false,""PRODUCT_SERVICE_DIFF"":true,""PRODUCT_SERVICE_COMPARISON_UNKNOWN"":false,""INCOME_ACCOUNT_DIFF"":true,""QTY_DIFF"":false,""UNIT_PRICE_DIFF"":false,""LINE_AMOUNT_DIFF"":false}]","{""id"":""39"",""candidates"":[""39""],""mapped"":false,""safe"":true,""state"":""MATCHED"",""reason"":""Existing mapping, exact marker or unique exact normalized customer identity.""}","REVIEW_REQUIRED","","MATCHING_PAYMENT_STATE","","","","","[]","REVIEW_ONLY"
"INV-0107","servicem8-job-4b828477-8a36-466c-a845-2399be083fdd:invoice","O.C Strata Mangement","2025-12-15","21000","2100","23100","23100","0","","DIFFERENT_IN_QB","REVIEW_CONFLICT","PAYMENT_ONLY_DIFF","false","false","true","false","true","false","false","false","false","false","false","false","true","true","false","true","false","false","false","true","false","false","true","142","107","O.C Strata Mangement","4","2025-12-15","21000","2100","23100","23100","0","[]","[]","[]","2026-02-12T21:02:43-08:00","2026-02-12T21:02:43-08:00","[]","[]","{""CUSTOMER_MATCH"":true,""DATE_MATCH"":true,""DOC_NUMBER_MATCH"":false,""LINE_COUNT_MATCH"":true,""PRODUCT_SERVICE_MATCH"":false,""DESCRIPTION_MATCH"":true,""QTY_MATCH"":true,""UNIT_PRICE_MATCH"":true,""LINE_AMOUNT_MATCH"":true,""SUBTOTAL_MATCH"":true,""GST_MATCH"":true,""TOTAL_MATCH"":true,""BALANCE_MATCH"":false,""PAYMENT_STATE_MATCH"":false}","[{""field"":""balance"",""elset"":0,""quickbooks"":23100,""unit"":""AUD cents""},{""field"":""paid_vs_inferred_paid"",""elset"":23100,""quickbooks"":0,""unit"":""AUD cents""}]","[{""position"":1,""qbPosition"":1,""lineAlignment"":""EXACT_CONTENT_BIJECTION"",""elsetLineId"":""servicem8-material-8539b7ab-6982-4b10-8e2b-2399bd5bd0cd"",""priceListItemId"":"""",""elsetDescription"":""Remote control"",""qbDescription"":""Remote control"",""expectedItem"":{""id"":""123"",""name"":""ELSET Services"",""incomeAccountId"":""9"",""status"":""FALLBACK"",""reason"":""Saved line has no priceListItemId; the new model uses the configured fallback."",""comparisonKnown"":true,""accountEligibility"":""NOT_REVALIDATED_ARCHIVE_HAS_NO_ACCOUNT_ENTITY""},""qbItemId"":""4"",""qbItemName"":""RC-001"",""qbIncomeAccountId"":""16"",""qbIncomeAccountName"":""Billable Expense Income ( 16 )"",""elsetQuantityMicros"":3000000,""qbQuantityMicros"":3000000,""elsetUnitPriceMicros"":70000000,""qbUnitPriceMicros"":70000000,""elsetLineAmountCents"":21000,""qbLineAmountCents"":21000,""DESCRIPTION_DIFF"":false,""DESCRIPTION_FORMAT_ONLY"":false,""DESCRIPTION_CONTENT_DIFF"":false,""PRODUCT_SERVICE_DIFF"":true,""PRODUCT_SERVICE_COMPARISON_UNKNOWN"":false,""INCOME_ACCOUNT_DIFF"":true,""QTY_DIFF"":false,""UNIT_PRICE_DIFF"":false,""LINE_AMOUNT_DIFF"":false}]","{""id"":""4"",""candidates"":[""4""],""mapped"":true,""safe"":true,""state"":""MATCHED"",""reason"":""Existing mapping, exact marker or unique exact normalized customer identity.""}","CLEAR_CANONICAL_CANDIDATE","142","ELSET_PAID_QB_UNPAID","","","","","[""PHASE_4""]","REVIEW_ONLY"
"INV-0104","servicem8-job-40208bfb-4e8f-42a0-bbbd-239356598eed:invoice","Sam","2025-12-16","200000","20000","220000","220000","0","","DIFFERENT_IN_QB","REVIEW_PAYMENT","COSMETIC_ONLY","false","false","true","false","true","false","false","false","false","false","false","false","false","false","false","true","false","false","false","true","false","false","true","122","104","Sam","40","2025-12-16","200000","20000","220000","0","220000","[""Payment""]","[{""type"":""Payment"",""id"":""136"",""via"":""payment allocation""}]","[{""id"":""136"",""date"":""2026-01-26"",""customerId"":""40"",""totalCents"":220000,""unappliedCents"":0,""allocations"":[{""amountCents"":220000,""links"":[{""TxnId"":""122"",""TxnType"":""Invoice""}]}],""metadata"":{""CreateTime"":""2026-02-12T21:01:27-08:00"",""LastUpdatedTime"":""2026-02-12T21:01:27-08:00""}}]","2026-01-10T15:34:08-08:00","2026-02-12T21:01:48-08:00","[]","[]","{""CUSTOMER_MATCH"":true,""DATE_MATCH"":true,""DOC_NUMBER_MATCH"":false,""LINE_COUNT_MATCH"":true,""PRODUCT_SERVICE_MATCH"":false,""DESCRIPTION_MATCH"":true,""QTY_MATCH"":true,""UNIT_PRICE_MATCH"":true,""LINE_AMOUNT_MATCH"":true,""SUBTOTAL_MATCH"":true,""GST_MATCH"":true,""TOTAL_MATCH"":true,""BALANCE_MATCH"":true,""PAYMENT_STATE_MATCH"":true}","[]","[{""position"":1,""qbPosition"":1,""lineAlignment"":""EXACT_CONTENT_BIJECTION"",""elsetLineId"":""servicem8-material-bbc66884-9753-442a-83ed-239354197a1d"",""priceListItemId"":"""",""elsetDescription"":""Battery back up system"",""qbDescription"":""Battery back up system"",""expectedItem"":{""id"":""123"",""name"":""ELSET Services"",""incomeAccountId"":""9"",""status"":""FALLBACK"",""reason"":""Saved line has no priceListItemId; the new model uses the configured fallback."",""comparisonKnown"":true,""accountEligibility"":""NOT_REVALIDATED_ARCHIVE_HAS_NO_ACCOUNT_ENTITY""},""qbItemId"":""54"",""qbItemName"":""BAT-001"",""qbIncomeAccountId"":""16"",""qbIncomeAccountName"":""Billable Expense Income ( 16 )"",""elsetQuantityMicros"":1000000,""qbQuantityMicros"":1000000,""elsetUnitPriceMicros"":1500000000,""qbUnitPriceMicros"":1500000000,""elsetLineAmountCents"":150000,""qbLineAmountCents"":150000,""DESCRIPTION_DIFF"":false,""DESCRIPTION_FORMAT_ONLY"":false,""DESCRIPTION_CONTENT_DIFF"":false,""PRODUCT_SERVICE_DIFF"":true,""PRODUCT_SERVICE_COMPARISON_UNKNOWN"":false,""INCOME_ACCOUNT_DIFF"":true,""QTY_DIFF"":false,""UNIT_PRICE_DIFF"":false,""LINE_AMOUNT_DIFF"":false},{""position"":2,""qbPosition"":2,""lineAlignment"":""EXACT_CONTENT_BIJECTION"",""elsetLineId"":""servicem8-material-c986d054-4b5e-48cd-88d2-239351ec7edd"",""priceListItemId"":"""",""elsetDescription"":""Remote control reciever"",""qbDescription"":""Remote control reciever"",""expectedItem"":{""id"":""123"",""name"":""ELSET Services"",""incomeAccountId"":""9"",""status"":""FALLBACK"",""reason"":""Saved line has no priceListItemId; the new model uses the configured fallback."",""comparisonKnown"":true,""accountEligibility"":""NOT_REVALIDATED_ARCHIVE_HAS_NO_ACCOUNT_ENTITY""},""qbItemId"":""55"",""qbItemName"":""REC-002"",""qbIncomeAccountId"":""16"",""qbIncomeAccountName"":""Billable Expense Income ( 16 )"",""elsetQuantityMicros"":1000000,""qbQuantityMicros"":1000000,""elsetUnitPriceMicros"":500000000,""qbUnitPriceMicros"":500000000,""elsetLineAmountCents"":50000,""qbLineAmountCents"":50000,""DESCRIPTION_DIFF"":false,""DESCRIPTION_FORMAT_ONLY"":false,""DESCRIPTION_CONTENT_DIFF"":false,""PRODUCT_SERVICE_DIFF"":true,""PRODUCT_SERVICE_COMPARISON_UNKNOWN"":false,""INCOME_ACCOUNT_DIFF"":true,""QTY_DIFF"":false,""UNIT_PRICE_DIFF"":false,""LINE_AMOUNT_DIFF"":false}]","{""id"":""40"",""candidates"":[""40""],""mapped"":false,""safe"":true,""state"":""MATCHED"",""reason"":""Existing mapping, exact marker or unique exact normalized customer identity.""}","CLEAR_CANONICAL_CANDIDATE","122","MATCHING_PAYMENT_STATE","","","","","[]","KEEP_HISTORICAL_ITEM_DESCRIPTION_FORMAT_AND_NUMBER_FORMAT"
"INV-0108","servicem8-job-bdef90b3-37e7-4056-932b-239b1be3becd:invoice","michael shabilla","2025-12-16","50000","5000","55000","55000","0","","DIFFERENT_IN_QB","REVIEW_PAYMENT","COSMETIC_ONLY","false","false","true","false","true","true","false","false","false","false","false","false","false","false","false","true","false","true","false","true","false","false","true","138","108","michael shabilla","24","2025-12-16","50000","5000","55000","0","55000","[""Payment""]","[{""type"":""Payment"",""id"":""140"",""via"":""payment allocation""}]","[{""id"":""140"",""date"":""2025-12-29"",""customerId"":""24"",""totalCents"":55000,""unappliedCents"":0,""allocations"":[{""amountCents"":55000,""links"":[{""TxnId"":""138"",""TxnType"":""Invoice""}]}],""metadata"":{""CreateTime"":""2026-02-12T21:01:45-08:00"",""LastUpdatedTime"":""2026-02-12T21:01:45-08:00""}}]","2026-02-12T21:01:35-08:00","2026-02-12T21:02:42-08:00","[]","[]","{""CUSTOMER_MATCH"":true,""DATE_MATCH"":true,""DOC_NUMBER_MATCH"":false,""LINE_COUNT_MATCH"":true,""PRODUCT_SERVICE_MATCH"":false,""DESCRIPTION_MATCH"":false,""QTY_MATCH"":true,""UNIT_PRICE_MATCH"":true,""LINE_AMOUNT_MATCH"":true,""SUBTOTAL_MATCH"":true,""GST_MATCH"":true,""TOTAL_MATCH"":true,""BALANCE_MATCH"":true,""PAYMENT_STATE_MATCH"":true}","[]","[{""position"":1,""qbPosition"":1,""lineAlignment"":""EXACT_CONTENT_BIJECTION"",""elsetLineId"":""servicem8-material-6bed9cb1-937a-4be2-8daa-239b10d67f2d"",""priceListItemId"":"""",""elsetDescription"":""Repairs on automatic sliding gate and supply install remote control reciever Incl battery"",""qbDescription"":""Repairs on automatic sliding gate and supply install remote control reciever \nIncl battery"",""expectedItem"":{""id"":""123"",""name"":""ELSET Services"",""incomeAccountId"":""9"",""status"":""FALLBACK"",""reason"":""Saved line has no priceListItemId; the new model uses the configured fallback."",""comparisonKnown"":true,""accountEligibility"":""NOT_REVALIDATED_ARCHIVE_HAS_NO_ACCOUNT_ENTITY""},""qbItemId"":""68"",""qbItemName"":""REP-SLI"",""qbIncomeAccountId"":""16"",""qbIncomeAccountName"":""Billable Expense Income ( 16 )"",""elsetQuantityMicros"":1000000,""qbQuantityMicros"":1000000,""elsetUnitPriceMicros"":500000000,""qbUnitPriceMicros"":500000000,""elsetLineAmountCents"":50000,""qbLineAmountCents"":50000,""DESCRIPTION_DIFF"":true,""DESCRIPTION_FORMAT_ONLY"":true,""DESCRIPTION_CONTENT_DIFF"":false,""PRODUCT_SERVICE_DIFF"":true,""PRODUCT_SERVICE_COMPARISON_UNKNOWN"":false,""INCOME_ACCOUNT_DIFF"":true,""QTY_DIFF"":false,""UNIT_PRICE_DIFF"":false,""LINE_AMOUNT_DIFF"":false}]","{""id"":""24"",""candidates"":[""24""],""mapped"":false,""safe"":true,""state"":""MATCHED"",""reason"":""Existing mapping, exact marker or unique exact normalized customer identity.""}","CLEAR_CANONICAL_CANDIDATE","138","MATCHING_PAYMENT_STATE","","","","","[]","KEEP_HISTORICAL_ITEM_DESCRIPTION_FORMAT_AND_NUMBER_FORMAT"
"INV-0116","servicem8-job-5b837f50-4a1e-45a6-bbec-23b1b89b351d:invoice","YOUR owners corporation","2026-01-08","52000","5200","57200","57200","0","","DIFFERENT_IN_QB","REVIEW_PAYMENT","COSMETIC_ONLY","false","false","true","false","true","false","false","false","false","false","false","false","false","false","false","true","false","false","false","true","false","false","true","120","116","YOUR owners corporation","6","2026-01-08","52000","5200","57200","0","57200","[""Payment""]","[{""type"":""Payment"",""id"":""191"",""via"":""payment allocation""}]","[{""id"":""191"",""date"":""2026-01-09"",""customerId"":""6"",""totalCents"":57200,""unappliedCents"":0,""allocations"":[{""amountCents"":57200,""links"":[{""TxnId"":""120"",""TxnType"":""Invoice""}]}],""metadata"":{""CreateTime"":""2026-03-23T20:38:17-07:00"",""LastUpdatedTime"":""2026-03-23T20:38:17-07:00""}}]","2026-01-07T14:59:40-08:00","2026-03-23T20:40:35-07:00","[]","[]","{""CUSTOMER_MATCH"":true,""DATE_MATCH"":true,""DOC_NUMBER_MATCH"":false,""LINE_COUNT_MATCH"":true,""PRODUCT_SERVICE_MATCH"":false,""DESCRIPTION_MATCH"":true,""QTY_MATCH"":true,""UNIT_PRICE_MATCH"":true,""LINE_AMOUNT_MATCH"":true,""SUBTOTAL_MATCH"":true,""GST_MATCH"":true,""TOTAL_MATCH"":true,""BALANCE_MATCH"":true,""PAYMENT_STATE_MATCH"":true}","[]","[{""position"":1,""qbPosition"":1,""lineAlignment"":""EXACT_CONTENT_BIJECTION"",""elsetLineId"":""servicem8-material-b29f4fbb-cbe3-4b77-bf4e-23b1b496221d"",""priceListItemId"":"""",""elsetDescription"":""Standard Call-out"",""qbDescription"":""Standard Call-out"",""expectedItem"":{""id"":""123"",""name"":""ELSET Services"",""incomeAccountId"":""9"",""status"":""FALLBACK"",""reason"":""Saved line has no priceListItemId; the new model uses the configured fallback."",""comparisonKnown"":true,""accountEligibility"":""NOT_REVALIDATED_ARCHIVE_HAS_NO_ACCOUNT_ENTITY""},""qbItemId"":""29"",""qbItemName"":""Standard CO PRIVATE"",""qbIncomeAccountId"":""16"",""qbIncomeAccountName"":""Billable Expense Income ( 16 )"",""elsetQuantityMicros"":1000000,""qbQuantityMicros"":1000000,""elsetUnitPriceMicros"":250000000,""qbUnitPriceMicros"":250000000,""elsetLineAmountCents"":25000,""qbLineAmountCents"":25000,""DESCRIPTION_DIFF"":false,""DESCRIPTION_FORMAT_ONLY"":false,""DESCRIPTION_CONTENT_DIFF"":false,""PRODUCT_SERVICE_DIFF"":true,""PRODUCT_SERVICE_COMPARISON_UNKNOWN"":false,""INCOME_ACCOUNT_DIFF"":true,""QTY_DIFF"":false,""UNIT_PRICE_DIFF"":false,""LINE_AMOUNT_DIFF"":false},{""position"":2,""qbPosition"":2,""lineAlignment"":""EXACT_CONTENT_BIJECTION"",""elsetLineId"":""servicem8-material-be4dc109-c0b6-4ea6-8245-23b1b7dca71d"",""priceListItemId"":"""",""elsetDescription"":""Wet board caused circuit breaker to switch off, cleaned board and turned on breaker"",""qbDescription"":""Wet board caused circuit breaker to switch off, cleaned board and turned on breaker"",""expectedItem"":{""id"":""123"",""name"":""ELSET Services"",""incomeAccountId"":""9"",""status"":""FALLBACK"",""reason"":""Saved line has no priceListItemId; the new model uses the configured fallback."",""comparisonKnown"":true,""accountEligibility"":""NOT_REVALIDATED_ARCHIVE_HAS_NO_ACCOUNT_ENTITY""},""qbItemId"":""52"",""qbItemName"":""009"",""qbIncomeAccountId"":""16"",""qbIncomeAccountName"":""Billable Expense Income ( 16 )"",""elsetQuantityMicros"":1000000,""qbQuantityMicros"":1000000,""elsetUnitPriceMicros"":120000000,""qbUnitPriceMicros"":120000000,""elsetLineAmountCents"":12000,""qbLineAmountCents"":12000,""DESCRIPTION_DIFF"":false,""DESCRIPTION_FORMAT_ONLY"":false,""DESCRIPTION_CONTENT_DIFF"":false,""PRODUCT_SERVICE_DIFF"":true,""PRODUCT_SERVICE_COMPARISON_UNKNOWN"":false,""INCOME_ACCOUNT_DIFF"":true,""QTY_DIFF"":false,""UNIT_PRICE_DIFF"":false,""LINE_AMOUNT_DIFF"":false},{""position"":3,""qbPosition"":3,""lineAlignment"":""EXACT_CONTENT_BIJECTION"",""elsetLineId"":""servicem8-material-fc5852e0-39ed-4424-80fb-23b1b1c32d1d"",""priceListItemId"":"""",""elsetDescription"":""Reposition gates on rail as both were off track. Service and test gate."",""qbDescription"":""Reposition gates on rail as both were off track. Service and test gate."",""expectedItem"":{""id"":""123"",""name"":""ELSET Services"",""incomeAccountId"":""9"",""status"":""FALLBACK"",""reason"":""Saved line has no priceListItemId; the new model uses the configured fallback."",""comparisonKnown"":true,""accountEligibility"":""NOT_REVALIDATED_ARCHIVE_HAS_NO_ACCOUNT_ENTITY""},""qbItemId"":""53"",""qbItemName"":""REPOSITION"",""qbIncomeAccountId"":""16"",""qbIncomeAccountName"":""Billable Expense Income ( 16 )"",""elsetQuantityMicros"":1000000,""qbQuantityMicros"":1000000,""elsetUnitPriceMicros"":150000000,""qbUnitPriceMicros"":150000000,""elsetLineAmountCents"":15000,""qbLineAmountCents"":15000,""DESCRIPTION_DIFF"":false,""DESCRIPTION_FORMAT_ONLY"":false,""DESCRIPTION_CONTENT_DIFF"":false,""PRODUCT_SERVICE_DIFF"":true,""PRODUCT_SERVICE_COMPARISON_UNKNOWN"":false,""INCOME_ACCOUNT_DIFF"":true,""QTY_DIFF"":false,""UNIT_PRICE_DIFF"":false,""LINE_AMOUNT_DIFF"":false}]","{""id"":""6"",""candidates"":[""6""],""mapped"":true,""safe"":true,""state"":""MATCHED"",""reason"":""Existing mapping, exact marker or unique exact normalized customer identity.""}","CLEAR_CANONICAL_CANDIDATE","120","MATCHING_PAYMENT_STATE","","","","","[]","KEEP_HISTORICAL_ITEM_DESCRIPTION_FORMAT_AND_NUMBER_FORMAT"
"INV-0118","servicem8-job-df6d686e-fb92-423d-ae86-23b41fc63d1d:invoice","YOUR owners corporation","2026-01-11","90000","9000","99000","99000","0","","DIFFERENT_IN_QB","REVIEW_PAYMENT","CONTENT_DIFF_NO_FINANCIAL_CHANGE","false","false","true","false","true","true","false","false","false","false","false","false","false","false","true","true","false","true","false","false","false","false","true","121","118","YOUR owners corporation","6","2026-01-11","90000","9000","99000","0","99000","[""Payment""]","[{""type"":""Payment"",""id"":""137"",""via"":""payment allocation""}]","[{""id"":""137"",""date"":""2026-02-05"",""customerId"":""6"",""totalCents"":99000,""unappliedCents"":0,""allocations"":[{""amountCents"":99000,""links"":[{""TxnId"":""121"",""TxnType"":""Invoice""}]}],""metadata"":{""CreateTime"":""2026-02-12T21:01:28-08:00"",""LastUpdatedTime"":""2026-02-12T21:01:28-08:00""}}]","2026-01-10T15:34:08-08:00","2026-02-12T21:01:47-08:00","[]","[]","{""CUSTOMER_MATCH"":true,""DATE_MATCH"":true,""DOC_NUMBER_MATCH"":false,""LINE_COUNT_MATCH"":true,""PRODUCT_SERVICE_MATCH"":false,""DESCRIPTION_MATCH"":false,""QTY_MATCH"":true,""UNIT_PRICE_MATCH"":true,""LINE_AMOUNT_MATCH"":true,""SUBTOTAL_MATCH"":true,""GST_MATCH"":true,""TOTAL_MATCH"":true,""BALANCE_MATCH"":true,""PAYMENT_STATE_MATCH"":true}","[]","[{""position"":1,""qbPosition"":2,""lineAlignment"":""EXACT_CONTENT_BIJECTION"",""elsetLineId"":""servicem8-material-2ffea4b7-2f85-408b-bb64-23b41b651dcd"",""priceListItemId"":"""",""elsetDescription"":""Replace 2 meters of Track and 3 meters of rack and service gates"",""qbDescription"":""Replace 2 meters of Track and 3 meters of rack and service gates"",""expectedItem"":{""id"":""123"",""name"":""ELSET Services"",""incomeAccountId"":""9"",""status"":""FALLBACK"",""reason"":""Saved line has no priceListItemId; the new model uses the configured fallback."",""comparisonKnown"":true,""accountEligibility"":""NOT_REVALIDATED_ARCHIVE_HAS_NO_ACCOUNT_ENTITY""},""qbItemId"":""56"",""qbItemName"":""TRACK"",""qbIncomeAccountId"":""16"",""qbIncomeAccountName"":""Billable Expense Income ( 16 )"",""elsetQuantityMicros"":1000000,""qbQuantityMicros"":1000000,""elsetUnitPriceMicros"":250000000,""qbUnitPriceMicros"":250000000,""elsetLineAmountCents"":25000,""qbLineAmountCents"":25000,""DESCRIPTION_DIFF"":false,""DESCRIPTION_FORMAT_ONLY"":false,""DESCRIPTION_CONTENT_DIFF"":false,""PRODUCT_SERVICE_DIFF"":true,""PRODUCT_SERVICE_COMPARISON_UNKNOWN"":false,""INCOME_ACCOUNT_DIFF"":true,""QTY_DIFF"":false,""UNIT_PRICE_DIFF"":false,""LINE_AMOUNT_DIFF"":false},{""position"":2,""qbPosition"":3,""lineAlignment"":""EXACT_CONTENT_BIJECTION"",""elsetLineId"":""servicem8-material-5fc88a85-e36f-4ad9-aec0-23b41b3c815d"",""priceListItemId"":"""",""elsetDescription"":""Supply and instalaltion of 24v weekly Timer"",""qbDescription"":""Supply and instalaltion of 24v  weekly Timer"",""expectedItem"":{""id"":""123"",""name"":""ELSET Services"",""incomeAccountId"":""9"",""status"":""FALLBACK"",""reason"":""Saved line has no priceListItemId; the new model uses the configured fallback."",""comparisonKnown"":true,""accountEligibility"":""NOT_REVALIDATED_ARCHIVE_HAS_NO_ACCOUNT_ENTITY""},""qbItemId"":""57"",""qbItemName"":""24v TIMER"",""qbIncomeAccountId"":""16"",""qbIncomeAccountName"":""Billable Expense Income ( 16 )"",""elsetQuantityMicros"":1000000,""qbQuantityMicros"":1000000,""elsetUnitPriceMicros"":400000000,""qbUnitPriceMicros"":400000000,""elsetLineAmountCents"":40000,""qbLineAmountCents"":40000,""DESCRIPTION_DIFF"":true,""DESCRIPTION_FORMAT_ONLY"":true,""DESCRIPTION_CONTENT_DIFF"":false,""PRODUCT_SERVICE_DIFF"":true,""PRODUCT_SERVICE_COMPARISON_UNKNOWN"":false,""INCOME_ACCOUNT_DIFF"":true,""QTY_DIFF"":false,""UNIT_PRICE_DIFF"":false,""LINE_AMOUNT_DIFF"":false},{""position"":3,""qbPosition"":1,""lineAlignment"":""EXACT_CONTENT_BIJECTION"",""elsetLineId"":""servicem8-material-c81da8d4-42a5-4eff-b597-23b410d5fe1d"",""priceListItemId"":"""",""elsetDescription"":""Call out ."",""qbDescription"":""Call out ."",""expectedItem"":{""id"":""123"",""name"":""ELSET Services"",""incomeAccountId"":""9"",""status"":""FALLBACK"",""reason"":""Saved line has no priceListItemId; the new model uses the configured fallback."",""comparisonKnown"":true,""accountEligibility"":""NOT_REVALIDATED_ARCHIVE_HAS_NO_ACCOUNT_ENTITY""},""qbItemId"":""8"",""qbItemName"":""SCO-001"",""qbIncomeAccountId"":""16"",""qbIncomeAccountName"":""Billable Expense Income ( 16 )"",""elsetQuantityMicros"":1000000,""qbQuantityMicros"":1000000,""elsetUnitPriceMicros"":250000000,""qbUnitPriceMicros"":250000000,""elsetLineAmountCents"":25000,""qbLineAmountCents"":25000,""DESCRIPTION_DIFF"":false,""DESCRIPTION_FORMAT_ONLY"":false,""DESCRIPTION_CONTENT_DIFF"":false,""PRODUCT_SERVICE_DIFF"":true,""PRODUCT_SERVICE_COMPARISON_UNKNOWN"":false,""INCOME_ACCOUNT_DIFF"":true,""QTY_DIFF"":false,""UNIT_PRICE_DIFF"":false,""LINE_AMOUNT_DIFF"":false}]","{""id"":""6"",""candidates"":[""6""],""mapped"":true,""safe"":true,""state"":""MATCHED"",""reason"":""Existing mapping, exact marker or unique exact normalized customer identity.""}","CLEAR_CANONICAL_CANDIDATE","121","MATCHING_PAYMENT_STATE","","","","","[]","KEEP_HISTORICAL_LINE_ORDER_AND_ITEMS"
"INV-0099","servicem8-job-0a4a3ec3-2860-4817-bb5e-238f0c21e9ed:invoice","Aliza Rixton","2026-01-19","56000","5600","61600","61600","0","","DIFFERENT_IN_QB","REVIEW_PAYMENT","COSMETIC_ONLY","false","false","true","false","true","false","false","false","false","false","false","false","false","false","false","true","false","false","false","true","false","false","true","139","99","Aliza Rixton","46","2026-01-19","56000","5600","61600","0","61600","[""Payment""]","[{""type"":""Payment"",""id"":""141"",""via"":""payment allocation""}]","[{""id"":""141"",""date"":""2026-01-23"",""customerId"":""46"",""totalCents"":61600,""unappliedCents"":0,""allocations"":[{""amountCents"":61600,""links"":[{""TxnId"":""139"",""TxnType"":""Invoice""}]}],""metadata"":{""CreateTime"":""2026-02-12T21:02:35-08:00"",""LastUpdatedTime"":""2026-02-12T21:02:35-08:00""}}]","2026-02-12T21:01:36-08:00","2026-02-12T21:02:53-08:00","[]","[]","{""CUSTOMER_MATCH"":true,""DATE_MATCH"":true,""DOC_NUMBER_MATCH"":false,""LINE_COUNT_MATCH"":true,""PRODUCT_SERVICE_MATCH"":false,""DESCRIPTION_MATCH"":true,""QTY_MATCH"":true,""UNIT_PRICE_MATCH"":true,""LINE_AMOUNT_MATCH"":true,""SUBTOTAL_MATCH"":true,""GST_MATCH"":true,""TOTAL_MATCH"":true,""BALANCE_MATCH"":true,""PAYMENT_STATE_MATCH"":true}","[]","[{""position"":1,""qbPosition"":1,""lineAlignment"":""EXACT_CONTENT_BIJECTION"",""elsetLineId"":""servicem8-material-be498c13-7bcc-4ffc-a3f8-23bc67a6231d"",""priceListItemId"":"""",""elsetDescription"":""Replaced driving arm on right hand side- gate operation"",""qbDescription"":""Replaced driving arm on right hand side- gate operation"",""expectedItem"":{""id"":""123"",""name"":""ELSET Services"",""incomeAccountId"":""9"",""status"":""FALLBACK"",""reason"":""Saved line has no priceListItemId; the new model uses the configured fallback."",""comparisonKnown"":true,""accountEligibility"":""NOT_REVALIDATED_ARCHIVE_HAS_NO_ACCOUNT_ENTITY""},""qbItemId"":""69"",""qbItemName"":""Replaced"",""qbIncomeAccountId"":""16"",""qbIncomeAccountName"":""Billable Expense Income ( 16 )"",""elsetQuantityMicros"":1000000,""qbQuantityMicros"":1000000,""elsetUnitPriceMicros"":560000000,""qbUnitPriceMicros"":560000000,""elsetLineAmountCents"":56000,""qbLineAmountCents"":56000,""DESCRIPTION_DIFF"":false,""DESCRIPTION_FORMAT_ONLY"":false,""DESCRIPTION_CONTENT_DIFF"":false,""PRODUCT_SERVICE_DIFF"":true,""PRODUCT_SERVICE_COMPARISON_UNKNOWN"":false,""INCOME_ACCOUNT_DIFF"":true,""QTY_DIFF"":false,""UNIT_PRICE_DIFF"":false,""LINE_AMOUNT_DIFF"":false}]","{""id"":""46"",""candidates"":[""46""],""mapped"":false,""safe"":true,""state"":""MATCHED"",""reason"":""Existing mapping, exact marker or unique exact normalized customer identity.""}","CLEAR_CANONICAL_CANDIDATE","139","MATCHING_PAYMENT_STATE","","","","","[]","KEEP_HISTORICAL_ITEM_DESCRIPTION_FORMAT_AND_NUMBER_FORMAT"
"INV-0124","servicem8-job-5e642bef-1d87-44b3-9fdd-23bc6552b65d:invoice","CALABRIA CLUB","2026-01-23","482250","48225","530475","530475","0","","DIFFERENT_IN_QB","REVIEW_PAYMENT","CONTENT_DIFF_NO_FINANCIAL_CHANGE","false","false","true","false","true","true","false","false","false","false","false","false","false","false","true","true","false","true","false","false","false","false","true","132","124","CALABRIA CLUB","45","2026-01-23","482250","48225","530475","0","530475","[""Payment""]","[{""type"":""Payment"",""id"":""133"",""via"":""payment allocation""}]","[{""id"":""133"",""date"":""2026-01-29"",""customerId"":""45"",""totalCents"":530475,""unappliedCents"":0,""allocations"":[{""amountCents"":530475,""links"":[{""TxnId"":""132"",""TxnType"":""Invoice""}]}],""metadata"":{""CreateTime"":""2026-02-02T14:08:19-08:00"",""LastUpdatedTime"":""2026-02-02T14:08:19-08:00""}}]","2026-02-02T14:08:15-08:00","2026-02-02T14:24:17-08:00","[]","[]","{""CUSTOMER_MATCH"":true,""DATE_MATCH"":true,""DOC_NUMBER_MATCH"":false,""LINE_COUNT_MATCH"":true,""PRODUCT_SERVICE_MATCH"":false,""DESCRIPTION_MATCH"":false,""QTY_MATCH"":true,""UNIT_PRICE_MATCH"":true,""LINE_AMOUNT_MATCH"":true,""SUBTOTAL_MATCH"":true,""GST_MATCH"":true,""TOTAL_MATCH"":true,""BALANCE_MATCH"":true,""PAYMENT_STATE_MATCH"":true}","[]","[{""position"":1,""qbPosition"":4,""lineAlignment"":""EXACT_CONTENT_BIJECTION"",""elsetLineId"":""servicem8-material-3d44d3ae-a942-4b5f-b597-23bc63c5467d"",""priceListItemId"":"""",""elsetDescription"":""Installation of airconditing unit and wiring of circuits, isolation points and RCBO circuit protection to switchboard. Testing and comissiong of proposed works Issue of Certificate of electrical safety"",""qbDescription"":""Installation of airconditing unit and wiring of circuits, isolation points and RCBO circuit protection to switchboard.\n\nTesting and comissiong of proposed works\n\nIssue of Certificate of electrical safety"",""expectedItem"":{""id"":""123"",""name"":""ELSET Services"",""incomeAccountId"":""9"",""status"":""FALLBACK"",""reason"":""Saved line has no priceListItemId; the new model uses the configured fallback."",""comparisonKnown"":true,""accountEligibility"":""NOT_REVALIDATED_ARCHIVE_HAS_NO_ACCOUNT_ENTITY""},""qbItemId"":""66"",""qbItemName"":""INSTALLATION- E"",""qbIncomeAccountId"":""16"",""qbIncomeAccountName"":""Billable Expense Income ( 16 )"",""elsetQuantityMicros"":1000000,""qbQuantityMicros"":1000000,""elsetUnitPriceMicros"":1222500000,""qbUnitPriceMicros"":1222500000,""elsetLineAmountCents"":122250,""qbLineAmountCents"":122250,""DESCRIPTION_DIFF"":true,""DESCRIPTION_FORMAT_ONLY"":true,""DESCRIPTION_CONTENT_DIFF"":false,""PRODUCT_SERVICE_DIFF"":true,""PRODUCT_SERVICE_COMPARISON_UNKNOWN"":false,""INCOME_ACCOUNT_DIFF"":true,""QTY_DIFF"":false,""UNIT_PRICE_DIFF"":false,""LINE_AMOUNT_DIFF"":false},{""position"":2,""qbPosition"":2,""lineAlignment"":""EXACT_CONTENT_BIJECTION"",""elsetLineId"":""servicem8-material-ae3ad5c8-e381-4069-9559-23bc635b7eed"",""priceListItemId"":"""",""elsetDescription"":""Dedicated electrical circuit (20AMP) to serve the new air conditioning system"",""qbDescription"":""Dedicated electrical circuit (20AMP) to serve the new air conditioning\nsystem"",""expectedItem"":{""id"":""123"",""name"":""ELSET Services"",""incomeAccountId"":""9"",""status"":""FALLBACK"",""reason"":""Saved line has no priceListItemId; the new model uses the configured fallback."",""comparisonKnown"":true,""accountEligibility"":""NOT_REVALIDATED_ARCHIVE_HAS_NO_ACCOUNT_ENTITY""},""qbItemId"":""64"",""qbItemName"":""CIRCUIT"",""qbIncomeAccountId"":""16"",""qbIncomeAccountName"":""Billable Expense Income ( 16 )"",""elsetQuantityMicros"":1000000,""qbQuantityMicros"":1000000,""elsetUnitPriceMicros"":600000000,""qbUnitPriceMicros"":600000000,""elsetLineAmountCents"":60000,""qbLineAmountCents"":60000,""DESCRIPTION_DIFF"":true,""DESCRIPTION_FORMAT_ONLY"":true,""DESCRIPTION_CONTENT_DIFF"":false,""PRODUCT_SERVICE_DIFF"":true,""PRODUCT_SERVICE_COMPARISON_UNKNOWN"":false,""INCOME_ACCOUNT_DIFF"":true,""QTY_DIFF"":false,""UNIT_PRICE_DIFF"":false,""LINE_AMOUNT_DIFF"":false},{""position"":3,""qbPosition"":3,""lineAlignment"":""EXACT_CONTENT_BIJECTION"",""elsetLineId"":""servicem8-material-d7592138-3a08-4602-b3cd-23bc6831bd2d"",""priceListItemId"":"""",""elsetDescription"":""Supply and installation of an external weatherproof isolator switch for the air conditioning unit x4"",""qbDescription"":""Supply and installation of an external weatherproof isolator switch for the air\nconditioning unit x4"",""expectedItem"":{""id"":""123"",""name"":""ELSET Services"",""incomeAccountId"":""9"",""status"":""FALLBACK"",""reason"":""Saved line has no priceListItemId; the new model uses the configured fallback."",""comparisonKnown"":true,""accountEligibility"":""NOT_REVALIDATED_ARCHIVE_HAS_NO_ACCOUNT_ENTITY""},""qbItemId"":""65"",""qbItemName"":""ISOLATOR"",""qbIncomeAccountId"":""16"",""qbIncomeAccountName"":""Billable Expense Income ( 16 )"",""elsetQuantityMicros"":1000000,""qbQuantityMicros"":1000000,""elsetUnitPriceMicros"":600000000,""qbUnitPriceMicros"":600000000,""elsetLineAmountCents"":60000,""qbLineAmountCents"":60000,""DESCRIPTION_DIFF"":true,""DESCRIPTION_FORMAT_ONLY"":true,""DESCRIPTION_CONTENT_DIFF"":false,""PRODUCT_SERVICE_DIFF"":true,""PRODUCT_SERVICE_COMPARISON_UNKNOWN"":false,""INCOME_ACCOUNT_DIFF"":true,""QTY_DIFF"":false,""UNIT_PRICE_DIFF"":false,""LINE_AMOUNT_DIFF"":false},{""position"":4,""qbPosition"":1,""lineAlignment"":""EXACT_CONTENT_BIJECTION"",""elsetLineId"":""servicem8-material-e42f5c20-c3d4-422e-9c53-23bc67a90fdd"",""priceListItemId"":"""",""elsetDescription"":""7.1kW Mitsubishi Heavy Industries split system air conditioning unit"",""qbDescription"":""7.1kW Mitsubishi Heavy Industries split system air\nconditioning unit"",""expectedItem"":{""id"":""123"",""name"":""ELSET Services"",""incomeAccountId"":""9"",""status"":""FALLBACK"",""reason"":""Saved line has no priceListItemId; the new model uses the configured fallback."",""comparisonKnown"":true,""accountEligibility"":""NOT_REVALIDATED_ARCHIVE_HAS_NO_ACCOUNT_ENTITY""},""qbItemId"":""63"",""qbItemName"":""AIRCON"",""qbIncomeAccountId"":""16"",""qbIncomeAccountName"":""Billable Expense Income ( 16 )"",""elsetQuantityMicros"":1000000,""qbQuantityMicros"":1000000,""elsetUnitPriceMicros"":2400000000,""qbUnitPriceMicros"":2400000000,""elsetLineAmountCents"":240000,""qbLineAmountCents"":240000,""DESCRIPTION_DIFF"":true,""DESCRIPTION_FORMAT_ONLY"":true,""DESCRIPTION_CONTENT_DIFF"":false,""PRODUCT_SERVICE_DIFF"":true,""PRODUCT_SERVICE_COMPARISON_UNKNOWN"":false,""INCOME_ACCOUNT_DIFF"":true,""QTY_DIFF"":false,""UNIT_PRICE_DIFF"":false,""LINE_AMOUNT_DIFF"":false}]","{""id"":""45"",""candidates"":[""45""],""mapped"":false,""safe"":true,""state"":""MATCHED"",""reason"":""Existing mapping, exact marker or unique exact normalized customer identity.""}","CLEAR_CANONICAL_CANDIDATE","132","MATCHING_PAYMENT_STATE","","","","","[]","KEEP_HISTORICAL_LINE_ORDER_AND_ITEMS"
"INV-0130","servicem8-job-2c7fb69f-57ea-4309-8134-23c6f817cf0d:invoice","OCPS 514657D C/- MICM","2026-01-29","34000","3400","37400","37400","0","","DIFFERENT_IN_QB","REVIEW_PAYMENT","CONTENT_DIFF_NO_FINANCIAL_CHANGE","false","false","true","false","true","false","false","false","false","false","false","false","false","false","true","true","false","false","false","false","false","false","true","130","130","OCPS 514657D  C/- MICM","9","2026-01-29","34000","3400","37400","0","37400","[""Payment""]","[{""type"":""Payment"",""id"":""25"",""via"":""payment allocation""}]","[{""id"":""25"",""date"":""2025-10-03"",""customerId"":""9"",""totalCents"":154000,""unappliedCents"":0,""allocations"":[{""amountCents"":37400,""links"":[{""TxnId"":""130"",""TxnType"":""Invoice""}]}],""metadata"":{""CreateTime"":""2025-10-07T16:30:33-07:00"",""LastUpdatedTime"":""2026-07-21T18:51:29-07:00""}}]","2026-01-28T14:01:24-08:00","2026-01-28T14:01:25-08:00","[]","[]","{""CUSTOMER_MATCH"":true,""DATE_MATCH"":true,""DOC_NUMBER_MATCH"":false,""LINE_COUNT_MATCH"":true,""PRODUCT_SERVICE_MATCH"":false,""DESCRIPTION_MATCH"":true,""QTY_MATCH"":true,""UNIT_PRICE_MATCH"":true,""LINE_AMOUNT_MATCH"":true,""SUBTOTAL_MATCH"":true,""GST_MATCH"":true,""TOTAL_MATCH"":true,""BALANCE_MATCH"":true,""PAYMENT_STATE_MATCH"":true}","[]","[{""position"":1,""qbPosition"":2,""lineAlignment"":""EXACT_CONTENT_BIJECTION"",""elsetLineId"":""servicem8-material-38aba72e-4c3b-4372-8b08-23c6fac2424d"",""priceListItemId"":"""",""elsetDescription"":""Service on gate 2"",""qbDescription"":""Service on gate 2"",""expectedItem"":{""id"":""123"",""name"":""ELSET Services"",""incomeAccountId"":""9"",""status"":""FALLBACK"",""reason"":""Saved line has no priceListItemId; the new model uses the configured fallback."",""comparisonKnown"":true,""accountEligibility"":""NOT_REVALIDATED_ARCHIVE_HAS_NO_ACCOUNT_ENTITY""},""qbItemId"":""62"",""qbItemName"":""SCO- GATE 2"",""qbIncomeAccountId"":""16"",""qbIncomeAccountName"":""Billable Expense Income ( 16 )"",""elsetQuantityMicros"":1000000,""qbQuantityMicros"":1000000,""elsetUnitPriceMicros"":90000000,""qbUnitPriceMicros"":90000000,""elsetLineAmountCents"":9000,""qbLineAmountCents"":9000,""DESCRIPTION_DIFF"":false,""DESCRIPTION_FORMAT_ONLY"":false,""DESCRIPTION_CONTENT_DIFF"":false,""PRODUCT_SERVICE_DIFF"":true,""PRODUCT_SERVICE_COMPARISON_UNKNOWN"":false,""INCOME_ACCOUNT_DIFF"":true,""QTY_DIFF"":false,""UNIT_PRICE_DIFF"":false,""LINE_AMOUNT_DIFF"":false},{""position"":2,""qbPosition"":1,""lineAlignment"":""EXACT_CONTENT_BIJECTION"",""elsetLineId"":""servicem8-material-d529f8d0-e332-403d-8197-23c6fb4c4f8d"",""priceListItemId"":"""",""elsetDescription"":""Service Call out first gate"",""qbDescription"":""Service Call out first gate"",""expectedItem"":{""id"":""123"",""name"":""ELSET Services"",""incomeAccountId"":""9"",""status"":""FALLBACK"",""reason"":""Saved line has no priceListItemId; the new model uses the configured fallback."",""comparisonKnown"":true,""accountEligibility"":""NOT_REVALIDATED_ARCHIVE_HAS_NO_ACCOUNT_ENTITY""},""qbItemId"":""8"",""qbItemName"":""SCO-001"",""qbIncomeAccountId"":""16"",""qbIncomeAccountName"":""Billable Expense Income ( 16 )"",""elsetQuantityMicros"":1000000,""qbQuantityMicros"":1000000,""elsetUnitPriceMicros"":250000000,""qbUnitPriceMicros"":250000000,""elsetLineAmountCents"":25000,""qbLineAmountCents"":25000,""DESCRIPTION_DIFF"":false,""DESCRIPTION_FORMAT_ONLY"":false,""DESCRIPTION_CONTENT_DIFF"":false,""PRODUCT_SERVICE_DIFF"":true,""PRODUCT_SERVICE_COMPARISON_UNKNOWN"":false,""INCOME_ACCOUNT_DIFF"":true,""QTY_DIFF"":false,""UNIT_PRICE_DIFF"":false,""LINE_AMOUNT_DIFF"":false}]","{""id"":""9"",""candidates"":[""9""],""mapped"":false,""safe"":true,""state"":""MATCHED"",""reason"":""Existing mapping, exact marker or unique exact normalized customer identity.""}","CLEAR_CANONICAL_CANDIDATE","130","MATCHING_PAYMENT_STATE","","","","","[]","KEEP_HISTORICAL_LINE_ORDER_AND_ITEMS"
"INV-0122","servicem8-job-fc8808b0-07cb-48f3-adab-23b7f077a4bd:invoice","Mcinnes and co group","2026-01-30","400000","40000","440000","440000","0","","DIFFERENT_IN_QB","REVIEW_PAYMENT","CUSTOMER_OR_DATE_DIFF","false","true","true","false","true","false","false","false","false","false","false","false","false","false","false","true","false","false","false","false","false","false","true","144","122","Mcinnes and co group","48","2026-01-19","400000","40000","440000","0","440000","[""Payment""]","[{""type"":""Payment"",""id"":""155"",""via"":""payment allocation""},{""type"":""Payment"",""id"":""145"",""via"":""payment allocation""}]","[{""id"":""155"",""date"":""2026-02-28"",""customerId"":""48"",""totalCents"":220000,""unappliedCents"":0,""allocations"":[{""amountCents"":220000,""links"":[{""TxnId"":""144"",""TxnType"":""Invoice""}]}],""metadata"":{""CreateTime"":""2026-03-01T14:12:01-08:00"",""LastUpdatedTime"":""2026-03-01T14:12:01-08:00""}},{""id"":""145"",""date"":""2026-01-20"",""customerId"":""48"",""totalCents"":220000,""unappliedCents"":0,""allocations"":[{""amountCents"":220000,""links"":[{""TxnId"":""144"",""TxnType"":""Invoice""}]}],""metadata"":{""CreateTime"":""2026-02-12T21:21:32-08:00"",""LastUpdatedTime"":""2026-02-12T21:21:32-08:00""}}]","2026-02-12T21:02:44-08:00","2026-03-01T14:12:25-08:00","[]","[]","{""CUSTOMER_MATCH"":true,""DATE_MATCH"":false,""DOC_NUMBER_MATCH"":false,""LINE_COUNT_MATCH"":true,""PRODUCT_SERVICE_MATCH"":false,""DESCRIPTION_MATCH"":true,""QTY_MATCH"":true,""UNIT_PRICE_MATCH"":true,""LINE_AMOUNT_MATCH"":true,""SUBTOTAL_MATCH"":true,""GST_MATCH"":true,""TOTAL_MATCH"":true,""BALANCE_MATCH"":true,""PAYMENT_STATE_MATCH"":true}","[]","[{""position"":1,""qbPosition"":1,""lineAlignment"":""EXACT_CONTENT_BIJECTION"",""elsetLineId"":""servicem8-material-83e39cc2-407e-4511-827b-23b7f4766ebd"",""priceListItemId"":"""",""elsetDescription"":""Supply and installation of Automation system for double swing gate. 24v DEA LIVI 502 incl. 8 handsets . Low voltage power run from gate to side power point."",""qbDescription"":""Supply and installation of Automation system for double swing gate. 24v DEA LIVI 502 incl. 8 handsets . Low voltage power run from gate to side power point."",""expectedItem"":{""id"":""123"",""name"":""ELSET Services"",""incomeAccountId"":""9"",""status"":""FALLBACK"",""reason"":""Saved line has no priceListItemId; the new model uses the configured fallback."",""comparisonKnown"":true,""accountEligibility"":""NOT_REVALIDATED_ARCHIVE_HAS_NO_ACCOUNT_ENTITY""},""qbItemId"":""73"",""qbItemName"":""DEA LIVI"",""qbIncomeAccountId"":""16"",""qbIncomeAccountName"":""Billable Expense Income ( 16 )"",""elsetQuantityMicros"":1000000,""qbQuantityMicros"":1000000,""elsetUnitPriceMicros"":4000000000,""qbUnitPriceMicros"":4000000000,""elsetLineAmountCents"":400000,""qbLineAmountCents"":400000,""DESCRIPTION_DIFF"":false,""DESCRIPTION_FORMAT_ONLY"":false,""DESCRIPTION_CONTENT_DIFF"":false,""PRODUCT_SERVICE_DIFF"":true,""PRODUCT_SERVICE_COMPARISON_UNKNOWN"":false,""INCOME_ACCOUNT_DIFF"":true,""QTY_DIFF"":false,""UNIT_PRICE_DIFF"":false,""LINE_AMOUNT_DIFF"":false}]","{""id"":""48"",""candidates"":[""48""],""mapped"":false,""safe"":true,""state"":""MATCHED"",""reason"":""Existing mapping, exact marker or unique exact normalized customer identity.""}","REVIEW_REQUIRED","","MATCHING_PAYMENT_STATE","","","","","[]","REVIEW_ONLY"
"INV-0132","servicem8-job-b2e37d57-a198-4d40-935b-23cde5bdc67d:invoice","MBCM ST KILDA","2026-02-05","80200","8020","88220","88220","0","","DIFFERENT_IN_QB","REVIEW_PAYMENT","COSMETIC_ONLY","false","false","true","false","true","false","false","false","false","false","false","false","false","false","false","true","false","false","false","true","false","false","true","134","132","MBCM ST KILDA","15","2026-02-05","80200","8020","88220","0","88220","[""Payment""]","[{""type"":""Payment"",""id"":""135"",""via"":""payment allocation""}]","[{""id"":""135"",""date"":""2026-02-12"",""customerId"":""15"",""totalCents"":88220,""unappliedCents"":0,""allocations"":[{""amountCents"":88220,""links"":[{""TxnId"":""134"",""TxnType"":""Invoice""}]}],""metadata"":{""CreateTime"":""2026-02-11T14:45:50-08:00"",""LastUpdatedTime"":""2026-02-11T14:45:50-08:00""}}]","2026-02-04T14:25:08-08:00","2026-02-11T14:45:56-08:00","[]","[]","{""CUSTOMER_MATCH"":true,""DATE_MATCH"":true,""DOC_NUMBER_MATCH"":false,""LINE_COUNT_MATCH"":true,""PRODUCT_SERVICE_MATCH"":false,""DESCRIPTION_MATCH"":true,""QTY_MATCH"":true,""UNIT_PRICE_MATCH"":true,""LINE_AMOUNT_MATCH"":true,""SUBTOTAL_MATCH"":true,""GST_MATCH"":true,""TOTAL_MATCH"":true,""BALANCE_MATCH"":true,""PAYMENT_STATE_MATCH"":true}","[]","[{""position"":1,""qbPosition"":1,""lineAlignment"":""EXACT_CONTENT_BIJECTION"",""elsetLineId"":""servicem8-material-87dab91a-20cc-4c03-8a0f-23cde90c817d"",""priceListItemId"":"""",""elsetDescription"":""Service Call out ."",""qbDescription"":""Service Call out ."",""expectedItem"":{""id"":""123"",""name"":""ELSET Services"",""incomeAccountId"":""9"",""status"":""FALLBACK"",""reason"":""Saved line has no priceListItemId; the new model uses the configured fallback."",""comparisonKnown"":true,""accountEligibility"":""NOT_REVALIDATED_ARCHIVE_HAS_NO_ACCOUNT_ENTITY""},""qbItemId"":""8"",""qbItemName"":""SCO-001"",""qbIncomeAccountId"":""16"",""qbIncomeAccountName"":""Billable Expense Income ( 16 )"",""elsetQuantityMicros"":1000000,""qbQuantityMicros"":1000000,""elsetUnitPriceMicros"":250000000,""qbUnitPriceMicros"":250000000,""elsetLineAmountCents"":25000,""qbLineAmountCents"":25000,""DESCRIPTION_DIFF"":false,""DESCRIPTION_FORMAT_ONLY"":false,""DESCRIPTION_CONTENT_DIFF"":false,""PRODUCT_SERVICE_DIFF"":true,""PRODUCT_SERVICE_COMPARISON_UNKNOWN"":false,""INCOME_ACCOUNT_DIFF"":true,""QTY_DIFF"":false,""UNIT_PRICE_DIFF"":false,""LINE_AMOUNT_DIFF"":false},{""position"":2,""qbPosition"":2,""lineAlignment"":""EXACT_CONTENT_BIJECTION"",""elsetLineId"":""servicem8-material-e21cb995-de63-4d18-a50a-23cde3f16d6d"",""priceListItemId"":"""",""elsetDescription"":""Supply and install new safety photo cell"",""qbDescription"":""Supply and install new safety photo cell"",""expectedItem"":{""id"":""123"",""name"":""ELSET Services"",""incomeAccountId"":""9"",""status"":""FALLBACK"",""reason"":""Saved line has no priceListItemId; the new model uses the configured fallback."",""comparisonKnown"":true,""accountEligibility"":""NOT_REVALIDATED_ARCHIVE_HAS_NO_ACCOUNT_ENTITY""},""qbItemId"":""67"",""qbItemName"":""PHOTO-C"",""qbIncomeAccountId"":""16"",""qbIncomeAccountName"":""Billable Expense Income ( 16 )"",""elsetQuantityMicros"":1000000,""qbQuantityMicros"":1000000,""elsetUnitPriceMicros"":552000000,""qbUnitPriceMicros"":552000000,""elsetLineAmountCents"":55200,""qbLineAmountCents"":55200,""DESCRIPTION_DIFF"":false,""DESCRIPTION_FORMAT_ONLY"":false,""DESCRIPTION_CONTENT_DIFF"":false,""PRODUCT_SERVICE_DIFF"":true,""PRODUCT_SERVICE_COMPARISON_UNKNOWN"":false,""INCOME_ACCOUNT_DIFF"":true,""QTY_DIFF"":false,""UNIT_PRICE_DIFF"":false,""LINE_AMOUNT_DIFF"":false}]","{""id"":""15"",""candidates"":[""15""],""mapped"":false,""safe"":true,""state"":""MATCHED"",""reason"":""Existing mapping, exact marker or unique exact normalized customer identity.""}","CLEAR_CANONICAL_CANDIDATE","134","MATCHING_PAYMENT_STATE","","","","","[]","KEEP_HISTORICAL_ITEM_DESCRIPTION_FORMAT_AND_NUMBER_FORMAT"
"INV-0136","servicem8-job-772d62a6-0094-4b04-8b31-23d9bfd7de9d:invoice","Miller Autralia","2026-02-17","30000","3000","33000","33000","0","","DIFFERENT_IN_QB","REVIEW_PAYMENT","COSMETIC_ONLY","false","false","true","false","true","true","false","false","false","false","false","false","false","false","false","true","false","true","false","true","false","false","true","293","136","Miller Autralia","33","2026-02-17","30000","3000","33000","0","33000","[""Payment""]","[{""type"":""Payment"",""id"":""297"",""via"":""payment allocation""}]","[{""id"":""297"",""date"":""2026-03-04"",""customerId"":""33"",""totalCents"":33000,""unappliedCents"":0,""allocations"":[{""amountCents"":33000,""links"":[{""TxnId"":""293"",""TxnType"":""Invoice""}]}],""metadata"":{""CreateTime"":""2026-08-11T16:28:54-07:00"",""LastUpdatedTime"":""2026-08-11T16:28:54-07:00""}}]","2026-08-11T16:28:22-07:00","2026-08-11T16:48:47-07:00","[]","[]","{""CUSTOMER_MATCH"":true,""DATE_MATCH"":true,""DOC_NUMBER_MATCH"":false,""LINE_COUNT_MATCH"":true,""PRODUCT_SERVICE_MATCH"":false,""DESCRIPTION_MATCH"":false,""QTY_MATCH"":true,""UNIT_PRICE_MATCH"":true,""LINE_AMOUNT_MATCH"":true,""SUBTOTAL_MATCH"":true,""GST_MATCH"":true,""TOTAL_MATCH"":true,""BALANCE_MATCH"":true,""PAYMENT_STATE_MATCH"":true}","[]","[{""position"":1,""qbPosition"":1,""lineAlignment"":""EXACT_CONTENT_BIJECTION"",""elsetLineId"":""servicem8-material-beb0019d-ad16-474e-88a7-23d9ba3361bd"",""priceListItemId"":"""",""elsetDescription"":""Service Call out and repairs on automatic sliding gate ( re align rack)"",""qbDescription"":""Service Call out  and repairs on automatic sliding gate ( re align rack)"",""expectedItem"":{""id"":""123"",""name"":""ELSET Services"",""incomeAccountId"":""9"",""status"":""FALLBACK"",""reason"":""Saved line has no priceListItemId; the new model uses the configured fallback."",""comparisonKnown"":true,""accountEligibility"":""NOT_REVALIDATED_ARCHIVE_HAS_NO_ACCOUNT_ENTITY""},""qbItemId"":""8"",""qbItemName"":""SCO-001"",""qbIncomeAccountId"":""16"",""qbIncomeAccountName"":""Billable Expense Income ( 16 )"",""elsetQuantityMicros"":1000000,""qbQuantityMicros"":1000000,""elsetUnitPriceMicros"":300000000,""qbUnitPriceMicros"":300000000,""elsetLineAmountCents"":30000,""qbLineAmountCents"":30000,""DESCRIPTION_DIFF"":true,""DESCRIPTION_FORMAT_ONLY"":true,""DESCRIPTION_CONTENT_DIFF"":false,""PRODUCT_SERVICE_DIFF"":true,""PRODUCT_SERVICE_COMPARISON_UNKNOWN"":false,""INCOME_ACCOUNT_DIFF"":true,""QTY_DIFF"":false,""UNIT_PRICE_DIFF"":false,""LINE_AMOUNT_DIFF"":false}]","{""id"":""33"",""candidates"":[""33""],""mapped"":false,""safe"":true,""state"":""MATCHED"",""reason"":""Existing mapping, exact marker or unique exact normalized customer identity.""}","CLEAR_CANONICAL_CANDIDATE","293","MATCHING_PAYMENT_STATE","","","","","[]","KEEP_HISTORICAL_ITEM_DESCRIPTION_FORMAT_AND_NUMBER_FORMAT"
"INV-0137","servicem8-job-3909c52b-bc86-4cde-bfc3-23da297a0bdd:invoice","FREIGHT MANAGEMENT SERVICES","2026-02-18","211500","21150","232650","232650","0","","DIFFERENT_IN_QB","REVIEW_PAYMENT","MULTIPLE_DIFF_TYPES","true","false","true","false","true","false","false","false","false","false","false","false","false","false","true","true","false","false","false","false","false","false","true","148","137","FREIGHT MANAGEMENT SERVICES","50","2026-02-18","211500","21150","232650","0","232650","[""Payment""]","[{""type"":""Payment"",""id"":""158"",""via"":""payment allocation""}]","[{""id"":""158"",""date"":""2026-02-27"",""customerId"":""50"",""totalCents"":232650,""unappliedCents"":0,""allocations"":[{""amountCents"":232650,""links"":[{""TxnId"":""148"",""TxnType"":""Invoice""}]}],""metadata"":{""CreateTime"":""2026-03-01T14:12:02-08:00"",""LastUpdatedTime"":""2026-03-01T14:12:02-08:00""}}]","2026-02-17T15:46:32-08:00","2026-03-01T14:12:26-08:00","[]","[]","{""CUSTOMER_MATCH"":false,""DATE_MATCH"":true,""DOC_NUMBER_MATCH"":false,""LINE_COUNT_MATCH"":true,""PRODUCT_SERVICE_MATCH"":false,""DESCRIPTION_MATCH"":true,""QTY_MATCH"":true,""UNIT_PRICE_MATCH"":true,""LINE_AMOUNT_MATCH"":true,""SUBTOTAL_MATCH"":true,""GST_MATCH"":true,""TOTAL_MATCH"":true,""BALANCE_MATCH"":true,""PAYMENT_STATE_MATCH"":true}","[]","[{""position"":1,""qbPosition"":1,""lineAlignment"":""EXACT_CONTENT_BIJECTION"",""elsetLineId"":""servicem8-material-0a7df744-ecee-4fdb-8e9e-23da2767810d"",""priceListItemId"":"""",""elsetDescription"":""Service Call out ."",""qbDescription"":""Service Call out ."",""expectedItem"":{""id"":""123"",""name"":""ELSET Services"",""incomeAccountId"":""9"",""status"":""FALLBACK"",""reason"":""Saved line has no priceListItemId; the new model uses the configured fallback."",""comparisonKnown"":true,""accountEligibility"":""NOT_REVALIDATED_ARCHIVE_HAS_NO_ACCOUNT_ENTITY""},""qbItemId"":""8"",""qbItemName"":""SCO-001"",""qbIncomeAccountId"":""16"",""qbIncomeAccountName"":""Billable Expense Income ( 16 )"",""elsetQuantityMicros"":2000000,""qbQuantityMicros"":2000000,""elsetUnitPriceMicros"":250000000,""qbUnitPriceMicros"":250000000,""elsetLineAmountCents"":50000,""qbLineAmountCents"":50000,""DESCRIPTION_DIFF"":false,""DESCRIPTION_FORMAT_ONLY"":false,""DESCRIPTION_CONTENT_DIFF"":false,""PRODUCT_SERVICE_DIFF"":true,""PRODUCT_SERVICE_COMPARISON_UNKNOWN"":false,""INCOME_ACCOUNT_DIFF"":true,""QTY_DIFF"":false,""UNIT_PRICE_DIFF"":false,""LINE_AMOUNT_DIFF"":false},{""position"":2,""qbPosition"":3,""lineAlignment"":""EXACT_CONTENT_BIJECTION"",""elsetLineId"":""servicem8-material-16053e32-200e-4e4a-bfb5-23da235c613d"",""priceListItemId"":"""",""elsetDescription"":""Supply and installation of digital keypad"",""qbDescription"":""Supply and installation of digital keypad"",""expectedItem"":{""id"":""123"",""name"":""ELSET Services"",""incomeAccountId"":""9"",""status"":""FALLBACK"",""reason"":""Saved line has no priceListItemId; the new model uses the configured fallback."",""comparisonKnown"":true,""accountEligibility"":""NOT_REVALIDATED_ARCHIVE_HAS_NO_ACCOUNT_ENTITY""},""qbItemId"":""76"",""qbItemName"":""KEYPAD"",""qbIncomeAccountId"":""16"",""qbIncomeAccountName"":""Billable Expense Income ( 16 )"",""elsetQuantityMicros"":1000000,""qbQuantityMicros"":1000000,""elsetUnitPriceMicros"":350000000,""qbUnitPriceMicros"":350000000,""elsetLineAmountCents"":35000,""qbLineAmountCents"":35000,""DESCRIPTION_DIFF"":false,""DESCRIPTION_FORMAT_ONLY"":false,""DESCRIPTION_CONTENT_DIFF"":false,""PRODUCT_SERVICE_DIFF"":true,""PRODUCT_SERVICE_COMPARISON_UNKNOWN"":false,""INCOME_ACCOUNT_DIFF"":true,""QTY_DIFF"":false,""UNIT_PRICE_DIFF"":false,""LINE_AMOUNT_DIFF"":false},{""position"":3,""qbPosition"":5,""lineAlignment"":""EXACT_CONTENT_BIJECTION"",""elsetLineId"":""servicem8-material-358507ca-ea90-4fb5-8dae-23da2c29ed1d"",""priceListItemId"":"""",""elsetDescription"":""Remote control receiver"",""qbDescription"":""Remote control receiver"",""expectedItem"":{""id"":""123"",""name"":""ELSET Services"",""incomeAccountId"":""9"",""status"":""FALLBACK"",""reason"":""Saved line has no priceListItemId; the new model uses the configured fallback."",""comparisonKnown"":true,""accountEligibility"":""NOT_REVALIDATED_ARCHIVE_HAS_NO_ACCOUNT_ENTITY""},""qbItemId"":""7"",""qbItemName"":""REC-001"",""qbIncomeAccountId"":""16"",""qbIncomeAccountName"":""Billable Expense Income ( 16 )"",""elsetQuantityMicros"":1000000,""qbQuantityMicros"":1000000,""elsetUnitPriceMicros"":155000000,""qbUnitPriceMicros"":155000000,""elsetLineAmountCents"":15500,""qbLineAmountCents"":15500,""DESCRIPTION_DIFF"":false,""DESCRIPTION_FORMAT_ONLY"":false,""DESCRIPTION_CONTENT_DIFF"":false,""PRODUCT_SERVICE_DIFF"":true,""PRODUCT_SERVICE_COMPARISON_UNKNOWN"":false,""INCOME_ACCOUNT_DIFF"":true,""QTY_DIFF"":false,""UNIT_PRICE_DIFF"":false,""LINE_AMOUNT_DIFF"":false},{""position"":4,""qbPosition"":2,""lineAlignment"":""EXACT_CONTENT_BIJECTION"",""elsetLineId"":""servicem8-material-66479df6-347d-45ff-9200-23da23736d0d"",""priceListItemId"":"""",""elsetDescription"":""Repairs on sliding gate operator model ICARO 240V ( replaced fault electronic control board)"",""qbDescription"":""Repairs on sliding gate operator model ICARO 240V ( replaced fault electronic control board)"",""expectedItem"":{""id"":""123"",""name"":""ELSET Services"",""incomeAccountId"":""9"",""status"":""FALLBACK"",""reason"":""Saved line has no priceListItemId; the new model uses the configured fallback."",""comparisonKnown"":true,""accountEligibility"":""NOT_REVALIDATED_ARCHIVE_HAS_NO_ACCOUNT_ENTITY""},""qbItemId"":""75"",""qbItemName"":""Repairs"",""qbIncomeAccountId"":""16"",""qbIncomeAccountName"":""Billable Expense Income ( 16 )"",""elsetQuantityMicros"":1000000,""qbQuantityMicros"":1000000,""elsetUnitPriceMicros"":830000000,""qbUnitPriceMicros"":830000000,""elsetLineAmountCents"":83000,""qbLineAmountCents"":83000,""DESCRIPTION_DIFF"":false,""DESCRIPTION_FORMAT_ONLY"":false,""DESCRIPTION_CONTENT_DIFF"":false,""PRODUCT_SERVICE_DIFF"":true,""PRODUCT_SERVICE_COMPARISON_UNKNOWN"":false,""INCOME_ACCOUNT_DIFF"":true,""QTY_DIFF"":false,""UNIT_PRICE_DIFF"":false,""LINE_AMOUNT_DIFF"":false},{""position"":5,""qbPosition"":4,""lineAlignment"":""EXACT_CONTENT_BIJECTION"",""elsetLineId"":""servicem8-material-d65a7896-ee2a-4a5e-bc42-23da2b35fc8d"",""priceListItemId"":"""",""elsetDescription"":""Remote control"",""qbDescription"":""Remote control"",""expectedItem"":{""id"":""123"",""name"":""ELSET Services"",""incomeAccountId"":""9"",""status"":""FALLBACK"",""reason"":""Saved line has no priceListItemId; the new model uses the configured fallback."",""comparisonKnown"":true,""accountEligibility"":""NOT_REVALIDATED_ARCHIVE_HAS_NO_ACCOUNT_ENTITY""},""qbItemId"":""4"",""qbItemName"":""RC-001"",""qbIncomeAccountId"":""16"",""qbIncomeAccountName"":""Billable Expense Income ( 16 )"",""elsetQuantityMicros"":4000000,""qbQuantityMicros"":4000000,""elsetUnitPriceMicros"":70000000,""qbUnitPriceMicros"":70000000,""elsetLineAmountCents"":28000,""qbLineAmountCents"":28000,""DESCRIPTION_DIFF"":false,""DESCRIPTION_FORMAT_ONLY"":false,""DESCRIPTION_CONTENT_DIFF"":false,""PRODUCT_SERVICE_DIFF"":true,""PRODUCT_SERVICE_COMPARISON_UNKNOWN"":false,""INCOME_ACCOUNT_DIFF"":true,""QTY_DIFF"":false,""UNIT_PRICE_DIFF"":false,""LINE_AMOUNT_DIFF"":false}]","{""id"":"""",""candidates"":[""50""],""mapped"":false,""safe"":false,""state"":""AMBIGUOUS"",""reason"":""Customer name/email candidates conflict or are not unique.""}","REVIEW_REQUIRED","","MATCHING_PAYMENT_STATE","","","","","[""PHASE_4""]","REVIEW_ONLY"
"INV-0135","servicem8-job-7a1e8f4f-cdb5-456a-87fb-23d9bb05e95d:invoice","Raine & Horne Thomastown | Glenroy | Reservoir","2026-02-18","125000","12500","137500","137500","0","","DIFFERENT_IN_QB","REVIEW_PAYMENT","COSMETIC_ONLY","false","false","true","false","true","false","false","false","false","false","false","false","false","false","false","true","false","false","false","true","false","false","true","289","135","Raine & Horne Thomastown | Glenroy | Reservoir","83","2026-02-18","125000","12500","137500","0","137500","[""Payment""]","[{""type"":""Payment"",""id"":""300"",""via"":""payment allocation""}]","[{""id"":""300"",""date"":""2026-04-07"",""customerId"":""83"",""totalCents"":137500,""unappliedCents"":0,""allocations"":[{""amountCents"":137500,""links"":[{""TxnId"":""289"",""TxnType"":""Invoice""}]}],""metadata"":{""CreateTime"":""2026-08-11T16:28:55-07:00"",""LastUpdatedTime"":""2026-08-11T16:28:55-07:00""}}]","2026-08-11T16:28:09-07:00","2026-08-11T16:48:36-07:00","[]","[]","{""CUSTOMER_MATCH"":true,""DATE_MATCH"":true,""DOC_NUMBER_MATCH"":false,""LINE_COUNT_MATCH"":true,""PRODUCT_SERVICE_MATCH"":false,""DESCRIPTION_MATCH"":true,""QTY_MATCH"":true,""UNIT_PRICE_MATCH"":true,""LINE_AMOUNT_MATCH"":true,""SUBTOTAL_MATCH"":true,""GST_MATCH"":true,""TOTAL_MATCH"":true,""BALANCE_MATCH"":true,""PAYMENT_STATE_MATCH"":true}","[]","[{""position"":1,""qbPosition"":1,""lineAlignment"":""EXACT_CONTENT_BIJECTION"",""elsetLineId"":""servicem8-material-5b8c4da9-63e1-486b-a11a-23d9b8a68a0d"",""priceListItemId"":"""",""elsetDescription"":""Supply and install new garage door automation system, Fix garage door and incl. 2x remote controlls"",""qbDescription"":""Supply and install new garage door automation system, Fix garage door and incl. 2x remote controlls"",""expectedItem"":{""id"":""123"",""name"":""ELSET Services"",""incomeAccountId"":""9"",""status"":""FALLBACK"",""reason"":""Saved line has no priceListItemId; the new model uses the configured fallback."",""comparisonKnown"":true,""accountEligibility"":""NOT_REVALIDATED_ARCHIVE_HAS_NO_ACCOUNT_ENTITY""},""qbItemId"":""48"",""qbItemName"":""GDC-001"",""qbIncomeAccountId"":""16"",""qbIncomeAccountName"":""Billable Expense Income ( 16 )"",""elsetQuantityMicros"":1000000,""qbQuantityMicros"":1000000,""elsetUnitPriceMicros"":1250000000,""qbUnitPriceMicros"":1250000000,""elsetLineAmountCents"":125000,""qbLineAmountCents"":125000,""DESCRIPTION_DIFF"":false,""DESCRIPTION_FORMAT_ONLY"":false,""DESCRIPTION_CONTENT_DIFF"":false,""PRODUCT_SERVICE_DIFF"":true,""PRODUCT_SERVICE_COMPARISON_UNKNOWN"":false,""INCOME_ACCOUNT_DIFF"":true,""QTY_DIFF"":false,""UNIT_PRICE_DIFF"":false,""LINE_AMOUNT_DIFF"":false}]","{""id"":""83"",""candidates"":[""83""],""mapped"":false,""safe"":true,""state"":""MATCHED"",""reason"":""Existing mapping, exact marker or unique exact normalized customer identity.""}","CLEAR_CANONICAL_CANDIDATE","289","MATCHING_PAYMENT_STATE","","","","","[]","KEEP_HISTORICAL_ITEM_DESCRIPTION_FORMAT_AND_NUMBER_FORMAT"
"INV-0138","servicem8-job-a6c76452-5328-484b-8577-23da29f0f51d:invoice","DIANA PETROLLO","2026-02-18","55000","5500","60500","60500","0","","DIFFERENT_IN_QB","REVIEW_PAYMENT","COSMETIC_ONLY","false","false","true","false","true","false","false","false","false","false","false","false","false","false","false","true","false","false","false","true","false","false","true","146","138","DIANA PETROLLO","49","2026-02-18","55000","5500","60500","0","60500","[""Payment""]","[{""type"":""Payment"",""id"":""151"",""via"":""payment allocation""}]","[{""id"":""151"",""date"":""2026-02-18"",""customerId"":""49"",""totalCents"":60500,""unappliedCents"":0,""allocations"":[{""amountCents"":60500,""links"":[{""TxnId"":""146"",""TxnType"":""Invoice""}]}],""metadata"":{""CreateTime"":""2026-02-24T14:39:38-08:00"",""LastUpdatedTime"":""2026-02-24T14:39:38-08:00""}}]","2026-02-17T15:28:33-08:00","2026-02-24T14:39:45-08:00","[]","[]","{""CUSTOMER_MATCH"":true,""DATE_MATCH"":true,""DOC_NUMBER_MATCH"":false,""LINE_COUNT_MATCH"":true,""PRODUCT_SERVICE_MATCH"":false,""DESCRIPTION_MATCH"":true,""QTY_MATCH"":true,""UNIT_PRICE_MATCH"":true,""LINE_AMOUNT_MATCH"":true,""SUBTOTAL_MATCH"":true,""GST_MATCH"":true,""TOTAL_MATCH"":true,""BALANCE_MATCH"":true,""PAYMENT_STATE_MATCH"":true}","[]","[{""position"":1,""qbPosition"":1,""lineAlignment"":""EXACT_CONTENT_BIJECTION"",""elsetLineId"":""servicem8-material-9c5b1c5f-9b0c-45ee-bad8-23da2ab80ead"",""priceListItemId"":"""",""elsetDescription"":""Supply and installation of electric strike and repairs on gate post"",""qbDescription"":""Supply and installation of electric strike and repairs on gate post"",""expectedItem"":{""id"":""123"",""name"":""ELSET Services"",""incomeAccountId"":""9"",""status"":""FALLBACK"",""reason"":""Saved line has no priceListItemId; the new model uses the configured fallback."",""comparisonKnown"":true,""accountEligibility"":""NOT_REVALIDATED_ARCHIVE_HAS_NO_ACCOUNT_ENTITY""},""qbItemId"":""74"",""qbItemName"":""misc"",""qbIncomeAccountId"":""16"",""qbIncomeAccountName"":""Billable Expense Income ( 16 )"",""elsetQuantityMicros"":1000000,""qbQuantityMicros"":1000000,""elsetUnitPriceMicros"":550000000,""qbUnitPriceMicros"":550000000,""elsetLineAmountCents"":55000,""qbLineAmountCents"":55000,""DESCRIPTION_DIFF"":false,""DESCRIPTION_FORMAT_ONLY"":false,""DESCRIPTION_CONTENT_DIFF"":false,""PRODUCT_SERVICE_DIFF"":true,""PRODUCT_SERVICE_COMPARISON_UNKNOWN"":false,""INCOME_ACCOUNT_DIFF"":true,""QTY_DIFF"":false,""UNIT_PRICE_DIFF"":false,""LINE_AMOUNT_DIFF"":false}]","{""id"":""49"",""candidates"":[""49""],""mapped"":false,""safe"":true,""state"":""MATCHED"",""reason"":""Existing mapping, exact marker or unique exact normalized customer identity.""}","CLEAR_CANONICAL_CANDIDATE","146","MATCHING_PAYMENT_STATE","","","","","[]","KEEP_HISTORICAL_ITEM_DESCRIPTION_FORMAT_AND_NUMBER_FORMAT"
"INV-0140","servicem8-job-2f088946-d22a-428b-98ea-23dc306eda7d:invoice","Jacky Schaekers","2026-02-19","40500","4050","44550","44550","0","","DIFFERENT_IN_QB","REVIEW_PAYMENT","COSMETIC_ONLY","false","false","true","false","true","false","false","false","false","false","false","false","false","false","false","true","false","false","false","true","false","false","true","149","140","Jacky Schaekers","51","2026-02-19","40500","4050","44550","0","44550","[""Payment""]","[{""type"":""Payment"",""id"":""157"",""via"":""payment allocation""}]","[{""id"":""157"",""date"":""2026-02-27"",""customerId"":""51"",""totalCents"":44550,""unappliedCents"":0,""allocations"":[{""amountCents"":44550,""links"":[{""TxnId"":""149"",""TxnType"":""Invoice""}]}],""metadata"":{""CreateTime"":""2026-03-01T14:12:02-08:00"",""LastUpdatedTime"":""2026-03-01T14:12:02-08:00""}}]","2026-02-18T20:12:03-08:00","2026-03-01T14:12:25-08:00","[]","[]","{""CUSTOMER_MATCH"":true,""DATE_MATCH"":true,""DOC_NUMBER_MATCH"":false,""LINE_COUNT_MATCH"":true,""PRODUCT_SERVICE_MATCH"":false,""DESCRIPTION_MATCH"":true,""QTY_MATCH"":true,""UNIT_PRICE_MATCH"":true,""LINE_AMOUNT_MATCH"":true,""SUBTOTAL_MATCH"":true,""GST_MATCH"":true,""TOTAL_MATCH"":true,""BALANCE_MATCH"":true,""PAYMENT_STATE_MATCH"":true}","[]","[{""position"":1,""qbPosition"":1,""lineAlignment"":""EXACT_CONTENT_BIJECTION"",""elsetLineId"":""servicem8-material-6899da92-f299-48b4-bfa1-23dc3c6e95ed"",""priceListItemId"":"""",""elsetDescription"":""Service Call out ."",""qbDescription"":""Service Call out ."",""expectedItem"":{""id"":""123"",""name"":""ELSET Services"",""incomeAccountId"":""9"",""status"":""FALLBACK"",""reason"":""Saved line has no priceListItemId; the new model uses the configured fallback."",""comparisonKnown"":true,""accountEligibility"":""NOT_REVALIDATED_ARCHIVE_HAS_NO_ACCOUNT_ENTITY""},""qbItemId"":""8"",""qbItemName"":""SCO-001"",""qbIncomeAccountId"":""16"",""qbIncomeAccountName"":""Billable Expense Income ( 16 )"",""elsetQuantityMicros"":1000000,""qbQuantityMicros"":1000000,""elsetUnitPriceMicros"":250000000,""qbUnitPriceMicros"":250000000,""elsetLineAmountCents"":25000,""qbLineAmountCents"":25000,""DESCRIPTION_DIFF"":false,""DESCRIPTION_FORMAT_ONLY"":false,""DESCRIPTION_CONTENT_DIFF"":false,""PRODUCT_SERVICE_DIFF"":true,""PRODUCT_SERVICE_COMPARISON_UNKNOWN"":false,""INCOME_ACCOUNT_DIFF"":true,""QTY_DIFF"":false,""UNIT_PRICE_DIFF"":false,""LINE_AMOUNT_DIFF"":false},{""position"":2,""qbPosition"":2,""lineAlignment"":""EXACT_CONTENT_BIJECTION"",""elsetLineId"":""servicem8-material-90690d44-150b-4cd9-9ed4-23dc351ac12d"",""priceListItemId"":"""",""elsetDescription"":""Replace driving arm system on left hand side of double swing gate."",""qbDescription"":""Replace driving arm system on left hand side of double swing gate."",""expectedItem"":{""id"":""123"",""name"":""ELSET Services"",""incomeAccountId"":""9"",""status"":""FALLBACK"",""reason"":""Saved line has no priceListItemId; the new model uses the configured fallback."",""comparisonKnown"":true,""accountEligibility"":""NOT_REVALIDATED_ARCHIVE_HAS_NO_ACCOUNT_ENTITY""},""qbItemId"":""77"",""qbItemName"":""ARM SYST"",""qbIncomeAccountId"":""16"",""qbIncomeAccountName"":""Billable Expense Income ( 16 )"",""elsetQuantityMicros"":1000000,""qbQuantityMicros"":1000000,""elsetUnitPriceMicros"":155000000,""qbUnitPriceMicros"":155000000,""elsetLineAmountCents"":15500,""qbLineAmountCents"":15500,""DESCRIPTION_DIFF"":false,""DESCRIPTION_FORMAT_ONLY"":false,""DESCRIPTION_CONTENT_DIFF"":false,""PRODUCT_SERVICE_DIFF"":true,""PRODUCT_SERVICE_COMPARISON_UNKNOWN"":false,""INCOME_ACCOUNT_DIFF"":true,""QTY_DIFF"":false,""UNIT_PRICE_DIFF"":false,""LINE_AMOUNT_DIFF"":false}]","{""id"":""51"",""candidates"":[""51""],""mapped"":false,""safe"":true,""state"":""MATCHED"",""reason"":""Existing mapping, exact marker or unique exact normalized customer identity.""}","CLEAR_CANONICAL_CANDIDATE","149","MATCHING_PAYMENT_STATE","","","","","[]","KEEP_HISTORICAL_ITEM_DESCRIPTION_FORMAT_AND_NUMBER_FORMAT"
"INV-0142","servicem8-job-b38fc26e-3397-4e9f-b987-23dc39db68dd:invoice","Colour Earth Wrough Ironworks","2026-02-19","50000","5000","55000","0","55000","","MISSING_IN_QB","CREATE_QB_INVOICE","NOT_IN_DIFFERENT_COHORT","","","","","","","","","","","","","","","","","","","","","","","","","","","","","","","","","","","","","","","","","","","","{""id"":""14"",""candidates"":[""14""],""mapped"":false,""safe"":true,""state"":""MATCHED"",""reason"":""Existing mapping, exact marker or unique exact normalized customer identity.""}","REVIEW_REQUIRED","","OTHER","SAFE_CREATE","No candidate after expanded archived-invoice search, safe customer resolution, validated first-pass configuration and no ELSET payments. Conditional future invoice-only create candidate; no approval or current-state preflight implied.","No mapped, marked, exact-number or sufficiently corroborated content counterpart in the first pass.","[]","[""PHASE_1"",""PHASE_4""]","CONDITIONAL_CREATE_TRULY_MISSING_INVOICE"
"INV-0141","servicem8-job-f065f37e-87c7-4657-9304-23dc3dbb679d:invoice","Jacky Schaekers","2026-02-19","45000","4500","49500","49500","0","","DIFFERENT_IN_QB","REVIEW_PAYMENT","COSMETIC_ONLY","false","false","true","false","true","false","false","false","false","false","false","false","false","false","false","true","false","false","false","true","false","false","false","150","141","Jacky Schaekers","51","2026-02-19","45000","4500","49500","0","49500","[""Payment""]","[{""type"":""Payment"",""id"":""218"",""via"":""payment allocation""}]","[{""id"":""218"",""date"":""2026-05-01"",""customerId"":""51"",""totalCents"":49500,""unappliedCents"":0,""allocations"":[{""amountCents"":49500,""links"":[{""TxnId"":""150"",""TxnType"":""Invoice""}]}],""metadata"":{""CreateTime"":""2026-05-06T20:02:29-07:00"",""LastUpdatedTime"":""2026-05-06T20:02:29-07:00""}}]","2026-02-18T20:13:37-08:00","2026-05-06T20:02:40-07:00","[]","[]","{""CUSTOMER_MATCH"":true,""DATE_MATCH"":true,""DOC_NUMBER_MATCH"":false,""LINE_COUNT_MATCH"":true,""PRODUCT_SERVICE_MATCH"":false,""DESCRIPTION_MATCH"":true,""QTY_MATCH"":true,""UNIT_PRICE_MATCH"":true,""LINE_AMOUNT_MATCH"":true,""SUBTOTAL_MATCH"":true,""GST_MATCH"":true,""TOTAL_MATCH"":true,""BALANCE_MATCH"":true,""PAYMENT_STATE_MATCH"":true}","[]","[{""position"":1,""qbPosition"":1,""lineAlignment"":""EXACT_CONTENT_BIJECTION"",""elsetLineId"":""servicem8-material-c0b8571a-4be9-454e-8b3b-23dc3e4073fd"",""priceListItemId"":"""",""elsetDescription"":""Full maintenance service on automatic swing gate"",""qbDescription"":""Full maintenance service on automatic swing gate"",""expectedItem"":{""id"":""123"",""name"":""ELSET Services"",""incomeAccountId"":""9"",""status"":""FALLBACK"",""reason"":""Saved line has no priceListItemId; the new model uses the configured fallback."",""comparisonKnown"":true,""accountEligibility"":""NOT_REVALIDATED_ARCHIVE_HAS_NO_ACCOUNT_ENTITY""},""qbItemId"":""1"",""qbItemName"":""Services"",""qbIncomeAccountId"":""9"",""qbIncomeAccountName"":""Services"",""elsetQuantityMicros"":1000000,""qbQuantityMicros"":1000000,""elsetUnitPriceMicros"":450000000,""qbUnitPriceMicros"":450000000,""elsetLineAmountCents"":45000,""qbLineAmountCents"":45000,""DESCRIPTION_DIFF"":false,""DESCRIPTION_FORMAT_ONLY"":false,""DESCRIPTION_CONTENT_DIFF"":false,""PRODUCT_SERVICE_DIFF"":true,""PRODUCT_SERVICE_COMPARISON_UNKNOWN"":false,""INCOME_ACCOUNT_DIFF"":false,""QTY_DIFF"":false,""UNIT_PRICE_DIFF"":false,""LINE_AMOUNT_DIFF"":false}]","{""id"":""51"",""candidates"":[""51""],""mapped"":false,""safe"":true,""state"":""MATCHED"",""reason"":""Existing mapping, exact marker or unique exact normalized customer identity.""}","CLEAR_CANONICAL_CANDIDATE","150","MATCHING_PAYMENT_STATE","","","","","[]","KEEP_HISTORICAL_ITEM_DESCRIPTION_FORMAT_AND_NUMBER_FORMAT"
"INV-0147","servicem8-job-5b8664de-983a-4da0-b3db-23e26a11c44d:invoice","Citicommercialcleaning","2026-02-26","70500","7050","77550","77550","0","","DIFFERENT_IN_QB","REVIEW_PAYMENT","CONTENT_DIFF_NO_FINANCIAL_CHANGE","false","false","true","false","true","false","false","false","false","false","false","false","false","false","true","true","false","false","false","false","false","false","true","153","147","Citicommercialcleaning","13","2026-02-26","70500","7050","77550","0","77550","[""Payment""]","[{""type"":""Payment"",""id"":""176"",""via"":""payment allocation""},{""type"":""Payment"",""id"":""53"",""via"":""payment allocation""}]","[{""id"":""176"",""date"":""2026-02-26"",""customerId"":""13"",""totalCents"":11550,""unappliedCents"":0,""allocations"":[{""amountCents"":11550,""links"":[{""TxnId"":""153"",""TxnType"":""Invoice""}]}],""metadata"":{""CreateTime"":""2026-03-09T16:04:06-07:00"",""LastUpdatedTime"":""2026-03-09T16:04:06-07:00""}},{""id"":""53"",""date"":""2025-10-13"",""customerId"":""13"",""totalCents"":66000,""unappliedCents"":0,""allocations"":[{""amountCents"":66000,""links"":[{""TxnId"":""153"",""TxnType"":""Invoice""}]}],""metadata"":{""CreateTime"":""2025-10-20T17:33:39-07:00"",""LastUpdatedTime"":""2026-02-26T14:25:16-08:00""}}]","2026-02-26T14:25:16-08:00","2026-03-09T16:04:14-07:00","[]","[]","{""CUSTOMER_MATCH"":true,""DATE_MATCH"":true,""DOC_NUMBER_MATCH"":false,""LINE_COUNT_MATCH"":true,""PRODUCT_SERVICE_MATCH"":false,""DESCRIPTION_MATCH"":true,""QTY_MATCH"":true,""UNIT_PRICE_MATCH"":true,""LINE_AMOUNT_MATCH"":true,""SUBTOTAL_MATCH"":true,""GST_MATCH"":true,""TOTAL_MATCH"":true,""BALANCE_MATCH"":true,""PAYMENT_STATE_MATCH"":true}","[]","[{""position"":1,""qbPosition"":3,""lineAlignment"":""EXACT_CONTENT_BIJECTION"",""elsetLineId"":""servicem8-material-23b54627-5aee-4cbe-97a1-23e267e30a3d"",""priceListItemId"":"""",""elsetDescription"":""Re run damaged cable of photo cell and re commission for swing gate"",""qbDescription"":""Re run damaged cable of photo cell and re commission for swing gate"",""expectedItem"":{""id"":""123"",""name"":""ELSET Services"",""incomeAccountId"":""9"",""status"":""FALLBACK"",""reason"":""Saved line has no priceListItemId; the new model uses the configured fallback."",""comparisonKnown"":true,""accountEligibility"":""NOT_REVALIDATED_ARCHIVE_HAS_NO_ACCOUNT_ENTITY""},""qbItemId"":""79"",""qbItemName"":""REPAIRS-MISC"",""qbIncomeAccountId"":""16"",""qbIncomeAccountName"":""Billable Expense Income ( 16 )"",""elsetQuantityMicros"":1000000,""qbQuantityMicros"":1000000,""elsetUnitPriceMicros"":155000000,""qbUnitPriceMicros"":155000000,""elsetLineAmountCents"":15500,""qbLineAmountCents"":15500,""DESCRIPTION_DIFF"":false,""DESCRIPTION_FORMAT_ONLY"":false,""DESCRIPTION_CONTENT_DIFF"":false,""PRODUCT_SERVICE_DIFF"":true,""PRODUCT_SERVICE_COMPARISON_UNKNOWN"":false,""INCOME_ACCOUNT_DIFF"":true,""QTY_DIFF"":false,""UNIT_PRICE_DIFF"":false,""LINE_AMOUNT_DIFF"":false},{""position"":2,""qbPosition"":1,""lineAlignment"":""EXACT_CONTENT_BIJECTION"",""elsetLineId"":""servicem8-material-70df053b-ca2a-4b78-b438-23e26e0845bd"",""priceListItemId"":"""",""elsetDescription"":""Service Call out ."",""qbDescription"":""Service Call out ."",""expectedItem"":{""id"":""123"",""name"":""ELSET Services"",""incomeAccountId"":""9"",""status"":""FALLBACK"",""reason"":""Saved line has no priceListItemId; the new model uses the configured fallback."",""comparisonKnown"":true,""accountEligibility"":""NOT_REVALIDATED_ARCHIVE_HAS_NO_ACCOUNT_ENTITY""},""qbItemId"":""8"",""qbItemName"":""SCO-001"",""qbIncomeAccountId"":""16"",""qbIncomeAccountName"":""Billable Expense Income ( 16 )"",""elsetQuantityMicros"":1000000,""qbQuantityMicros"":1000000,""elsetUnitPriceMicros"":250000000,""qbUnitPriceMicros"":250000000,""elsetLineAmountCents"":25000,""qbLineAmountCents"":25000,""DESCRIPTION_DIFF"":false,""DESCRIPTION_FORMAT_ONLY"":false,""DESCRIPTION_CONTENT_DIFF"":false,""PRODUCT_SERVICE_DIFF"":true,""PRODUCT_SERVICE_COMPARISON_UNKNOWN"":false,""INCOME_ACCOUNT_DIFF"":true,""QTY_DIFF"":false,""UNIT_PRICE_DIFF"":false,""LINE_AMOUNT_DIFF"":false},{""position"":3,""qbPosition"":2,""lineAlignment"":""EXACT_CONTENT_BIJECTION"",""elsetLineId"":""servicem8-material-76f5fe74-49ff-4bb0-b745-23e26cbbbefd"",""priceListItemId"":"""",""elsetDescription"":""Service on gate 2 and 3"",""qbDescription"":""Service on gate 2 and 3"",""expectedItem"":{""id"":""123"",""name"":""ELSET Services"",""incomeAccountId"":""9"",""status"":""FALLBACK"",""reason"":""Saved line has no priceListItemId; the new model uses the configured fallback."",""comparisonKnown"":true,""accountEligibility"":""NOT_REVALIDATED_ARCHIVE_HAS_NO_ACCOUNT_ENTITY""},""qbItemId"":""62"",""qbItemName"":""SCO- GATE 2"",""qbIncomeAccountId"":""16"",""qbIncomeAccountName"":""Billable Expense Income ( 16 )"",""elsetQuantityMicros"":2000000,""qbQuantityMicros"":2000000,""elsetUnitPriceMicros"":150000000,""qbUnitPriceMicros"":150000000,""elsetLineAmountCents"":30000,""qbLineAmountCents"":30000,""DESCRIPTION_DIFF"":false,""DESCRIPTION_FORMAT_ONLY"":false,""DESCRIPTION_CONTENT_DIFF"":false,""PRODUCT_SERVICE_DIFF"":true,""PRODUCT_SERVICE_COMPARISON_UNKNOWN"":false,""INCOME_ACCOUNT_DIFF"":true,""QTY_DIFF"":false,""UNIT_PRICE_DIFF"":false,""LINE_AMOUNT_DIFF"":false}]","{""id"":""13"",""candidates"":[""13""],""mapped"":false,""safe"":true,""state"":""MATCHED"",""reason"":""Existing mapping, exact marker or unique exact normalized customer identity.""}","CLEAR_CANONICAL_CANDIDATE","153","MATCHING_PAYMENT_STATE","","","","","[]","KEEP_HISTORICAL_LINE_ORDER_AND_ITEMS"
"INV-0148","servicem8-job-18a887ad-793a-49f1-989c-23e38ad0601d:invoice","LEONIE SZABO","2026-02-27","156000","15600","171600","171600","0","","DIFFERENT_IN_QB","REVIEW_PAYMENT","COSMETIC_ONLY","false","false","true","false","true","false","false","false","false","false","false","false","false","false","false","true","false","false","false","true","false","false","true","152","148","LEONIE SZABO","52","2026-02-27","156000","15600","171600","0","171600","[""Payment""]","[{""type"":""Payment"",""id"":""154"",""via"":""payment allocation""}]","[{""id"":""154"",""date"":""2026-02-27"",""customerId"":""52"",""totalCents"":171600,""unappliedCents"":0,""allocations"":[{""amountCents"":171600,""links"":[{""TxnId"":""152"",""TxnType"":""Invoice""}]}],""metadata"":{""CreateTime"":""2026-03-01T14:12:01-08:00"",""LastUpdatedTime"":""2026-03-01T14:12:01-08:00""}}]","2026-02-26T13:55:14-08:00","2026-03-01T14:12:25-08:00","[]","[]","{""CUSTOMER_MATCH"":true,""DATE_MATCH"":true,""DOC_NUMBER_MATCH"":false,""LINE_COUNT_MATCH"":true,""PRODUCT_SERVICE_MATCH"":false,""DESCRIPTION_MATCH"":true,""QTY_MATCH"":true,""UNIT_PRICE_MATCH"":true,""LINE_AMOUNT_MATCH"":true,""SUBTOTAL_MATCH"":true,""GST_MATCH"":true,""TOTAL_MATCH"":true,""BALANCE_MATCH"":true,""PAYMENT_STATE_MATCH"":true}","[]","[{""position"":1,""qbPosition"":1,""lineAlignment"":""EXACT_CONTENT_BIJECTION"",""elsetLineId"":""servicem8-material-a2d59fa5-2fd4-4d62-adce-23e38da2794d"",""priceListItemId"":"""",""elsetDescription"":""Scheduled maintenance service on automatic swinging gate with hydraulic underground gate openers 4 visits per year"",""qbDescription"":""Scheduled maintenance service on automatic swinging gate with hydraulic underground gate openers 4 visits per year"",""expectedItem"":{""id"":""123"",""name"":""ELSET Services"",""incomeAccountId"":""9"",""status"":""FALLBACK"",""reason"":""Saved line has no priceListItemId; the new model uses the configured fallback."",""comparisonKnown"":true,""accountEligibility"":""NOT_REVALIDATED_ARCHIVE_HAS_NO_ACCOUNT_ENTITY""},""qbItemId"":""78"",""qbItemName"":""SERVICE-4"",""qbIncomeAccountId"":""16"",""qbIncomeAccountName"":""Billable Expense Income ( 16 )"",""elsetQuantityMicros"":1000000,""qbQuantityMicros"":1000000,""elsetUnitPriceMicros"":1560000000,""qbUnitPriceMicros"":1560000000,""elsetLineAmountCents"":156000,""qbLineAmountCents"":156000,""DESCRIPTION_DIFF"":false,""DESCRIPTION_FORMAT_ONLY"":false,""DESCRIPTION_CONTENT_DIFF"":false,""PRODUCT_SERVICE_DIFF"":true,""PRODUCT_SERVICE_COMPARISON_UNKNOWN"":false,""INCOME_ACCOUNT_DIFF"":true,""QTY_DIFF"":false,""UNIT_PRICE_DIFF"":false,""LINE_AMOUNT_DIFF"":false}]","{""id"":""52"",""candidates"":[""52""],""mapped"":false,""safe"":true,""state"":""MATCHED"",""reason"":""Existing mapping, exact marker or unique exact normalized customer identity.""}","CLEAR_CANONICAL_CANDIDATE","152","MATCHING_PAYMENT_STATE","","","","","[]","KEEP_HISTORICAL_ITEM_DESCRIPTION_FORMAT_AND_NUMBER_FORMAT"
"INV-0149","servicem8-job-bf89461a-d704-4da5-b991-23e38a1e0d3d:invoice","CAROL","2026-02-27","80000","8000","88000","88000","0","","DIFFERENT_IN_QB","REVIEW_PAYMENT","COSMETIC_ONLY","false","false","true","false","true","false","false","false","false","false","false","false","false","false","false","true","false","false","false","true","false","false","false","192","149","CAROL","59","2026-02-27","80000","8000","88000","0","88000","[""Payment""]","[{""type"":""Payment"",""id"":""193"",""via"":""payment allocation""}]","[{""id"":""193"",""date"":""2026-03-16"",""customerId"":""59"",""totalCents"":88000,""unappliedCents"":0,""allocations"":[{""amountCents"":88000,""links"":[{""TxnId"":""192"",""TxnType"":""Invoice""}]}],""metadata"":{""CreateTime"":""2026-03-23T20:40:39-07:00"",""LastUpdatedTime"":""2026-03-23T20:40:39-07:00""}}]","2026-03-23T20:40:35-07:00","2026-03-23T20:41:33-07:00","[]","[]","{""CUSTOMER_MATCH"":true,""DATE_MATCH"":true,""DOC_NUMBER_MATCH"":false,""LINE_COUNT_MATCH"":true,""PRODUCT_SERVICE_MATCH"":false,""DESCRIPTION_MATCH"":true,""QTY_MATCH"":true,""UNIT_PRICE_MATCH"":true,""LINE_AMOUNT_MATCH"":true,""SUBTOTAL_MATCH"":true,""GST_MATCH"":true,""TOTAL_MATCH"":true,""BALANCE_MATCH"":true,""PAYMENT_STATE_MATCH"":true}","[]","[{""position"":1,""qbPosition"":1,""lineAlignment"":""EXACT_CONTENT_BIJECTION"",""elsetLineId"":""servicem8-material-1a415748-029f-4885-862b-23e384d54e5d"",""priceListItemId"":"""",""elsetDescription"":""Services on automatic swing gates Bi-annual"",""qbDescription"":""Services on automatic swing gates Bi-annual"",""expectedItem"":{""id"":""123"",""name"":""ELSET Services"",""incomeAccountId"":""9"",""status"":""FALLBACK"",""reason"":""Saved line has no priceListItemId; the new model uses the configured fallback."",""comparisonKnown"":true,""accountEligibility"":""NOT_REVALIDATED_ARCHIVE_HAS_NO_ACCOUNT_ENTITY""},""qbItemId"":""1"",""qbItemName"":""Services"",""qbIncomeAccountId"":""9"",""qbIncomeAccountName"":""Services"",""elsetQuantityMicros"":1000000,""qbQuantityMicros"":1000000,""elsetUnitPriceMicros"":800000000,""qbUnitPriceMicros"":800000000,""elsetLineAmountCents"":80000,""qbLineAmountCents"":80000,""DESCRIPTION_DIFF"":false,""DESCRIPTION_FORMAT_ONLY"":false,""DESCRIPTION_CONTENT_DIFF"":false,""PRODUCT_SERVICE_DIFF"":true,""PRODUCT_SERVICE_COMPARISON_UNKNOWN"":false,""INCOME_ACCOUNT_DIFF"":false,""QTY_DIFF"":false,""UNIT_PRICE_DIFF"":false,""LINE_AMOUNT_DIFF"":false}]","{""id"":""59"",""candidates"":[""59""],""mapped"":false,""safe"":true,""state"":""MATCHED"",""reason"":""Existing mapping, exact marker or unique exact normalized customer identity.""}","CLEAR_CANONICAL_CANDIDATE","192","MATCHING_PAYMENT_STATE","","","","","[]","KEEP_HISTORICAL_ITEM_DESCRIPTION_FORMAT_AND_NUMBER_FORMAT"
"INV-0113","servicem8-job-f9efa06c-7ee5-4574-9aa2-23af65ee9fed:invoice","Debbie Phillips","2026-02-27","1420000","142000","1562000","1562000","0","","MISSING_IN_QB","REVIEW_CONFLICT","NOT_IN_DIFFERENT_COHORT","","","","","","","","","","","","","","","","","","","","","","","","","","","","","","","","","","","","","","","","","","","","{""id"":"""",""candidates"":[""82"",""22""],""mapped"":false,""safe"":false,""state"":""AMBIGUOUS"",""reason"":""Customer name/email candidates conflict or are not unique.""}","REVIEW_REQUIRED","","OTHER","POSSIBLE_EXISTING_QB_RECORD","Weak number/content/amount evidence could represent an existing invoice. Resolve every candidate before creating.","Only uncorroborated legacy number candidates; no mapped, marked, exact-number or sufficiently corroborated content counterpart.","[{""qbId"":""292"",""qbDocNumber"":""113"",""qbCustomerId"":""82"",""qbCustomer"":""Debbie Phillips"",""qbDate"":""2026-01-05"",""qbDueDate"":""2026-01-12"",""qbSubtotalCents"":1420000,""qbGstCents"":142000,""qbTotalCents"":1562000,""qbBalanceCents"":0,""qbInferredPaidCents"":1562000,""elsetBalanceCents"":0,""elsetPaymentState"":""PAID"",""qbPaymentState"":""PAID"",""linkedTransactions"":[{""type"":""Payment"",""id"":""298"",""via"":""payment allocation""},{""type"":""Payment"",""id"":""299"",""via"":""payment allocation""}],""linkedTransactionTypes"":[""Payment""],""linkedPayments"":[{""id"":""298"",""date"":""2026-02-18"",""customerId"":""82"",""totalCents"":781000,""unappliedCents"":0,""allocations"":[{""amountCents"":781000,""links"":[{""TxnId"":""292"",""TxnType"":""Invoice""}]}],""metadata"":{""CreateTime"":""2026-08-11T16:28:55-07:00"",""LastUpdatedTime"":""2026-08-11T16:28:55-07:00""}},{""id"":""299"",""date"":""2026-02-04"",""customerId"":""82"",""totalCents"":781000,""unappliedCents"":0,""allocations"":[{""amountCents"":781000,""links"":[{""TxnId"":""292"",""TxnType"":""Invoice""}]}],""metadata"":{""CreateTime"":""2026-08-11T16:28:55-07:00"",""LastUpdatedTime"":""2026-08-11T16:28:55-07:00""}}],""qbDepositCents"":0,""protectedAccountingState"":true,""createdAt"":""2026-08-11T16:28:21-07:00"",""updatedAt"":""2026-08-11T16:49:32-07:00"",""syncToken"":""3"",""existingLocalMappings"":[],""otherLocalClaims"":[],""mappedToThisInvoice"":false,""firstPassEvidence"":[""NUMBER_VARIANT_ONLY""],""businessMatch"":false,""identitySafe"":false,""flags"":{""CUSTOMER_DIFF"":true,""DATE_DIFF"":true,""DOC_NUMBER_DIFF"":true,""DOC_NUMBER_FORMAT_ONLY"":true,""DOC_NUMBER_CONTENT_DIFF"":false,""LINE_COUNT_DIFF"":false,""LINE_ORDER_DIFF"":false,""PRODUCT_SERVICE_DIFF"":true,""PRODUCT_SERVICE_COMPARISON_UNKNOWN"":false,""INCOME_ACCOUNT_DIFF"":true,""DESCRIPTION_DIFF"":true,""DESCRIPTION_CONTENT_DIFF"":false,""QTY_DIFF"":false,""UNIT_PRICE_DIFF"":false,""LINE_AMOUNT_DIFF"":false,""DESCRIPTION_FORMAT_ONLY"":true,""HAS_DESCRIPTION_FORMAT_DIFFERENCE"":true,""SUBTOTAL_DIFF"":false,""GST_DIFF"":false,""TOTAL_DIFF"":false,""BALANCE_DIFF"":false,""PAYMENT_STATE_DIFF"":false,""CURRENCY_DIFF"":false,""UNSUPPORTED_CONTENT"":false,""HISTORICAL_ITEM_DIFFERENCE_ONLY"":false,""STRICT_ITEM_ONLY"":false},""bucket"":""CUSTOMER_OR_DATE_DIFF"",""discrepancyTypes"":[""CUSTOMER_OR_DATE_DIFF""],""fieldMatches"":{""CUSTOMER_MATCH"":false,""DATE_MATCH"":false,""DOC_NUMBER_MATCH"":false,""LINE_COUNT_MATCH"":true,""PRODUCT_SERVICE_MATCH"":false,""DESCRIPTION_MATCH"":false,""QTY_MATCH"":true,""UNIT_PRICE_MATCH"":true,""LINE_AMOUNT_MATCH"":true,""SUBTOTAL_MATCH"":true,""GST_MATCH"":true,""TOTAL_MATCH"":true,""BALANCE_MATCH"":true,""PAYMENT_STATE_MATCH"":true},""customerComparison"":""UNRESOLVED_ELSET_CUSTOMER_NOT_CONFIRMED_WRONG_CUSTOMER"",""monetaryDifferences"":[],""lines"":[{""position"":1,""qbPosition"":1,""lineAlignment"":""EXACT_CONTENT_BIJECTION"",""elsetLineId"":""servicem8-material-e8388a0c-3b08-4b6d-8324-23af67efeb7d"",""priceListItemId"":"""",""elsetDescription"":""Remove and dispose of existing smashed gate. Supply and installation of new commerical automatic sliding gate. including automation and accessories. 6000X2000 high. Re connect controll unit system to new automation system and test."",""qbDescription"":""Remove and dispose of existing smashed gate.\nSupply and installation of new commerical automatic sliding gate. including automation and accessories. 6000X2000 high.\nRe connect controll unit system to new automation system and test."",""expectedItem"":{""id"":""123"",""name"":""ELSET Services"",""incomeAccountId"":""9"",""status"":""FALLBACK"",""reason"":""Saved line has no priceListItemId; the new model uses the configured fallback."",""comparisonKnown"":true,""accountEligibility"":""NOT_REVALIDATED_ARCHIVE_HAS_NO_ACCOUNT_ENTITY""},""qbItemId"":""104"",""qbItemName"":""INS-001"",""qbIncomeAccountId"":""16"",""qbIncomeAccountName"":""Billable Expense Income ( 16 )"",""elsetQuantityMicros"":1000000,""qbQuantityMicros"":1000000,""elsetUnitPriceMicros"":14200000000,""qbUnitPriceMicros"":14200000000,""elsetLineAmountCents"":1420000,""qbLineAmountCents"":1420000,""DESCRIPTION_DIFF"":true,""DESCRIPTION_FORMAT_ONLY"":true,""DESCRIPTION_CONTENT_DIFF"":false,""PRODUCT_SERVICE_DIFF"":true,""PRODUCT_SERVICE_COMPARISON_UNKNOWN"":false,""INCOME_ACCOUNT_DIFF"":true,""QTY_DIFF"":false,""UNIT_PRICE_DIFF"":false,""LINE_AMOUNT_DIFF"":false}],""qbPrivateNote"":"""",""qbCustomerMemo"":""Supply and install new sliding gate to replace existing gate that has been damaged from car impact in car park area at 86 bay street, Port Melbourne."",""qbEmailStatus"":""EmailSent"",""weakReasons"":[""FIRST_PASS_NUMBER_VARIANT_ONLY"",""SAME_LINES_REGARDLESS_OF_CUSTOMER_OR_DATE""]}]","[""PHASE_4""]","RESOLVE_MISSING_INVOICE_REVIEW"
"INV-0152","servicem8-job-76ca67d3-7bc1-456d-b329-23e9307a4a8d:invoice","ANDREW DONALDSON","2026-03-05","60000","6000","66000","66000","0","","DIFFERENT_IN_QB","REVIEW_CONFLICT","PAYMENT_ONLY_DIFF","false","false","true","false","true","false","false","false","false","false","false","false","true","true","false","true","false","false","false","true","false","false","true","159","152","ANDREW DONALDSON","53","2026-03-05","60000","6000","66000","66000","0","[]","[]","[]","2026-03-04T14:38:28-08:00","2026-03-04T14:38:28-08:00","[]","[]","{""CUSTOMER_MATCH"":true,""DATE_MATCH"":true,""DOC_NUMBER_MATCH"":false,""LINE_COUNT_MATCH"":true,""PRODUCT_SERVICE_MATCH"":false,""DESCRIPTION_MATCH"":true,""QTY_MATCH"":true,""UNIT_PRICE_MATCH"":true,""LINE_AMOUNT_MATCH"":true,""SUBTOTAL_MATCH"":true,""GST_MATCH"":true,""TOTAL_MATCH"":true,""BALANCE_MATCH"":false,""PAYMENT_STATE_MATCH"":false}","[{""field"":""balance"",""elset"":0,""quickbooks"":66000,""unit"":""AUD cents""},{""field"":""paid_vs_inferred_paid"",""elset"":66000,""quickbooks"":0,""unit"":""AUD cents""}]","[{""position"":1,""qbPosition"":1,""lineAlignment"":""EXACT_CONTENT_BIJECTION"",""elsetLineId"":""servicem8-material-ca86a527-0e57-430e-b0c1-23e9365b704d"",""priceListItemId"":"""",""elsetDescription"":""Service Call out ."",""qbDescription"":""Service Call out ."",""expectedItem"":{""id"":""123"",""name"":""ELSET Services"",""incomeAccountId"":""9"",""status"":""FALLBACK"",""reason"":""Saved line has no priceListItemId; the new model uses the configured fallback."",""comparisonKnown"":true,""accountEligibility"":""NOT_REVALIDATED_ARCHIVE_HAS_NO_ACCOUNT_ENTITY""},""qbItemId"":""8"",""qbItemName"":""SCO-001"",""qbIncomeAccountId"":""16"",""qbIncomeAccountName"":""Billable Expense Income ( 16 )"",""elsetQuantityMicros"":1000000,""qbQuantityMicros"":1000000,""elsetUnitPriceMicros"":600000000,""qbUnitPriceMicros"":600000000,""elsetLineAmountCents"":60000,""qbLineAmountCents"":60000,""DESCRIPTION_DIFF"":false,""DESCRIPTION_FORMAT_ONLY"":false,""DESCRIPTION_CONTENT_DIFF"":false,""PRODUCT_SERVICE_DIFF"":true,""PRODUCT_SERVICE_COMPARISON_UNKNOWN"":false,""INCOME_ACCOUNT_DIFF"":true,""QTY_DIFF"":false,""UNIT_PRICE_DIFF"":false,""LINE_AMOUNT_DIFF"":false}]","{""id"":""53"",""candidates"":[""53""],""mapped"":false,""safe"":true,""state"":""MATCHED"",""reason"":""Existing mapping, exact marker or unique exact normalized customer identity.""}","CLEAR_CANONICAL_CANDIDATE","159","ELSET_PAID_QB_UNPAID","","","","","[""PHASE_4""]","REVIEW_ONLY"
"INV-0153","servicem8-job-109ce7ef-4fc9-4077-a1be-23ee40e83ebd:invoice","Kenny","2026-03-10","40000","4000","44000","44000","0","","DIFFERENT_IN_QB","REVIEW_PAYMENT","CUSTOMER_OR_DATE_DIFF","true","false","true","false","true","false","false","false","false","false","false","false","false","false","false","true","false","false","false","false","false","false","true","174","153","Kenny","54","2026-03-10","40000","4000","44000","0","44000","[""Payment""]","[{""type"":""Payment"",""id"":""222"",""via"":""payment allocation""}]","[{""id"":""222"",""date"":""2026-05-08"",""customerId"":""54"",""totalCents"":44000,""unappliedCents"":0,""allocations"":[{""amountCents"":44000,""links"":[{""TxnId"":""174"",""TxnType"":""Invoice""}]}],""metadata"":{""CreateTime"":""2026-05-26T22:02:16-07:00"",""LastUpdatedTime"":""2026-05-26T22:02:16-07:00""}}]","2026-03-09T15:40:37-07:00","2026-05-26T22:02:34-07:00","[]","[]","{""CUSTOMER_MATCH"":false,""DATE_MATCH"":true,""DOC_NUMBER_MATCH"":false,""LINE_COUNT_MATCH"":true,""PRODUCT_SERVICE_MATCH"":false,""DESCRIPTION_MATCH"":true,""QTY_MATCH"":true,""UNIT_PRICE_MATCH"":true,""LINE_AMOUNT_MATCH"":true,""SUBTOTAL_MATCH"":true,""GST_MATCH"":true,""TOTAL_MATCH"":true,""BALANCE_MATCH"":true,""PAYMENT_STATE_MATCH"":true}","[]","[{""position"":1,""qbPosition"":1,""lineAlignment"":""EXACT_CONTENT_BIJECTION"",""elsetLineId"":""servicem8-material-fb70bb4b-12a6-4914-b4b3-23ee4d39421d"",""priceListItemId"":"""",""elsetDescription"":""Repairs on automatic double swing gate"",""qbDescription"":""Repairs on automatic double swing gate"",""expectedItem"":{""id"":""123"",""name"":""ELSET Services"",""incomeAccountId"":""9"",""status"":""FALLBACK"",""reason"":""Saved line has no priceListItemId; the new model uses the configured fallback."",""comparisonKnown"":true,""accountEligibility"":""NOT_REVALIDATED_ARCHIVE_HAS_NO_ACCOUNT_ENTITY""},""qbItemId"":""32"",""qbItemName"":""REP-001"",""qbIncomeAccountId"":""16"",""qbIncomeAccountName"":""Billable Expense Income ( 16 )"",""elsetQuantityMicros"":1000000,""qbQuantityMicros"":1000000,""elsetUnitPriceMicros"":400000000,""qbUnitPriceMicros"":400000000,""elsetLineAmountCents"":40000,""qbLineAmountCents"":40000,""DESCRIPTION_DIFF"":false,""DESCRIPTION_FORMAT_ONLY"":false,""DESCRIPTION_CONTENT_DIFF"":false,""PRODUCT_SERVICE_DIFF"":true,""PRODUCT_SERVICE_COMPARISON_UNKNOWN"":false,""INCOME_ACCOUNT_DIFF"":true,""QTY_DIFF"":false,""UNIT_PRICE_DIFF"":false,""LINE_AMOUNT_DIFF"":false}]","{""id"":"""",""candidates"":[""54""],""mapped"":false,""safe"":false,""state"":""AMBIGUOUS"",""reason"":""Customer name/email candidates conflict or are not unique.""}","REVIEW_REQUIRED","","MATCHING_PAYMENT_STATE","","","","","[""PHASE_4""]","REVIEW_ONLY"
"INV-0158","servicem8-job-2623678e-8600-46c5-9fed-23ef4f5e289d:invoice","CCG COMMERICAL","2026-03-10","51300","5130","56430","56430","0","","DIFFERENT_IN_QB","REVIEW_PAYMENT","CONTENT_DIFF_NO_FINANCIAL_CHANGE","false","false","true","false","true","false","false","false","false","false","false","false","false","false","true","true","false","false","false","false","false","false","true","178","158","CCG COMMERICAL","56","2026-03-10","51300","5130","56430","0","56430","[""Payment""]","[{""type"":""Payment"",""id"":""209"",""via"":""payment allocation""}]","[{""id"":""209"",""date"":""2026-04-15"",""customerId"":""56"",""totalCents"":56430,""unappliedCents"":0,""allocations"":[{""amountCents"":56430,""links"":[{""TxnId"":""178"",""TxnType"":""Invoice""}]}],""metadata"":{""CreateTime"":""2026-04-15T15:27:49-07:00"",""LastUpdatedTime"":""2026-04-15T15:27:49-07:00""}}]","2026-03-09T18:30:59-07:00","2026-04-15T15:27:56-07:00","[]","[]","{""CUSTOMER_MATCH"":true,""DATE_MATCH"":true,""DOC_NUMBER_MATCH"":false,""LINE_COUNT_MATCH"":true,""PRODUCT_SERVICE_MATCH"":false,""DESCRIPTION_MATCH"":true,""QTY_MATCH"":true,""UNIT_PRICE_MATCH"":true,""LINE_AMOUNT_MATCH"":true,""SUBTOTAL_MATCH"":true,""GST_MATCH"":true,""TOTAL_MATCH"":true,""BALANCE_MATCH"":true,""PAYMENT_STATE_MATCH"":true}","[]","[{""position"":1,""qbPosition"":2,""lineAlignment"":""EXACT_CONTENT_BIJECTION"",""elsetLineId"":""servicem8-material-135607ed-372a-41e1-b1d7-23ef4d01385d"",""priceListItemId"":"""",""elsetDescription"":""Repairs on automatic door and replace battery"",""qbDescription"":""Repairs on automatic door and replace battery"",""expectedItem"":{""id"":""123"",""name"":""ELSET Services"",""incomeAccountId"":""9"",""status"":""FALLBACK"",""reason"":""Saved line has no priceListItemId; the new model uses the configured fallback."",""comparisonKnown"":true,""accountEligibility"":""NOT_REVALIDATED_ARCHIVE_HAS_NO_ACCOUNT_ENTITY""},""qbItemId"":""32"",""qbItemName"":""REP-001"",""qbIncomeAccountId"":""16"",""qbIncomeAccountName"":""Billable Expense Income ( 16 )"",""elsetQuantityMicros"":1000000,""qbQuantityMicros"":1000000,""elsetUnitPriceMicros"":263000000,""qbUnitPriceMicros"":263000000,""elsetLineAmountCents"":26300,""qbLineAmountCents"":26300,""DESCRIPTION_DIFF"":false,""DESCRIPTION_FORMAT_ONLY"":false,""DESCRIPTION_CONTENT_DIFF"":false,""PRODUCT_SERVICE_DIFF"":true,""PRODUCT_SERVICE_COMPARISON_UNKNOWN"":false,""INCOME_ACCOUNT_DIFF"":true,""QTY_DIFF"":false,""UNIT_PRICE_DIFF"":false,""LINE_AMOUNT_DIFF"":false},{""position"":2,""qbPosition"":1,""lineAlignment"":""EXACT_CONTENT_BIJECTION"",""elsetLineId"":""servicem8-material-75146792-bd36-41b6-bc54-23ef40a2f7ed"",""priceListItemId"":"""",""elsetDescription"":""Service Call out ."",""qbDescription"":""Service Call out ."",""expectedItem"":{""id"":""123"",""name"":""ELSET Services"",""incomeAccountId"":""9"",""status"":""FALLBACK"",""reason"":""Saved line has no priceListItemId; the new model uses the configured fallback."",""comparisonKnown"":true,""accountEligibility"":""NOT_REVALIDATED_ARCHIVE_HAS_NO_ACCOUNT_ENTITY""},""qbItemId"":""8"",""qbItemName"":""SCO-001"",""qbIncomeAccountId"":""16"",""qbIncomeAccountName"":""Billable Expense Income ( 16 )"",""elsetQuantityMicros"":1000000,""qbQuantityMicros"":1000000,""elsetUnitPriceMicros"":250000000,""qbUnitPriceMicros"":250000000,""elsetLineAmountCents"":25000,""qbLineAmountCents"":25000,""DESCRIPTION_DIFF"":false,""DESCRIPTION_FORMAT_ONLY"":false,""DESCRIPTION_CONTENT_DIFF"":false,""PRODUCT_SERVICE_DIFF"":true,""PRODUCT_SERVICE_COMPARISON_UNKNOWN"":false,""INCOME_ACCOUNT_DIFF"":true,""QTY_DIFF"":false,""UNIT_PRICE_DIFF"":false,""LINE_AMOUNT_DIFF"":false}]","{""id"":""56"",""candidates"":[""56""],""mapped"":false,""safe"":true,""state"":""MATCHED"",""reason"":""Existing mapping, exact marker or unique exact normalized customer identity.""}","CLEAR_CANONICAL_CANDIDATE","178","MATCHING_PAYMENT_STATE","","","","","[]","KEEP_HISTORICAL_LINE_ORDER_AND_ITEMS"
"INV-0154","servicem8-job-2c18390c-5da1-49f5-b659-23ee4cce1aed:invoice","AMV HOMES","2026-03-10","76500","7650","84150","84150","0","","DIFFERENT_IN_QB","REVIEW_PAYMENT","MULTIPLE_DIFF_TYPES","true","false","true","false","true","false","false","false","false","false","false","false","false","false","true","true","false","false","false","false","false","false","true","175","154","AMV HOMES","55","2026-03-10","76500","7650","84150","0","84150","[""Payment""]","[{""type"":""Payment"",""id"":""267"",""via"":""payment allocation""}]","[{""id"":""267"",""date"":""2026-06-30"",""customerId"":""55"",""totalCents"":84150,""unappliedCents"":0,""allocations"":[{""amountCents"":84150,""links"":[{""TxnId"":""175"",""TxnType"":""Invoice""}]}],""metadata"":{""CreateTime"":""2026-08-06T17:30:50-07:00"",""LastUpdatedTime"":""2026-08-06T17:30:50-07:00""}}]","2026-03-09T15:47:28-07:00","2026-08-06T17:32:52-07:00","[]","[]","{""CUSTOMER_MATCH"":false,""DATE_MATCH"":true,""DOC_NUMBER_MATCH"":false,""LINE_COUNT_MATCH"":true,""PRODUCT_SERVICE_MATCH"":false,""DESCRIPTION_MATCH"":true,""QTY_MATCH"":true,""UNIT_PRICE_MATCH"":true,""LINE_AMOUNT_MATCH"":true,""SUBTOTAL_MATCH"":true,""GST_MATCH"":true,""TOTAL_MATCH"":true,""BALANCE_MATCH"":true,""PAYMENT_STATE_MATCH"":true}","[]","[{""position"":1,""qbPosition"":3,""lineAlignment"":""EXACT_CONTENT_BIJECTION"",""elsetLineId"":""servicem8-material-09977d32-f3bd-44b2-9a63-23ee42fd9cad"",""priceListItemId"":"""",""elsetDescription"":""Repairs on automatic door"",""qbDescription"":""Repairs on automatic door"",""expectedItem"":{""id"":""123"",""name"":""ELSET Services"",""incomeAccountId"":""9"",""status"":""FALLBACK"",""reason"":""Saved line has no priceListItemId; the new model uses the configured fallback."",""comparisonKnown"":true,""accountEligibility"":""NOT_REVALIDATED_ARCHIVE_HAS_NO_ACCOUNT_ENTITY""},""qbItemId"":""32"",""qbItemName"":""REP-001"",""qbIncomeAccountId"":""16"",""qbIncomeAccountName"":""Billable Expense Income ( 16 )"",""elsetQuantityMicros"":1000000,""qbQuantityMicros"":1000000,""elsetUnitPriceMicros"":275000000,""qbUnitPriceMicros"":275000000,""elsetLineAmountCents"":27500,""qbLineAmountCents"":27500,""DESCRIPTION_DIFF"":false,""DESCRIPTION_FORMAT_ONLY"":false,""DESCRIPTION_CONTENT_DIFF"":false,""PRODUCT_SERVICE_DIFF"":true,""PRODUCT_SERVICE_COMPARISON_UNKNOWN"":false,""INCOME_ACCOUNT_DIFF"":true,""QTY_DIFF"":false,""UNIT_PRICE_DIFF"":false,""LINE_AMOUNT_DIFF"":false},{""position"":2,""qbPosition"":1,""lineAlignment"":""EXACT_CONTENT_BIJECTION"",""elsetLineId"":""servicem8-material-bcd77a9c-7594-447c-9c47-23ee478d0c1d"",""priceListItemId"":"""",""elsetDescription"":""Electric strike"",""qbDescription"":""Electric strike"",""expectedItem"":{""id"":""123"",""name"":""ELSET Services"",""incomeAccountId"":""9"",""status"":""FALLBACK"",""reason"":""Saved line has no priceListItemId; the new model uses the configured fallback."",""comparisonKnown"":true,""accountEligibility"":""NOT_REVALIDATED_ARCHIVE_HAS_NO_ACCOUNT_ENTITY""},""qbItemId"":""43"",""qbItemName"":""ST-001"",""qbIncomeAccountId"":""16"",""qbIncomeAccountName"":""Billable Expense Income ( 16 )"",""elsetQuantityMicros"":1000000,""qbQuantityMicros"":1000000,""elsetUnitPriceMicros"":240000000,""qbUnitPriceMicros"":240000000,""elsetLineAmountCents"":24000,""qbLineAmountCents"":24000,""DESCRIPTION_DIFF"":false,""DESCRIPTION_FORMAT_ONLY"":false,""DESCRIPTION_CONTENT_DIFF"":false,""PRODUCT_SERVICE_DIFF"":true,""PRODUCT_SERVICE_COMPARISON_UNKNOWN"":false,""INCOME_ACCOUNT_DIFF"":true,""QTY_DIFF"":false,""UNIT_PRICE_DIFF"":false,""LINE_AMOUNT_DIFF"":false},{""position"":3,""qbPosition"":2,""lineAlignment"":""EXACT_CONTENT_BIJECTION"",""elsetLineId"":""servicem8-material-fa2cff59-5300-4619-a34d-23ee4cc1131d"",""priceListItemId"":"""",""elsetDescription"":""Service Call out ."",""qbDescription"":""Service Call out ."",""expectedItem"":{""id"":""123"",""name"":""ELSET Services"",""incomeAccountId"":""9"",""status"":""FALLBACK"",""reason"":""Saved line has no priceListItemId; the new model uses the configured fallback."",""comparisonKnown"":true,""accountEligibility"":""NOT_REVALIDATED_ARCHIVE_HAS_NO_ACCOUNT_ENTITY""},""qbItemId"":""8"",""qbItemName"":""SCO-001"",""qbIncomeAccountId"":""16"",""qbIncomeAccountName"":""Billable Expense Income ( 16 )"",""elsetQuantityMicros"":1000000,""qbQuantityMicros"":1000000,""elsetUnitPriceMicros"":250000000,""qbUnitPriceMicros"":250000000,""elsetLineAmountCents"":25000,""qbLineAmountCents"":25000,""DESCRIPTION_DIFF"":false,""DESCRIPTION_FORMAT_ONLY"":false,""DESCRIPTION_CONTENT_DIFF"":false,""PRODUCT_SERVICE_DIFF"":true,""PRODUCT_SERVICE_COMPARISON_UNKNOWN"":false,""INCOME_ACCOUNT_DIFF"":true,""QTY_DIFF"":false,""UNIT_PRICE_DIFF"":false,""LINE_AMOUNT_DIFF"":false}]","{""id"":"""",""candidates"":[""55""],""mapped"":false,""safe"":false,""state"":""AMBIGUOUS"",""reason"":""Customer name/email candidates conflict or are not unique.""}","REVIEW_REQUIRED","","MATCHING_PAYMENT_STATE","","","","","[""PHASE_4""]","REVIEW_ONLY"
"INV-0156","servicem8-job-2f213bf7-1b3e-4aca-a451-23ee480b2c5d:invoice","YOUR owners corporation","2026-03-10","40000","4000","44000","44000","0","","DIFFERENT_IN_QB","REVIEW_PAYMENT","COSMETIC_ONLY","false","false","true","false","true","false","false","false","false","false","false","false","false","false","false","true","false","false","false","true","false","false","true","177","156","YOUR owners corporation","6","2026-03-10","40000","4000","44000","0","44000","[""Payment""]","[{""type"":""Payment"",""id"":""189"",""via"":""payment allocation""}]","[{""id"":""189"",""date"":""2026-03-12"",""customerId"":""6"",""totalCents"":44000,""unappliedCents"":0,""allocations"":[{""amountCents"":44000,""links"":[{""TxnId"":""177"",""TxnType"":""Invoice""}]}],""metadata"":{""CreateTime"":""2026-03-23T20:37:58-07:00"",""LastUpdatedTime"":""2026-03-23T20:37:58-07:00""}}]","2026-03-09T16:04:09-07:00","2026-03-23T20:38:22-07:00","[]","[]","{""CUSTOMER_MATCH"":true,""DATE_MATCH"":true,""DOC_NUMBER_MATCH"":false,""LINE_COUNT_MATCH"":true,""PRODUCT_SERVICE_MATCH"":false,""DESCRIPTION_MATCH"":true,""QTY_MATCH"":true,""UNIT_PRICE_MATCH"":true,""LINE_AMOUNT_MATCH"":true,""SUBTOTAL_MATCH"":true,""GST_MATCH"":true,""TOTAL_MATCH"":true,""BALANCE_MATCH"":true,""PAYMENT_STATE_MATCH"":true}","[]","[{""position"":1,""qbPosition"":1,""lineAlignment"":""EXACT_CONTENT_BIJECTION"",""elsetLineId"":""servicem8-material-0ef39749-697b-423d-9ec0-23ee417cfbcd"",""priceListItemId"":"""",""elsetDescription"":""Standard Call-out"",""qbDescription"":""Standard Call-out"",""expectedItem"":{""id"":""123"",""name"":""ELSET Services"",""incomeAccountId"":""9"",""status"":""FALLBACK"",""reason"":""Saved line has no priceListItemId; the new model uses the configured fallback."",""comparisonKnown"":true,""accountEligibility"":""NOT_REVALIDATED_ARCHIVE_HAS_NO_ACCOUNT_ENTITY""},""qbItemId"":""29"",""qbItemName"":""Standard CO PRIVATE"",""qbIncomeAccountId"":""16"",""qbIncomeAccountName"":""Billable Expense Income ( 16 )"",""elsetQuantityMicros"":1000000,""qbQuantityMicros"":1000000,""elsetUnitPriceMicros"":250000000,""qbUnitPriceMicros"":250000000,""elsetLineAmountCents"":25000,""qbLineAmountCents"":25000,""DESCRIPTION_DIFF"":false,""DESCRIPTION_FORMAT_ONLY"":false,""DESCRIPTION_CONTENT_DIFF"":false,""PRODUCT_SERVICE_DIFF"":true,""PRODUCT_SERVICE_COMPARISON_UNKNOWN"":false,""INCOME_ACCOUNT_DIFF"":true,""QTY_DIFF"":false,""UNIT_PRICE_DIFF"":false,""LINE_AMOUNT_DIFF"":false},{""position"":2,""qbPosition"":2,""lineAlignment"":""EXACT_CONTENT_BIJECTION"",""elsetLineId"":""servicem8-material-b57c5c79-5ed6-4284-b37e-23ee461981dd"",""priceListItemId"":"""",""elsetDescription"":""SERVICE AND REPAIRS on Exit gate"",""qbDescription"":""SERVICE AND REPAIRS on Exit gate"",""expectedItem"":{""id"":""123"",""name"":""ELSET Services"",""incomeAccountId"":""9"",""status"":""FALLBACK"",""reason"":""Saved line has no priceListItemId; the new model uses the configured fallback."",""comparisonKnown"":true,""accountEligibility"":""NOT_REVALIDATED_ARCHIVE_HAS_NO_ACCOUNT_ENTITY""},""qbItemId"":""31"",""qbItemName"":""SNR-001"",""qbIncomeAccountId"":""16"",""qbIncomeAccountName"":""Billable Expense Income ( 16 )"",""elsetQuantityMicros"":1000000,""qbQuantityMicros"":1000000,""elsetUnitPriceMicros"":150000000,""qbUnitPriceMicros"":150000000,""elsetLineAmountCents"":15000,""qbLineAmountCents"":15000,""DESCRIPTION_DIFF"":false,""DESCRIPTION_FORMAT_ONLY"":false,""DESCRIPTION_CONTENT_DIFF"":false,""PRODUCT_SERVICE_DIFF"":true,""PRODUCT_SERVICE_COMPARISON_UNKNOWN"":false,""INCOME_ACCOUNT_DIFF"":true,""QTY_DIFF"":false,""UNIT_PRICE_DIFF"":false,""LINE_AMOUNT_DIFF"":false}]","{""id"":""6"",""candidates"":[""6""],""mapped"":true,""safe"":true,""state"":""MATCHED"",""reason"":""Existing mapping, exact marker or unique exact normalized customer identity.""}","CLEAR_CANONICAL_CANDIDATE","177","MATCHING_PAYMENT_STATE","","","","","[]","KEEP_HISTORICAL_ITEM_DESCRIPTION_FORMAT_AND_NUMBER_FORMAT"
"INV-0159","servicem8-job-2a83fa81-de97-4db5-a8d9-23ef429716ad:invoice","YOUR owners corporation","2026-03-11","55000","5500","60500","60500","0","","DIFFERENT_IN_QB","REVIEW_PAYMENT","CONTENT_DIFF_NO_FINANCIAL_CHANGE","false","false","true","false","true","false","false","false","false","false","false","false","false","false","true","true","false","false","false","false","false","false","true","179","159","YOUR owners corporation","6","2026-03-11","55000","5500","60500","0","60500","[""Payment""]","[{""type"":""Payment"",""id"":""187"",""via"":""payment allocation""}]","[{""id"":""187"",""date"":""2026-03-19"",""customerId"":""6"",""totalCents"":60500,""unappliedCents"":0,""allocations"":[{""amountCents"":60500,""links"":[{""TxnId"":""179"",""TxnType"":""Invoice""}]}],""metadata"":{""CreateTime"":""2026-03-23T20:37:58-07:00"",""LastUpdatedTime"":""2026-03-23T20:37:58-07:00""}}]","2026-03-10T19:38:45-07:00","2026-03-23T20:38:21-07:00","[]","[]","{""CUSTOMER_MATCH"":true,""DATE_MATCH"":true,""DOC_NUMBER_MATCH"":false,""LINE_COUNT_MATCH"":true,""PRODUCT_SERVICE_MATCH"":false,""DESCRIPTION_MATCH"":true,""QTY_MATCH"":true,""UNIT_PRICE_MATCH"":true,""LINE_AMOUNT_MATCH"":true,""SUBTOTAL_MATCH"":true,""GST_MATCH"":true,""TOTAL_MATCH"":true,""BALANCE_MATCH"":true,""PAYMENT_STATE_MATCH"":true}","[]","[{""position"":1,""qbPosition"":2,""lineAlignment"":""EXACT_CONTENT_BIJECTION"",""elsetLineId"":""servicem8-material-00a33b1a-1106-44c9-a0a4-23ef4f8f668d"",""priceListItemId"":"""",""elsetDescription"":""Supply and install new safety photo cell"",""qbDescription"":""Supply and install new safety photo cell"",""expectedItem"":{""id"":""123"",""name"":""ELSET Services"",""incomeAccountId"":""9"",""status"":""FALLBACK"",""reason"":""Saved line has no priceListItemId; the new model uses the configured fallback."",""comparisonKnown"":true,""accountEligibility"":""NOT_REVALIDATED_ARCHIVE_HAS_NO_ACCOUNT_ENTITY""},""qbItemId"":""67"",""qbItemName"":""PHOTO-C"",""qbIncomeAccountId"":""16"",""qbIncomeAccountName"":""Billable Expense Income ( 16 )"",""elsetQuantityMicros"":1000000,""qbQuantityMicros"":1000000,""elsetUnitPriceMicros"":300000000,""qbUnitPriceMicros"":300000000,""elsetLineAmountCents"":30000,""qbLineAmountCents"":30000,""DESCRIPTION_DIFF"":false,""DESCRIPTION_FORMAT_ONLY"":false,""DESCRIPTION_CONTENT_DIFF"":false,""PRODUCT_SERVICE_DIFF"":true,""PRODUCT_SERVICE_COMPARISON_UNKNOWN"":false,""INCOME_ACCOUNT_DIFF"":true,""QTY_DIFF"":false,""UNIT_PRICE_DIFF"":false,""LINE_AMOUNT_DIFF"":false},{""position"":2,""qbPosition"":1,""lineAlignment"":""EXACT_CONTENT_BIJECTION"",""elsetLineId"":""servicem8-material-a08d9e1d-6e90-4673-a043-23ef42868b5d"",""priceListItemId"":"""",""elsetDescription"":""Standard Call-out"",""qbDescription"":""Standard Call-out"",""expectedItem"":{""id"":""123"",""name"":""ELSET Services"",""incomeAccountId"":""9"",""status"":""FALLBACK"",""reason"":""Saved line has no priceListItemId; the new model uses the configured fallback."",""comparisonKnown"":true,""accountEligibility"":""NOT_REVALIDATED_ARCHIVE_HAS_NO_ACCOUNT_ENTITY""},""qbItemId"":""29"",""qbItemName"":""Standard CO PRIVATE"",""qbIncomeAccountId"":""16"",""qbIncomeAccountName"":""Billable Expense Income ( 16 )"",""elsetQuantityMicros"":1000000,""qbQuantityMicros"":1000000,""elsetUnitPriceMicros"":250000000,""qbUnitPriceMicros"":250000000,""elsetLineAmountCents"":25000,""qbLineAmountCents"":25000,""DESCRIPTION_DIFF"":false,""DESCRIPTION_FORMAT_ONLY"":false,""DESCRIPTION_CONTENT_DIFF"":false,""PRODUCT_SERVICE_DIFF"":true,""PRODUCT_SERVICE_COMPARISON_UNKNOWN"":false,""INCOME_ACCOUNT_DIFF"":true,""QTY_DIFF"":false,""UNIT_PRICE_DIFF"":false,""LINE_AMOUNT_DIFF"":false}]","{""id"":""6"",""candidates"":[""6""],""mapped"":true,""safe"":true,""state"":""MATCHED"",""reason"":""Existing mapping, exact marker or unique exact normalized customer identity.""}","CLEAR_CANONICAL_CANDIDATE","179","MATCHING_PAYMENT_STATE","","","","","[]","KEEP_HISTORICAL_LINE_ORDER_AND_ITEMS"
"INV-0160","servicem8-job-d6fe0bbd-7bec-48a4-83e5-23f0818a02cd:invoice","Pelligra Cakes","2026-03-11","55500","5550","61050","61050","0","","DIFFERENT_IN_QB","REVIEW_PAYMENT","COSMETIC_ONLY","false","false","true","false","true","false","false","false","false","false","false","false","false","false","false","true","false","false","false","true","false","false","true","308","160","Pelligra Cakes","86","2026-03-11","55500","5550","61050","0","61050","[""Payment""]","[{""type"":""Payment"",""id"":""320"",""via"":""payment allocation""}]","[{""id"":""320"",""date"":""2026-03-30"",""customerId"":""86"",""totalCents"":61050,""unappliedCents"":0,""allocations"":[{""amountCents"":61050,""links"":[{""TxnId"":""308"",""TxnType"":""Invoice""}]}],""metadata"":{""CreateTime"":""2026-08-11T16:48:06-07:00"",""LastUpdatedTime"":""2026-08-11T16:48:06-07:00""}}]","2026-08-11T16:29:23-07:00","2026-08-11T16:49:56-07:00","[]","[]","{""CUSTOMER_MATCH"":true,""DATE_MATCH"":true,""DOC_NUMBER_MATCH"":false,""LINE_COUNT_MATCH"":true,""PRODUCT_SERVICE_MATCH"":false,""DESCRIPTION_MATCH"":true,""QTY_MATCH"":true,""UNIT_PRICE_MATCH"":true,""LINE_AMOUNT_MATCH"":true,""SUBTOTAL_MATCH"":true,""GST_MATCH"":true,""TOTAL_MATCH"":true,""BALANCE_MATCH"":true,""PAYMENT_STATE_MATCH"":true}","[]","[{""position"":1,""qbPosition"":1,""lineAlignment"":""EXACT_CONTENT_BIJECTION"",""elsetLineId"":""servicem8-material-3cc35ee0-dd1d-49c0-a91e-23f08e9abd2d"",""priceListItemId"":"""",""elsetDescription"":""Service Call out ."",""qbDescription"":""Service Call out ."",""expectedItem"":{""id"":""123"",""name"":""ELSET Services"",""incomeAccountId"":""9"",""status"":""FALLBACK"",""reason"":""Saved line has no priceListItemId; the new model uses the configured fallback."",""comparisonKnown"":true,""accountEligibility"":""NOT_REVALIDATED_ARCHIVE_HAS_NO_ACCOUNT_ENTITY""},""qbItemId"":""8"",""qbItemName"":""SCO-001"",""qbIncomeAccountId"":""16"",""qbIncomeAccountName"":""Billable Expense Income ( 16 )"",""elsetQuantityMicros"":1000000,""qbQuantityMicros"":1000000,""elsetUnitPriceMicros"":250000000,""qbUnitPriceMicros"":250000000,""elsetLineAmountCents"":25000,""qbLineAmountCents"":25000,""DESCRIPTION_DIFF"":false,""DESCRIPTION_FORMAT_ONLY"":false,""DESCRIPTION_CONTENT_DIFF"":false,""PRODUCT_SERVICE_DIFF"":true,""PRODUCT_SERVICE_COMPARISON_UNKNOWN"":false,""INCOME_ACCOUNT_DIFF"":true,""QTY_DIFF"":false,""UNIT_PRICE_DIFF"":false,""LINE_AMOUNT_DIFF"":false},{""position"":2,""qbPosition"":2,""lineAlignment"":""EXACT_CONTENT_BIJECTION"",""elsetLineId"":""servicem8-material-95585f7c-b57c-4b1f-8c9e-23f084ef785d"",""priceListItemId"":"""",""elsetDescription"":""Repairs on automatic sliding door."",""qbDescription"":""Repairs on automatic sliding door."",""expectedItem"":{""id"":""123"",""name"":""ELSET Services"",""incomeAccountId"":""9"",""status"":""FALLBACK"",""reason"":""Saved line has no priceListItemId; the new model uses the configured fallback."",""comparisonKnown"":true,""accountEligibility"":""NOT_REVALIDATED_ARCHIVE_HAS_NO_ACCOUNT_ENTITY""},""qbItemId"":""32"",""qbItemName"":""REP-001"",""qbIncomeAccountId"":""16"",""qbIncomeAccountName"":""Billable Expense Income ( 16 )"",""elsetQuantityMicros"":1000000,""qbQuantityMicros"":1000000,""elsetUnitPriceMicros"":305000000,""qbUnitPriceMicros"":305000000,""elsetLineAmountCents"":30500,""qbLineAmountCents"":30500,""DESCRIPTION_DIFF"":false,""DESCRIPTION_FORMAT_ONLY"":false,""DESCRIPTION_CONTENT_DIFF"":false,""PRODUCT_SERVICE_DIFF"":true,""PRODUCT_SERVICE_COMPARISON_UNKNOWN"":false,""INCOME_ACCOUNT_DIFF"":true,""QTY_DIFF"":false,""UNIT_PRICE_DIFF"":false,""LINE_AMOUNT_DIFF"":false}]","{""id"":""86"",""candidates"":[""86""],""mapped"":false,""safe"":true,""state"":""MATCHED"",""reason"":""Existing mapping, exact marker or unique exact normalized customer identity.""}","CLEAR_CANONICAL_CANDIDATE","308","MATCHING_PAYMENT_STATE","","","","","[]","KEEP_HISTORICAL_ITEM_DESCRIPTION_FORMAT_AND_NUMBER_FORMAT"
"INV-0161","servicem8-job-61c530d0-4264-4097-a2aa-23f105c5991d:invoice","OCPS 514657D C/- MICM","2026-03-13","25000","2500","27500","27500","0","","DIFFERENT_IN_QB","REVIEW_PAYMENT","COSMETIC_ONLY","false","false","true","false","true","false","false","false","false","false","false","false","false","false","false","true","false","false","false","true","false","false","true","314","161","OCPS 514657D  C/- MICM","9","2026-03-13","25000","2500","27500","0","27500","[""Payment""]","[{""type"":""Payment"",""id"":""316"",""via"":""payment allocation""}]","[{""id"":""316"",""date"":""2026-03-16"",""customerId"":""9"",""totalCents"":27500,""unappliedCents"":0,""allocations"":[{""amountCents"":27500,""links"":[{""TxnId"":""314"",""TxnType"":""Invoice""}]}],""metadata"":{""CreateTime"":""2026-08-11T16:48:05-07:00"",""LastUpdatedTime"":""2026-08-11T16:48:05-07:00""}}]","2026-08-11T16:29:57-07:00","2026-08-11T16:50:30-07:00","[]","[]","{""CUSTOMER_MATCH"":true,""DATE_MATCH"":true,""DOC_NUMBER_MATCH"":false,""LINE_COUNT_MATCH"":true,""PRODUCT_SERVICE_MATCH"":false,""DESCRIPTION_MATCH"":true,""QTY_MATCH"":true,""UNIT_PRICE_MATCH"":true,""LINE_AMOUNT_MATCH"":true,""SUBTOTAL_MATCH"":true,""GST_MATCH"":true,""TOTAL_MATCH"":true,""BALANCE_MATCH"":true,""PAYMENT_STATE_MATCH"":true}","[]","[{""position"":1,""qbPosition"":1,""lineAlignment"":""EXACT_CONTENT_BIJECTION"",""elsetLineId"":""servicem8-material-7f1d5131-4b3e-4258-a5dd-23f10fd04a6d"",""priceListItemId"":"""",""elsetDescription"":""Service Call out ."",""qbDescription"":""Service Call out ."",""expectedItem"":{""id"":""123"",""name"":""ELSET Services"",""incomeAccountId"":""9"",""status"":""FALLBACK"",""reason"":""Saved line has no priceListItemId; the new model uses the configured fallback."",""comparisonKnown"":true,""accountEligibility"":""NOT_REVALIDATED_ARCHIVE_HAS_NO_ACCOUNT_ENTITY""},""qbItemId"":""8"",""qbItemName"":""SCO-001"",""qbIncomeAccountId"":""16"",""qbIncomeAccountName"":""Billable Expense Income ( 16 )"",""elsetQuantityMicros"":1000000,""qbQuantityMicros"":1000000,""elsetUnitPriceMicros"":250000000,""qbUnitPriceMicros"":250000000,""elsetLineAmountCents"":25000,""qbLineAmountCents"":25000,""DESCRIPTION_DIFF"":false,""DESCRIPTION_FORMAT_ONLY"":false,""DESCRIPTION_CONTENT_DIFF"":false,""PRODUCT_SERVICE_DIFF"":true,""PRODUCT_SERVICE_COMPARISON_UNKNOWN"":false,""INCOME_ACCOUNT_DIFF"":true,""QTY_DIFF"":false,""UNIT_PRICE_DIFF"":false,""LINE_AMOUNT_DIFF"":false}]","{""id"":""9"",""candidates"":[""9""],""mapped"":false,""safe"":true,""state"":""MATCHED"",""reason"":""Existing mapping, exact marker or unique exact normalized customer identity.""}","CLEAR_CANONICAL_CANDIDATE","314","MATCHING_PAYMENT_STATE","","","","","[]","KEEP_HISTORICAL_ITEM_DESCRIPTION_FORMAT_AND_NUMBER_FORMAT"
"INV-0169","servicem8-job-205ae649-78a7-481c-80d1-23f411fd100d:invoice","28 BOKHARA ROAD PTY LTD","2026-03-16","400000","40000","440000","440000","0","","DIFFERENT_IN_QB","REVIEW_PAYMENT","CUSTOMER_OR_DATE_DIFF","true","false","true","false","true","false","false","false","false","false","false","false","false","false","false","true","false","false","false","false","false","false","true","184","169","28 BOKHARA ROAD PTY LTD","58","2026-03-16","400000","40000","440000","0","440000","[""Payment""]","[{""type"":""Payment"",""id"":""188"",""via"":""payment allocation""}]","[{""id"":""188"",""date"":""2026-03-16"",""customerId"":""58"",""totalCents"":440000,""unappliedCents"":0,""allocations"":[{""amountCents"":440000,""links"":[{""TxnId"":""184"",""TxnType"":""Invoice""}]}],""metadata"":{""CreateTime"":""2026-03-23T20:37:58-07:00"",""LastUpdatedTime"":""2026-03-23T20:37:58-07:00""}}]","2026-03-15T16:57:07-07:00","2026-03-23T20:38:21-07:00","[]","[]","{""CUSTOMER_MATCH"":false,""DATE_MATCH"":true,""DOC_NUMBER_MATCH"":false,""LINE_COUNT_MATCH"":true,""PRODUCT_SERVICE_MATCH"":false,""DESCRIPTION_MATCH"":true,""QTY_MATCH"":true,""UNIT_PRICE_MATCH"":true,""LINE_AMOUNT_MATCH"":true,""SUBTOTAL_MATCH"":true,""GST_MATCH"":true,""TOTAL_MATCH"":true,""BALANCE_MATCH"":true,""PAYMENT_STATE_MATCH"":true}","[]","[{""position"":1,""qbPosition"":1,""lineAlignment"":""EXACT_CONTENT_BIJECTION"",""elsetLineId"":""servicem8-material-cf33cd36-bf3f-4e1b-aba0-23f41e79fdfd"",""priceListItemId"":"""",""elsetDescription"":""Supply and install new garage door automation system"",""qbDescription"":""Supply and install new garage door automation system"",""expectedItem"":{""id"":""123"",""name"":""ELSET Services"",""incomeAccountId"":""9"",""status"":""FALLBACK"",""reason"":""Saved line has no priceListItemId; the new model uses the configured fallback."",""comparisonKnown"":true,""accountEligibility"":""NOT_REVALIDATED_ARCHIVE_HAS_NO_ACCOUNT_ENTITY""},""qbItemId"":""48"",""qbItemName"":""GDC-001"",""qbIncomeAccountId"":""16"",""qbIncomeAccountName"":""Billable Expense Income ( 16 )"",""elsetQuantityMicros"":1000000,""qbQuantityMicros"":1000000,""elsetUnitPriceMicros"":4000000000,""qbUnitPriceMicros"":4000000000,""elsetLineAmountCents"":400000,""qbLineAmountCents"":400000,""DESCRIPTION_DIFF"":false,""DESCRIPTION_FORMAT_ONLY"":false,""DESCRIPTION_CONTENT_DIFF"":false,""PRODUCT_SERVICE_DIFF"":true,""PRODUCT_SERVICE_COMPARISON_UNKNOWN"":false,""INCOME_ACCOUNT_DIFF"":true,""QTY_DIFF"":false,""UNIT_PRICE_DIFF"":false,""LINE_AMOUNT_DIFF"":false}]","{""id"":"""",""candidates"":[""58"",""36""],""mapped"":false,""safe"":false,""state"":""AMBIGUOUS"",""reason"":""Customer name/email candidates conflict or are not unique.""}","REVIEW_REQUIRED","","MATCHING_PAYMENT_STATE","","","","","[""PHASE_4""]","REVIEW_ONLY"
"INV-0163","servicem8-job-7b6432c2-621e-422a-af80-23f412e4e50d:invoice","Onpoint Commercial","2026-03-16","39000","3900","42900","42900","0","","DIFFERENT_IN_QB","REVIEW_PAYMENT","MULTIPLE_DIFF_TYPES","true","false","true","false","true","false","false","false","false","false","false","false","false","false","true","true","false","false","false","false","false","false","true","180","163","Onpoint Commercial","57","2026-03-16","39000","3900","42900","0","42900","[""Payment""]","[{""type"":""Payment"",""id"":""223"",""via"":""payment allocation""}]","[{""id"":""223"",""date"":""2026-04-30"",""customerId"":""57"",""totalCents"":42900,""unappliedCents"":0,""allocations"":[{""amountCents"":42900,""links"":[{""TxnId"":""180"",""TxnType"":""Invoice""}]}],""metadata"":{""CreateTime"":""2026-05-26T22:02:16-07:00"",""LastUpdatedTime"":""2026-05-26T22:02:16-07:00""}}]","2026-03-15T15:13:48-07:00","2026-05-26T22:02:34-07:00","[]","[]","{""CUSTOMER_MATCH"":false,""DATE_MATCH"":true,""DOC_NUMBER_MATCH"":false,""LINE_COUNT_MATCH"":true,""PRODUCT_SERVICE_MATCH"":false,""DESCRIPTION_MATCH"":true,""QTY_MATCH"":true,""UNIT_PRICE_MATCH"":true,""LINE_AMOUNT_MATCH"":true,""SUBTOTAL_MATCH"":true,""GST_MATCH"":true,""TOTAL_MATCH"":true,""BALANCE_MATCH"":true,""PAYMENT_STATE_MATCH"":true}","[]","[{""position"":1,""qbPosition"":2,""lineAlignment"":""EXACT_CONTENT_BIJECTION"",""elsetLineId"":""servicem8-material-38d3fc33-b592-4883-bfda-23f4112e6e5d"",""priceListItemId"":"""",""elsetDescription"":""Remote control"",""qbDescription"":""Remote control"",""expectedItem"":{""id"":""123"",""name"":""ELSET Services"",""incomeAccountId"":""9"",""status"":""FALLBACK"",""reason"":""Saved line has no priceListItemId; the new model uses the configured fallback."",""comparisonKnown"":true,""accountEligibility"":""NOT_REVALIDATED_ARCHIVE_HAS_NO_ACCOUNT_ENTITY""},""qbItemId"":""4"",""qbItemName"":""RC-001"",""qbIncomeAccountId"":""16"",""qbIncomeAccountName"":""Billable Expense Income ( 16 )"",""elsetQuantityMicros"":2000000,""qbQuantityMicros"":2000000,""elsetUnitPriceMicros"":70000000,""qbUnitPriceMicros"":70000000,""elsetLineAmountCents"":14000,""qbLineAmountCents"":14000,""DESCRIPTION_DIFF"":false,""DESCRIPTION_FORMAT_ONLY"":false,""DESCRIPTION_CONTENT_DIFF"":false,""PRODUCT_SERVICE_DIFF"":true,""PRODUCT_SERVICE_COMPARISON_UNKNOWN"":false,""INCOME_ACCOUNT_DIFF"":true,""QTY_DIFF"":false,""UNIT_PRICE_DIFF"":false,""LINE_AMOUNT_DIFF"":false},{""position"":2,""qbPosition"":1,""lineAlignment"":""EXACT_CONTENT_BIJECTION"",""elsetLineId"":""servicem8-material-d0026e23-2215-44ab-b183-23f417adf6cd"",""priceListItemId"":"""",""elsetDescription"":""Service Call out ."",""qbDescription"":""Service Call out ."",""expectedItem"":{""id"":""123"",""name"":""ELSET Services"",""incomeAccountId"":""9"",""status"":""FALLBACK"",""reason"":""Saved line has no priceListItemId; the new model uses the configured fallback."",""comparisonKnown"":true,""accountEligibility"":""NOT_REVALIDATED_ARCHIVE_HAS_NO_ACCOUNT_ENTITY""},""qbItemId"":""8"",""qbItemName"":""SCO-001"",""qbIncomeAccountId"":""16"",""qbIncomeAccountName"":""Billable Expense Income ( 16 )"",""elsetQuantityMicros"":1000000,""qbQuantityMicros"":1000000,""elsetUnitPriceMicros"":250000000,""qbUnitPriceMicros"":250000000,""elsetLineAmountCents"":25000,""qbLineAmountCents"":25000,""DESCRIPTION_DIFF"":false,""DESCRIPTION_FORMAT_ONLY"":false,""DESCRIPTION_CONTENT_DIFF"":false,""PRODUCT_SERVICE_DIFF"":true,""PRODUCT_SERVICE_COMPARISON_UNKNOWN"":false,""INCOME_ACCOUNT_DIFF"":true,""QTY_DIFF"":false,""UNIT_PRICE_DIFF"":false,""LINE_AMOUNT_DIFF"":false}]","{""id"":"""",""candidates"":[""57""],""mapped"":false,""safe"":false,""state"":""AMBIGUOUS"",""reason"":""Customer name/email candidates conflict or are not unique.""}","REVIEW_REQUIRED","","MATCHING_PAYMENT_STATE","","","","","[""PHASE_4""]","REVIEW_ONLY"
"INV-0166","servicem8-job-9ef90e61-feed-4237-9c15-23f41ffbf0bd:invoice","O.C Strata Mangement","2026-03-16","45000","4500","49500","49500","0","","DIFFERENT_IN_QB","REVIEW_PAYMENT","COSMETIC_ONLY","false","false","true","false","true","false","false","false","false","false","false","false","false","false","false","true","false","false","false","true","false","false","true","182","166","O.C Strata Mangement","4","2026-03-16","45000","4500","49500","0","49500","[""Payment""]","[{""type"":""Payment"",""id"":""205"",""via"":""payment allocation""}]","[{""id"":""205"",""date"":""2026-04-08"",""customerId"":""4"",""totalCents"":49500,""unappliedCents"":0,""allocations"":[{""amountCents"":49500,""links"":[{""TxnId"":""182"",""TxnType"":""Invoice""}]}],""metadata"":{""CreateTime"":""2026-04-08T16:21:52-07:00"",""LastUpdatedTime"":""2026-04-08T16:21:52-07:00""}}]","2026-03-15T15:26:31-07:00","2026-04-08T16:22:02-07:00","[]","[]","{""CUSTOMER_MATCH"":true,""DATE_MATCH"":true,""DOC_NUMBER_MATCH"":false,""LINE_COUNT_MATCH"":true,""PRODUCT_SERVICE_MATCH"":false,""DESCRIPTION_MATCH"":true,""QTY_MATCH"":true,""UNIT_PRICE_MATCH"":true,""LINE_AMOUNT_MATCH"":true,""SUBTOTAL_MATCH"":true,""GST_MATCH"":true,""TOTAL_MATCH"":true,""BALANCE_MATCH"":true,""PAYMENT_STATE_MATCH"":true}","[]","[{""position"":1,""qbPosition"":1,""lineAlignment"":""EXACT_CONTENT_BIJECTION"",""elsetLineId"":""servicem8-material-2033b919-da3d-4877-bcb4-23f413a7bcfd"",""priceListItemId"":"""",""elsetDescription"":""Service Call out ."",""qbDescription"":""Service Call out ."",""expectedItem"":{""id"":""123"",""name"":""ELSET Services"",""incomeAccountId"":""9"",""status"":""FALLBACK"",""reason"":""Saved line has no priceListItemId; the new model uses the configured fallback."",""comparisonKnown"":true,""accountEligibility"":""NOT_REVALIDATED_ARCHIVE_HAS_NO_ACCOUNT_ENTITY""},""qbItemId"":""8"",""qbItemName"":""SCO-001"",""qbIncomeAccountId"":""16"",""qbIncomeAccountName"":""Billable Expense Income ( 16 )"",""elsetQuantityMicros"":1000000,""qbQuantityMicros"":1000000,""elsetUnitPriceMicros"":450000000,""qbUnitPriceMicros"":450000000,""elsetLineAmountCents"":45000,""qbLineAmountCents"":45000,""DESCRIPTION_DIFF"":false,""DESCRIPTION_FORMAT_ONLY"":false,""DESCRIPTION_CONTENT_DIFF"":false,""PRODUCT_SERVICE_DIFF"":true,""PRODUCT_SERVICE_COMPARISON_UNKNOWN"":false,""INCOME_ACCOUNT_DIFF"":true,""QTY_DIFF"":false,""UNIT_PRICE_DIFF"":false,""LINE_AMOUNT_DIFF"":false}]","{""id"":""4"",""candidates"":[""4""],""mapped"":true,""safe"":true,""state"":""MATCHED"",""reason"":""Existing mapping, exact marker or unique exact normalized customer identity.""}","CLEAR_CANONICAL_CANDIDATE","182","MATCHING_PAYMENT_STATE","","","","","[]","KEEP_HISTORICAL_ITEM_DESCRIPTION_FORMAT_AND_NUMBER_FORMAT"
"INV-0164","servicem8-job-ad42be06-dfe8-45e4-9eb1-23f4176d0e5d:invoice","Onpoint Commercial","2026-03-16","25000","2500","27500","27500","0","","DIFFERENT_IN_QB","REVIEW_PAYMENT","CUSTOMER_OR_DATE_DIFF","true","false","true","false","true","false","false","false","false","false","false","false","false","false","false","true","false","false","false","false","false","false","true","181","164","Onpoint Commercial","57","2026-03-16","25000","2500","27500","0","27500","[""Payment""]","[{""type"":""Payment"",""id"":""224"",""via"":""payment allocation""}]","[{""id"":""224"",""date"":""2026-04-23"",""customerId"":""57"",""totalCents"":27500,""unappliedCents"":0,""allocations"":[{""amountCents"":27500,""links"":[{""TxnId"":""181"",""TxnType"":""Invoice""}]}],""metadata"":{""CreateTime"":""2026-05-26T22:02:16-07:00"",""LastUpdatedTime"":""2026-05-26T22:02:16-07:00""}}]","2026-03-15T15:15:10-07:00","2026-05-26T22:02:34-07:00","[]","[]","{""CUSTOMER_MATCH"":false,""DATE_MATCH"":true,""DOC_NUMBER_MATCH"":false,""LINE_COUNT_MATCH"":true,""PRODUCT_SERVICE_MATCH"":false,""DESCRIPTION_MATCH"":true,""QTY_MATCH"":true,""UNIT_PRICE_MATCH"":true,""LINE_AMOUNT_MATCH"":true,""SUBTOTAL_MATCH"":true,""GST_MATCH"":true,""TOTAL_MATCH"":true,""BALANCE_MATCH"":true,""PAYMENT_STATE_MATCH"":true}","[]","[{""position"":1,""qbPosition"":1,""lineAlignment"":""EXACT_CONTENT_BIJECTION"",""elsetLineId"":""servicem8-material-5021ba97-d8fa-4a31-807d-23f413851aad"",""priceListItemId"":"""",""elsetDescription"":""Service Call out ."",""qbDescription"":""Service Call out ."",""expectedItem"":{""id"":""123"",""name"":""ELSET Services"",""incomeAccountId"":""9"",""status"":""FALLBACK"",""reason"":""Saved line has no priceListItemId; the new model uses the configured fallback."",""comparisonKnown"":true,""accountEligibility"":""NOT_REVALIDATED_ARCHIVE_HAS_NO_ACCOUNT_ENTITY""},""qbItemId"":""8"",""qbItemName"":""SCO-001"",""qbIncomeAccountId"":""16"",""qbIncomeAccountName"":""Billable Expense Income ( 16 )"",""elsetQuantityMicros"":1000000,""qbQuantityMicros"":1000000,""elsetUnitPriceMicros"":250000000,""qbUnitPriceMicros"":250000000,""elsetLineAmountCents"":25000,""qbLineAmountCents"":25000,""DESCRIPTION_DIFF"":false,""DESCRIPTION_FORMAT_ONLY"":false,""DESCRIPTION_CONTENT_DIFF"":false,""PRODUCT_SERVICE_DIFF"":true,""PRODUCT_SERVICE_COMPARISON_UNKNOWN"":false,""INCOME_ACCOUNT_DIFF"":true,""QTY_DIFF"":false,""UNIT_PRICE_DIFF"":false,""LINE_AMOUNT_DIFF"":false}]","{""id"":"""",""candidates"":[""57""],""mapped"":false,""safe"":false,""state"":""AMBIGUOUS"",""reason"":""Customer name/email candidates conflict or are not unique.""}","REVIEW_REQUIRED","","MATCHING_PAYMENT_STATE","","","","","[""PHASE_4""]","REVIEW_ONLY"
"INV-0165","servicem8-job-cdb96d14-c46a-4deb-8b37-23f41ffe47ad:invoice","O.C Strata Mangement","2026-03-16","320000","32000","352000","352000","0","","DIFFERENT_IN_QB","REVIEW_PAYMENT","COSMETIC_ONLY","false","false","true","false","true","false","false","false","false","false","false","false","false","false","false","true","false","false","false","true","false","false","true","183","165","O.C Strata Mangement","4","2026-03-16","320000","32000","352000","0","352000","[""Payment""]","[{""type"":""Payment"",""id"":""204"",""via"":""payment allocation""}]","[{""id"":""204"",""date"":""2026-04-08"",""customerId"":""4"",""totalCents"":352000,""unappliedCents"":0,""allocations"":[{""amountCents"":352000,""links"":[{""TxnId"":""183"",""TxnType"":""Invoice""}]}],""metadata"":{""CreateTime"":""2026-04-08T16:21:51-07:00"",""LastUpdatedTime"":""2026-04-08T16:21:51-07:00""}}]","2026-03-15T15:28:02-07:00","2026-04-08T16:22:02-07:00","[]","[]","{""CUSTOMER_MATCH"":true,""DATE_MATCH"":true,""DOC_NUMBER_MATCH"":false,""LINE_COUNT_MATCH"":true,""PRODUCT_SERVICE_MATCH"":false,""DESCRIPTION_MATCH"":true,""QTY_MATCH"":true,""UNIT_PRICE_MATCH"":true,""LINE_AMOUNT_MATCH"":true,""SUBTOTAL_MATCH"":true,""GST_MATCH"":true,""TOTAL_MATCH"":true,""BALANCE_MATCH"":true,""PAYMENT_STATE_MATCH"":true}","[]","[{""position"":1,""qbPosition"":1,""lineAlignment"":""EXACT_CONTENT_BIJECTION"",""elsetLineId"":""servicem8-material-171026a2-4da3-43ea-887a-23f41f03b7fd"",""priceListItemId"":"""",""elsetDescription"":""Supply and install DEA LIVI X operator for sliding gate"",""qbDescription"":""Supply and install DEA LIVI X operator for sliding gate"",""expectedItem"":{""id"":""123"",""name"":""ELSET Services"",""incomeAccountId"":""9"",""status"":""FALLBACK"",""reason"":""Saved line has no priceListItemId; the new model uses the configured fallback."",""comparisonKnown"":true,""accountEligibility"":""NOT_REVALIDATED_ARCHIVE_HAS_NO_ACCOUNT_ENTITY""},""qbItemId"":""19"",""qbItemName"":""DEA SLIDER"",""qbIncomeAccountId"":""16"",""qbIncomeAccountName"":""Billable Expense Income ( 16 )"",""elsetQuantityMicros"":1000000,""qbQuantityMicros"":1000000,""elsetUnitPriceMicros"":3000000000,""qbUnitPriceMicros"":3000000000,""elsetLineAmountCents"":300000,""qbLineAmountCents"":300000,""DESCRIPTION_DIFF"":false,""DESCRIPTION_FORMAT_ONLY"":false,""DESCRIPTION_CONTENT_DIFF"":false,""PRODUCT_SERVICE_DIFF"":true,""PRODUCT_SERVICE_COMPARISON_UNKNOWN"":false,""INCOME_ACCOUNT_DIFF"":true,""QTY_DIFF"":false,""UNIT_PRICE_DIFF"":false,""LINE_AMOUNT_DIFF"":false},{""position"":2,""qbPosition"":2,""lineAlignment"":""EXACT_CONTENT_BIJECTION"",""elsetLineId"":""servicem8-material-5fe82a8b-9a26-4b81-95a3-23f418258fcd"",""priceListItemId"":"""",""elsetDescription"":""Supply and install new loop detector module"",""qbDescription"":""Supply and install new loop detector module"",""expectedItem"":{""id"":""123"",""name"":""ELSET Services"",""incomeAccountId"":""9"",""status"":""FALLBACK"",""reason"":""Saved line has no priceListItemId; the new model uses the configured fallback."",""comparisonKnown"":true,""accountEligibility"":""NOT_REVALIDATED_ARCHIVE_HAS_NO_ACCOUNT_ENTITY""},""qbItemId"":""80"",""qbItemName"":""LD-M"",""qbIncomeAccountId"":""16"",""qbIncomeAccountName"":""Billable Expense Income ( 16 )"",""elsetQuantityMicros"":1000000,""qbQuantityMicros"":1000000,""elsetUnitPriceMicros"":200000000,""qbUnitPriceMicros"":200000000,""elsetLineAmountCents"":20000,""qbLineAmountCents"":20000,""DESCRIPTION_DIFF"":false,""DESCRIPTION_FORMAT_ONLY"":false,""DESCRIPTION_CONTENT_DIFF"":false,""PRODUCT_SERVICE_DIFF"":true,""PRODUCT_SERVICE_COMPARISON_UNKNOWN"":false,""INCOME_ACCOUNT_DIFF"":true,""QTY_DIFF"":false,""UNIT_PRICE_DIFF"":false,""LINE_AMOUNT_DIFF"":false}]","{""id"":""4"",""candidates"":[""4""],""mapped"":true,""safe"":true,""state"":""MATCHED"",""reason"":""Existing mapping, exact marker or unique exact normalized customer identity.""}","CLEAR_CANONICAL_CANDIDATE","183","MATCHING_PAYMENT_STATE","","","","","[]","KEEP_HISTORICAL_ITEM_DESCRIPTION_FORMAT_AND_NUMBER_FORMAT"
"INV-0172","servicem8-job-2065e0ce-8c55-40df-b74a-23f626383e8d:invoice","ROSS-HUNT real estate","2026-03-18","32000","3200","35200","35200","0","","DIFFERENT_IN_QB","REVIEW_PAYMENT","CONTENT_DIFF_NO_FINANCIAL_CHANGE","false","false","true","false","true","false","false","false","false","false","false","false","false","false","true","true","false","false","false","false","false","false","true","313","172","ROSS-HUNT real estate","75","2026-03-18","32000","3200","35200","0","35200","[""Payment""]","[{""type"":""Payment"",""id"":""319"",""via"":""payment allocation""}]","[{""id"":""319"",""date"":""2026-04-01"",""customerId"":""75"",""totalCents"":35200,""unappliedCents"":0,""allocations"":[{""amountCents"":35200,""links"":[{""TxnId"":""313"",""TxnType"":""Invoice""}]}],""metadata"":{""CreateTime"":""2026-08-11T16:48:06-07:00"",""LastUpdatedTime"":""2026-08-11T16:48:06-07:00""}}]","2026-08-11T16:29:57-07:00","2026-08-11T16:50:19-07:00","[]","[]","{""CUSTOMER_MATCH"":true,""DATE_MATCH"":true,""DOC_NUMBER_MATCH"":false,""LINE_COUNT_MATCH"":true,""PRODUCT_SERVICE_MATCH"":false,""DESCRIPTION_MATCH"":true,""QTY_MATCH"":true,""UNIT_PRICE_MATCH"":true,""LINE_AMOUNT_MATCH"":true,""SUBTOTAL_MATCH"":true,""GST_MATCH"":true,""TOTAL_MATCH"":true,""BALANCE_MATCH"":true,""PAYMENT_STATE_MATCH"":true}","[]","[{""position"":1,""qbPosition"":2,""lineAlignment"":""EXACT_CONTENT_BIJECTION"",""elsetLineId"":""servicem8-material-46094b16-1f9d-4b29-a8aa-23f6281b9d3d"",""priceListItemId"":"""",""elsetDescription"":""Remote control"",""qbDescription"":""Remote control"",""expectedItem"":{""id"":""123"",""name"":""ELSET Services"",""incomeAccountId"":""9"",""status"":""FALLBACK"",""reason"":""Saved line has no priceListItemId; the new model uses the configured fallback."",""comparisonKnown"":true,""accountEligibility"":""NOT_REVALIDATED_ARCHIVE_HAS_NO_ACCOUNT_ENTITY""},""qbItemId"":""4"",""qbItemName"":""RC-001"",""qbIncomeAccountId"":""16"",""qbIncomeAccountName"":""Billable Expense Income ( 16 )"",""elsetQuantityMicros"":1000000,""qbQuantityMicros"":1000000,""elsetUnitPriceMicros"":70000000,""qbUnitPriceMicros"":70000000,""elsetLineAmountCents"":7000,""qbLineAmountCents"":7000,""DESCRIPTION_DIFF"":false,""DESCRIPTION_FORMAT_ONLY"":false,""DESCRIPTION_CONTENT_DIFF"":false,""PRODUCT_SERVICE_DIFF"":true,""PRODUCT_SERVICE_COMPARISON_UNKNOWN"":false,""INCOME_ACCOUNT_DIFF"":true,""QTY_DIFF"":false,""UNIT_PRICE_DIFF"":false,""LINE_AMOUNT_DIFF"":false},{""position"":2,""qbPosition"":1,""lineAlignment"":""EXACT_CONTENT_BIJECTION"",""elsetLineId"":""servicem8-material-c584569d-32f4-499b-9d19-23f622b796cd"",""priceListItemId"":"""",""elsetDescription"":""Service Call out ."",""qbDescription"":""Service Call out ."",""expectedItem"":{""id"":""123"",""name"":""ELSET Services"",""incomeAccountId"":""9"",""status"":""FALLBACK"",""reason"":""Saved line has no priceListItemId; the new model uses the configured fallback."",""comparisonKnown"":true,""accountEligibility"":""NOT_REVALIDATED_ARCHIVE_HAS_NO_ACCOUNT_ENTITY""},""qbItemId"":""8"",""qbItemName"":""SCO-001"",""qbIncomeAccountId"":""16"",""qbIncomeAccountName"":""Billable Expense Income ( 16 )"",""elsetQuantityMicros"":1000000,""qbQuantityMicros"":1000000,""elsetUnitPriceMicros"":250000000,""qbUnitPriceMicros"":250000000,""elsetLineAmountCents"":25000,""qbLineAmountCents"":25000,""DESCRIPTION_DIFF"":false,""DESCRIPTION_FORMAT_ONLY"":false,""DESCRIPTION_CONTENT_DIFF"":false,""PRODUCT_SERVICE_DIFF"":true,""PRODUCT_SERVICE_COMPARISON_UNKNOWN"":false,""INCOME_ACCOUNT_DIFF"":true,""QTY_DIFF"":false,""UNIT_PRICE_DIFF"":false,""LINE_AMOUNT_DIFF"":false}]","{""id"":""75"",""candidates"":[""75""],""mapped"":false,""safe"":true,""state"":""MATCHED"",""reason"":""Existing mapping, exact marker or unique exact normalized customer identity.""}","CLEAR_CANONICAL_CANDIDATE","313","MATCHING_PAYMENT_STATE","","","","","[]","KEEP_HISTORICAL_LINE_ORDER_AND_ITEMS"
"INV-0170","servicem8-job-7180c8c5-0218-46a5-baa0-23f62f81c89d:invoice","Onpoint Commercial","2026-03-18","49800","4980","54780","54780","0","","DIFFERENT_IN_QB","REVIEW_PAYMENT","CUSTOMER_OR_DATE_DIFF","true","false","true","false","true","false","false","false","false","false","false","false","false","false","false","true","false","false","false","false","false","false","true","185","170","Onpoint Commercial","57","2026-03-18","49800","4980","54780","0","54780","[""Payment""]","[{""type"":""Payment"",""id"":""210"",""via"":""payment allocation""}]","[{""id"":""210"",""date"":""2026-04-21"",""customerId"":""57"",""totalCents"":54780,""unappliedCents"":0,""allocations"":[{""amountCents"":54780,""links"":[{""TxnId"":""185"",""TxnType"":""Invoice""}]}],""metadata"":{""CreateTime"":""2026-04-21T19:01:55-07:00"",""LastUpdatedTime"":""2026-04-21T19:01:55-07:00""}}]","2026-03-17T14:42:36-07:00","2026-04-21T19:02:02-07:00","[]","[]","{""CUSTOMER_MATCH"":false,""DATE_MATCH"":true,""DOC_NUMBER_MATCH"":false,""LINE_COUNT_MATCH"":true,""PRODUCT_SERVICE_MATCH"":false,""DESCRIPTION_MATCH"":true,""QTY_MATCH"":true,""UNIT_PRICE_MATCH"":true,""LINE_AMOUNT_MATCH"":true,""SUBTOTAL_MATCH"":true,""GST_MATCH"":true,""TOTAL_MATCH"":true,""BALANCE_MATCH"":true,""PAYMENT_STATE_MATCH"":true}","[]","[{""position"":1,""qbPosition"":1,""lineAlignment"":""EXACT_CONTENT_BIJECTION"",""elsetLineId"":""servicem8-material-cb610c96-2328-404d-846f-23f6214d52ad"",""priceListItemId"":"""",""elsetDescription"":""Service Call out ."",""qbDescription"":""Service Call out ."",""expectedItem"":{""id"":""123"",""name"":""ELSET Services"",""incomeAccountId"":""9"",""status"":""FALLBACK"",""reason"":""Saved line has no priceListItemId; the new model uses the configured fallback."",""comparisonKnown"":true,""accountEligibility"":""NOT_REVALIDATED_ARCHIVE_HAS_NO_ACCOUNT_ENTITY""},""qbItemId"":""8"",""qbItemName"":""SCO-001"",""qbIncomeAccountId"":""16"",""qbIncomeAccountName"":""Billable Expense Income ( 16 )"",""elsetQuantityMicros"":1000000,""qbQuantityMicros"":1000000,""elsetUnitPriceMicros"":250000000,""qbUnitPriceMicros"":250000000,""elsetLineAmountCents"":25000,""qbLineAmountCents"":25000,""DESCRIPTION_DIFF"":false,""DESCRIPTION_FORMAT_ONLY"":false,""DESCRIPTION_CONTENT_DIFF"":false,""PRODUCT_SERVICE_DIFF"":true,""PRODUCT_SERVICE_COMPARISON_UNKNOWN"":false,""INCOME_ACCOUNT_DIFF"":true,""QTY_DIFF"":false,""UNIT_PRICE_DIFF"":false,""LINE_AMOUNT_DIFF"":false},{""position"":2,""qbPosition"":2,""lineAlignment"":""EXACT_CONTENT_BIJECTION"",""elsetLineId"":""servicem8-material-e64a9102-bf3a-4760-a2d4-23f62a7ac95d"",""priceListItemId"":"""",""elsetDescription"":""Repairs on automatic door"",""qbDescription"":""Repairs on automatic door"",""expectedItem"":{""id"":""123"",""name"":""ELSET Services"",""incomeAccountId"":""9"",""status"":""FALLBACK"",""reason"":""Saved line has no priceListItemId; the new model uses the configured fallback."",""comparisonKnown"":true,""accountEligibility"":""NOT_REVALIDATED_ARCHIVE_HAS_NO_ACCOUNT_ENTITY""},""qbItemId"":""32"",""qbItemName"":""REP-001"",""qbIncomeAccountId"":""16"",""qbIncomeAccountName"":""Billable Expense Income ( 16 )"",""elsetQuantityMicros"":1000000,""qbQuantityMicros"":1000000,""elsetUnitPriceMicros"":248000000,""qbUnitPriceMicros"":248000000,""elsetLineAmountCents"":24800,""qbLineAmountCents"":24800,""DESCRIPTION_DIFF"":false,""DESCRIPTION_FORMAT_ONLY"":false,""DESCRIPTION_CONTENT_DIFF"":false,""PRODUCT_SERVICE_DIFF"":true,""PRODUCT_SERVICE_COMPARISON_UNKNOWN"":false,""INCOME_ACCOUNT_DIFF"":true,""QTY_DIFF"":false,""UNIT_PRICE_DIFF"":false,""LINE_AMOUNT_DIFF"":false}]","{""id"":"""",""candidates"":[""57""],""mapped"":false,""safe"":false,""state"":""AMBIGUOUS"",""reason"":""Customer name/email candidates conflict or are not unique.""}","REVIEW_REQUIRED","","MATCHING_PAYMENT_STATE","","","","","[""PHASE_4""]","REVIEW_ONLY"
"INV-0171","servicem8-job-b01eeaf3-0443-4ef2-8cc8-23f62b58f45d:invoice","Onpoint Commercial","2026-03-18","39000","3900","42900","42900","0","","DIFFERENT_IN_QB","REVIEW_PAYMENT","MULTIPLE_DIFF_TYPES","true","false","true","false","true","false","false","false","false","false","false","false","false","false","true","true","false","false","false","false","false","false","true","186","171","Onpoint Commercial","57","2026-03-18","39000","3900","42900","0","42900","[""Payment""]","[{""type"":""Payment"",""id"":""207"",""via"":""payment allocation""}]","[{""id"":""207"",""date"":""2026-03-31"",""customerId"":""57"",""totalCents"":42900,""unappliedCents"":0,""allocations"":[{""amountCents"":42900,""links"":[{""TxnId"":""186"",""TxnType"":""Invoice""}]}],""metadata"":{""CreateTime"":""2026-04-08T16:40:25-07:00"",""LastUpdatedTime"":""2026-04-08T16:40:25-07:00""}}]","2026-03-17T14:44:38-07:00","2026-04-08T16:40:36-07:00","[]","[]","{""CUSTOMER_MATCH"":false,""DATE_MATCH"":true,""DOC_NUMBER_MATCH"":false,""LINE_COUNT_MATCH"":true,""PRODUCT_SERVICE_MATCH"":false,""DESCRIPTION_MATCH"":true,""QTY_MATCH"":true,""UNIT_PRICE_MATCH"":true,""LINE_AMOUNT_MATCH"":true,""SUBTOTAL_MATCH"":true,""GST_MATCH"":true,""TOTAL_MATCH"":true,""BALANCE_MATCH"":true,""PAYMENT_STATE_MATCH"":true}","[]","[{""position"":1,""qbPosition"":2,""lineAlignment"":""EXACT_CONTENT_BIJECTION"",""elsetLineId"":""servicem8-material-1dc2f62e-f206-4edb-90b0-23f621ddd86d"",""priceListItemId"":"""",""elsetDescription"":""Remote control"",""qbDescription"":""Remote control"",""expectedItem"":{""id"":""123"",""name"":""ELSET Services"",""incomeAccountId"":""9"",""status"":""FALLBACK"",""reason"":""Saved line has no priceListItemId; the new model uses the configured fallback."",""comparisonKnown"":true,""accountEligibility"":""NOT_REVALIDATED_ARCHIVE_HAS_NO_ACCOUNT_ENTITY""},""qbItemId"":""4"",""qbItemName"":""RC-001"",""qbIncomeAccountId"":""16"",""qbIncomeAccountName"":""Billable Expense Income ( 16 )"",""elsetQuantityMicros"":2000000,""qbQuantityMicros"":2000000,""elsetUnitPriceMicros"":70000000,""qbUnitPriceMicros"":70000000,""elsetLineAmountCents"":14000,""qbLineAmountCents"":14000,""DESCRIPTION_DIFF"":false,""DESCRIPTION_FORMAT_ONLY"":false,""DESCRIPTION_CONTENT_DIFF"":false,""PRODUCT_SERVICE_DIFF"":true,""PRODUCT_SERVICE_COMPARISON_UNKNOWN"":false,""INCOME_ACCOUNT_DIFF"":true,""QTY_DIFF"":false,""UNIT_PRICE_DIFF"":false,""LINE_AMOUNT_DIFF"":false},{""position"":2,""qbPosition"":1,""lineAlignment"":""EXACT_CONTENT_BIJECTION"",""elsetLineId"":""servicem8-material-de72eb19-0a68-4070-b13b-23f62869e66d"",""priceListItemId"":"""",""elsetDescription"":""Service Call out ."",""qbDescription"":""Service Call out ."",""expectedItem"":{""id"":""123"",""name"":""ELSET Services"",""incomeAccountId"":""9"",""status"":""FALLBACK"",""reason"":""Saved line has no priceListItemId; the new model uses the configured fallback."",""comparisonKnown"":true,""accountEligibility"":""NOT_REVALIDATED_ARCHIVE_HAS_NO_ACCOUNT_ENTITY""},""qbItemId"":""8"",""qbItemName"":""SCO-001"",""qbIncomeAccountId"":""16"",""qbIncomeAccountName"":""Billable Expense Income ( 16 )"",""elsetQuantityMicros"":1000000,""qbQuantityMicros"":1000000,""elsetUnitPriceMicros"":250000000,""qbUnitPriceMicros"":250000000,""elsetLineAmountCents"":25000,""qbLineAmountCents"":25000,""DESCRIPTION_DIFF"":false,""DESCRIPTION_FORMAT_ONLY"":false,""DESCRIPTION_CONTENT_DIFF"":false,""PRODUCT_SERVICE_DIFF"":true,""PRODUCT_SERVICE_COMPARISON_UNKNOWN"":false,""INCOME_ACCOUNT_DIFF"":true,""QTY_DIFF"":false,""UNIT_PRICE_DIFF"":false,""LINE_AMOUNT_DIFF"":false}]","{""id"":"""",""candidates"":[""57""],""mapped"":false,""safe"":false,""state"":""AMBIGUOUS"",""reason"":""Customer name/email candidates conflict or are not unique.""}","REVIEW_REQUIRED","","MATCHING_PAYMENT_STATE","","","","","[""PHASE_4""]","REVIEW_ONLY"
"INV-0157","servicem8-job-5498c791-ec46-46c6-bfa6-23ef48a9952d:invoice","YOUR owners corporation","2026-03-24","200000","20000","220000","220000","0","","DIFFERENT_IN_QB","REVIEW_PAYMENT","COSMETIC_ONLY","false","false","true","false","true","false","false","false","false","false","false","false","false","false","false","true","false","false","false","true","false","false","true","194","157","YOUR owners corporation","6","2026-03-24","200000","20000","220000","0","220000","[""Payment""]","[{""type"":""Payment"",""id"":""196"",""via"":""payment allocation""}]","[{""id"":""196"",""date"":""2026-03-27"",""customerId"":""6"",""totalCents"":220000,""unappliedCents"":0,""allocations"":[{""amountCents"":220000,""links"":[{""TxnId"":""194"",""TxnType"":""Invoice""}]}],""metadata"":{""CreateTime"":""2026-03-26T19:31:59-07:00"",""LastUpdatedTime"":""2026-03-26T19:31:59-07:00""}}]","2026-03-23T20:41:32-07:00","2026-03-26T19:32:05-07:00","[]","[]","{""CUSTOMER_MATCH"":true,""DATE_MATCH"":true,""DOC_NUMBER_MATCH"":false,""LINE_COUNT_MATCH"":true,""PRODUCT_SERVICE_MATCH"":false,""DESCRIPTION_MATCH"":true,""QTY_MATCH"":true,""UNIT_PRICE_MATCH"":true,""LINE_AMOUNT_MATCH"":true,""SUBTOTAL_MATCH"":true,""GST_MATCH"":true,""TOTAL_MATCH"":true,""BALANCE_MATCH"":true,""PAYMENT_STATE_MATCH"":true}","[]","[{""position"":1,""qbPosition"":1,""lineAlignment"":""EXACT_CONTENT_BIJECTION"",""elsetLineId"":""servicem8-material-d450cecf-e4ea-43f0-a2bc-23ef415f8edd"",""priceListItemId"":"""",""elsetDescription"":""DEA SLIDER - SUPPLY AND INSTALL"",""qbDescription"":""DEA SLIDER - SUPPLY AND INSTALL"",""expectedItem"":{""id"":""123"",""name"":""ELSET Services"",""incomeAccountId"":""9"",""status"":""FALLBACK"",""reason"":""Saved line has no priceListItemId; the new model uses the configured fallback."",""comparisonKnown"":true,""accountEligibility"":""NOT_REVALIDATED_ARCHIVE_HAS_NO_ACCOUNT_ENTITY""},""qbItemId"":""19"",""qbItemName"":""DEA SLIDER"",""qbIncomeAccountId"":""16"",""qbIncomeAccountName"":""Billable Expense Income ( 16 )"",""elsetQuantityMicros"":1000000,""qbQuantityMicros"":1000000,""elsetUnitPriceMicros"":2000000000,""qbUnitPriceMicros"":2000000000,""elsetLineAmountCents"":200000,""qbLineAmountCents"":200000,""DESCRIPTION_DIFF"":false,""DESCRIPTION_FORMAT_ONLY"":false,""DESCRIPTION_CONTENT_DIFF"":false,""PRODUCT_SERVICE_DIFF"":true,""PRODUCT_SERVICE_COMPARISON_UNKNOWN"":false,""INCOME_ACCOUNT_DIFF"":true,""QTY_DIFF"":false,""UNIT_PRICE_DIFF"":false,""LINE_AMOUNT_DIFF"":false}]","{""id"":""6"",""candidates"":[""6""],""mapped"":true,""safe"":true,""state"":""MATCHED"",""reason"":""Existing mapping, exact marker or unique exact normalized customer identity.""}","CLEAR_CANONICAL_CANDIDATE","194","MATCHING_PAYMENT_STATE","","","","","[]","KEEP_HISTORICAL_ITEM_DESCRIPTION_FORMAT_AND_NUMBER_FORMAT"
"INV-0125","servicem8-job-f48e95f6-8f6f-47de-9bf6-23bdd26b60ed:invoice","MBCM FOOTRSCRAY/ ASCOT VALE","2026-03-24","450000","45000","495000","495000","0","","DIFFERENT_IN_QB","REVIEW_PAYMENT","COSMETIC_ONLY","false","false","true","false","true","true","false","false","false","false","false","false","false","false","false","true","false","true","false","true","false","false","true","310","125","MBCM FOOTRSCRAY/ ASCOT VALE","44","2026-03-24","450000","45000","495000","0","495000","[""Payment""]","[{""type"":""Payment"",""id"":""318"",""via"":""payment allocation""}]","[{""id"":""318"",""date"":""2026-04-01"",""customerId"":""44"",""totalCents"":495000,""unappliedCents"":0,""allocations"":[{""amountCents"":495000,""links"":[{""TxnId"":""310"",""TxnType"":""Invoice""}]}],""metadata"":{""CreateTime"":""2026-08-11T16:48:06-07:00"",""LastUpdatedTime"":""2026-08-11T16:48:06-07:00""}}]","2026-08-11T16:29:34-07:00","2026-08-11T16:49:57-07:00","[]","[]","{""CUSTOMER_MATCH"":true,""DATE_MATCH"":true,""DOC_NUMBER_MATCH"":false,""LINE_COUNT_MATCH"":true,""PRODUCT_SERVICE_MATCH"":false,""DESCRIPTION_MATCH"":false,""QTY_MATCH"":true,""UNIT_PRICE_MATCH"":true,""LINE_AMOUNT_MATCH"":true,""SUBTOTAL_MATCH"":true,""GST_MATCH"":true,""TOTAL_MATCH"":true,""BALANCE_MATCH"":true,""PAYMENT_STATE_MATCH"":true}","[]","[{""position"":1,""qbPosition"":1,""lineAlignment"":""EXACT_CONTENT_BIJECTION"",""elsetLineId"":""servicem8-material-920be957-f375-455d-8900-23bdddfe33cd"",""priceListItemId"":"""",""elsetDescription"":""Supply and installation of new switchboard enclosure, with new lock. Test earthing system, repairs on exposed cabling and fire seal."",""qbDescription"":""Supply and installation of new switchboard enclosure, with new lock.\nTest earthing system, repairs on exposed cabling and fire seal."",""expectedItem"":{""id"":""123"",""name"":""ELSET Services"",""incomeAccountId"":""9"",""status"":""FALLBACK"",""reason"":""Saved line has no priceListItemId; the new model uses the configured fallback."",""comparisonKnown"":true,""accountEligibility"":""NOT_REVALIDATED_ARCHIVE_HAS_NO_ACCOUNT_ENTITY""},""qbItemId"":""107"",""qbItemName"":""S/B ENC"",""qbIncomeAccountId"":""16"",""qbIncomeAccountName"":""Billable Expense Income ( 16 )"",""elsetQuantityMicros"":1000000,""qbQuantityMicros"":1000000,""elsetUnitPriceMicros"":4500000000,""qbUnitPriceMicros"":4500000000,""elsetLineAmountCents"":450000,""qbLineAmountCents"":450000,""DESCRIPTION_DIFF"":true,""DESCRIPTION_FORMAT_ONLY"":true,""DESCRIPTION_CONTENT_DIFF"":false,""PRODUCT_SERVICE_DIFF"":true,""PRODUCT_SERVICE_COMPARISON_UNKNOWN"":false,""INCOME_ACCOUNT_DIFF"":true,""QTY_DIFF"":false,""UNIT_PRICE_DIFF"":false,""LINE_AMOUNT_DIFF"":false}]","{""id"":""44"",""candidates"":[""44""],""mapped"":false,""safe"":true,""state"":""MATCHED"",""reason"":""Existing mapping, exact marker or unique exact normalized customer identity.""}","CLEAR_CANONICAL_CANDIDATE","310","MATCHING_PAYMENT_STATE","","","","","[]","KEEP_HISTORICAL_ITEM_DESCRIPTION_FORMAT_AND_NUMBER_FORMAT"
"INV-0173","servicem8-job-f73e4a5e-70c8-4161-b58c-23fef8bf65ad:invoice","YOUR owners corporation","2026-03-25","53000","5300","58300","58300","0","","DIFFERENT_IN_QB","REVIEW_PAYMENT","CONTENT_DIFF_NO_FINANCIAL_CHANGE","false","false","true","false","true","false","false","false","false","false","false","false","false","false","true","true","false","false","false","false","false","false","true","315","173","YOUR owners corporation","6","2026-03-25","53000","5300","58300","0","58300","[""Payment""]","[{""type"":""Payment"",""id"":""317"",""via"":""payment allocation""}]","[{""id"":""317"",""date"":""2026-03-27"",""customerId"":""6"",""totalCents"":58300,""unappliedCents"":0,""allocations"":[{""amountCents"":58300,""links"":[{""TxnId"":""315"",""TxnType"":""Invoice""}]}],""metadata"":{""CreateTime"":""2026-08-11T16:48:06-07:00"",""LastUpdatedTime"":""2026-08-11T16:48:06-07:00""}}]","2026-08-11T16:30:09-07:00","2026-08-11T16:49:56-07:00","[]","[]","{""CUSTOMER_MATCH"":true,""DATE_MATCH"":true,""DOC_NUMBER_MATCH"":false,""LINE_COUNT_MATCH"":true,""PRODUCT_SERVICE_MATCH"":false,""DESCRIPTION_MATCH"":true,""QTY_MATCH"":true,""UNIT_PRICE_MATCH"":true,""LINE_AMOUNT_MATCH"":true,""SUBTOTAL_MATCH"":true,""GST_MATCH"":true,""TOTAL_MATCH"":true,""BALANCE_MATCH"":true,""PAYMENT_STATE_MATCH"":true}","[]","[{""position"":1,""qbPosition"":2,""lineAlignment"":""EXACT_CONTENT_BIJECTION"",""elsetLineId"":""servicem8-material-42bf3e94-165c-461c-a1a9-23fef3cb6e0d"",""priceListItemId"":"""",""elsetDescription"":""Call out ."",""qbDescription"":""Call out ."",""expectedItem"":{""id"":""123"",""name"":""ELSET Services"",""incomeAccountId"":""9"",""status"":""FALLBACK"",""reason"":""Saved line has no priceListItemId; the new model uses the configured fallback."",""comparisonKnown"":true,""accountEligibility"":""NOT_REVALIDATED_ARCHIVE_HAS_NO_ACCOUNT_ENTITY""},""qbItemId"":""8"",""qbItemName"":""SCO-001"",""qbIncomeAccountId"":""16"",""qbIncomeAccountName"":""Billable Expense Income ( 16 )"",""elsetQuantityMicros"":1000000,""qbQuantityMicros"":1000000,""elsetUnitPriceMicros"":250000000,""qbUnitPriceMicros"":250000000,""elsetLineAmountCents"":25000,""qbLineAmountCents"":25000,""DESCRIPTION_DIFF"":false,""DESCRIPTION_FORMAT_ONLY"":false,""DESCRIPTION_CONTENT_DIFF"":false,""PRODUCT_SERVICE_DIFF"":true,""PRODUCT_SERVICE_COMPARISON_UNKNOWN"":false,""INCOME_ACCOUNT_DIFF"":true,""QTY_DIFF"":false,""UNIT_PRICE_DIFF"":false,""LINE_AMOUNT_DIFF"":false},{""position"":2,""qbPosition"":1,""lineAlignment"":""EXACT_CONTENT_BIJECTION"",""elsetLineId"":""servicem8-material-9293eb5f-e146-4aa8-b1af-23fef0a06b5d"",""priceListItemId"":"""",""elsetDescription"":""Supply and install new loop detector module"",""qbDescription"":""Supply and install new loop detector module"",""expectedItem"":{""id"":""123"",""name"":""ELSET Services"",""incomeAccountId"":""9"",""status"":""FALLBACK"",""reason"":""Saved line has no priceListItemId; the new model uses the configured fallback."",""comparisonKnown"":true,""accountEligibility"":""NOT_REVALIDATED_ARCHIVE_HAS_NO_ACCOUNT_ENTITY""},""qbItemId"":""80"",""qbItemName"":""LD-M"",""qbIncomeAccountId"":""16"",""qbIncomeAccountName"":""Billable Expense Income ( 16 )"",""elsetQuantityMicros"":1000000,""qbQuantityMicros"":1000000,""elsetUnitPriceMicros"":280000000,""qbUnitPriceMicros"":280000000,""elsetLineAmountCents"":28000,""qbLineAmountCents"":28000,""DESCRIPTION_DIFF"":false,""DESCRIPTION_FORMAT_ONLY"":false,""DESCRIPTION_CONTENT_DIFF"":false,""PRODUCT_SERVICE_DIFF"":true,""PRODUCT_SERVICE_COMPARISON_UNKNOWN"":false,""INCOME_ACCOUNT_DIFF"":true,""QTY_DIFF"":false,""UNIT_PRICE_DIFF"":false,""LINE_AMOUNT_DIFF"":false}]","{""id"":""6"",""candidates"":[""6""],""mapped"":true,""safe"":true,""state"":""MATCHED"",""reason"":""Existing mapping, exact marker or unique exact normalized customer identity.""}","CLEAR_CANONICAL_CANDIDATE","315","MATCHING_PAYMENT_STATE","","","","","[]","KEEP_HISTORICAL_LINE_ORDER_AND_ITEMS"
"INV-0174","servicem8-job-51153912-7125-4b2f-836e-23ffd0774f8d:invoice","Colour Earth Wrough Ironworks","2026-03-26","410000","41000","451000","451000","0","","DIFFERENT_IN_QB","REVIEW_PAYMENT","COSMETIC_ONLY","false","false","true","false","true","true","false","false","false","false","false","false","false","false","false","true","false","true","false","true","false","false","true","326","174","Colour Earth Wrough Ironworks","14","2026-03-26","410000","41000","451000","0","451000","[""Payment""]","[{""type"":""Payment"",""id"":""334"",""via"":""payment allocation""}]","[{""id"":""334"",""date"":""2026-04-30"",""customerId"":""14"",""totalCents"":451000,""unappliedCents"":0,""allocations"":[{""amountCents"":451000,""links"":[{""TxnId"":""326"",""TxnType"":""Invoice""}]}],""metadata"":{""CreateTime"":""2026-08-11T16:49:37-07:00"",""LastUpdatedTime"":""2026-08-11T16:49:37-07:00""}}]","2026-08-11T16:48:46-07:00","2026-08-11T17:44:50-07:00","[]","[]","{""CUSTOMER_MATCH"":true,""DATE_MATCH"":true,""DOC_NUMBER_MATCH"":false,""LINE_COUNT_MATCH"":true,""PRODUCT_SERVICE_MATCH"":false,""DESCRIPTION_MATCH"":false,""QTY_MATCH"":true,""UNIT_PRICE_MATCH"":true,""LINE_AMOUNT_MATCH"":true,""SUBTOTAL_MATCH"":true,""GST_MATCH"":true,""TOTAL_MATCH"":true,""BALANCE_MATCH"":true,""PAYMENT_STATE_MATCH"":true}","[]","[{""position"":1,""qbPosition"":1,""lineAlignment"":""EXACT_CONTENT_BIJECTION"",""elsetLineId"":""servicem8-material-44931881-14f0-417f-842f-23ffde23f3cd"",""priceListItemId"":"""",""elsetDescription"":""Supply and installation for Automation system on double swing gate, DEA LIVI 500 incl. 2 remote controls"",""qbDescription"":""Supply and installation for Automation system on double swing gate, DEA LIVI 500 \nincl. 2 remote controls"",""expectedItem"":{""id"":""123"",""name"":""ELSET Services"",""incomeAccountId"":""9"",""status"":""FALLBACK"",""reason"":""Saved line has no priceListItemId; the new model uses the configured fallback."",""comparisonKnown"":true,""accountEligibility"":""NOT_REVALIDATED_ARCHIVE_HAS_NO_ACCOUNT_ENTITY""},""qbItemId"":""115"",""qbItemName"":""Autosys"",""qbIncomeAccountId"":""16"",""qbIncomeAccountName"":""Billable Expense Income ( 16 )"",""elsetQuantityMicros"":1000000,""qbQuantityMicros"":1000000,""elsetUnitPriceMicros"":3500000000,""qbUnitPriceMicros"":3500000000,""elsetLineAmountCents"":350000,""qbLineAmountCents"":350000,""DESCRIPTION_DIFF"":true,""DESCRIPTION_FORMAT_ONLY"":true,""DESCRIPTION_CONTENT_DIFF"":false,""PRODUCT_SERVICE_DIFF"":true,""PRODUCT_SERVICE_COMPARISON_UNKNOWN"":false,""INCOME_ACCOUNT_DIFF"":true,""QTY_DIFF"":false,""UNIT_PRICE_DIFF"":false,""LINE_AMOUNT_DIFF"":false},{""position"":2,""qbPosition"":2,""lineAlignment"":""EXACT_CONTENT_BIJECTION"",""elsetLineId"":""servicem8-material-def29870-40ad-48c8-b137-23ffdad706fd"",""priceListItemId"":"""",""elsetDescription"":""Raising hinging system to suit double swing gate"",""qbDescription"":""Raising hinging system to suit double swing gate"",""expectedItem"":{""id"":""123"",""name"":""ELSET Services"",""incomeAccountId"":""9"",""status"":""FALLBACK"",""reason"":""Saved line has no priceListItemId; the new model uses the configured fallback."",""comparisonKnown"":true,""accountEligibility"":""NOT_REVALIDATED_ARCHIVE_HAS_NO_ACCOUNT_ENTITY""},""qbItemId"":""116"",""qbItemName"":""Raising Hinges"",""qbIncomeAccountId"":""16"",""qbIncomeAccountName"":""Billable Expense Income ( 16 )"",""elsetQuantityMicros"":1000000,""qbQuantityMicros"":1000000,""elsetUnitPriceMicros"":600000000,""qbUnitPriceMicros"":600000000,""elsetLineAmountCents"":60000,""qbLineAmountCents"":60000,""DESCRIPTION_DIFF"":false,""DESCRIPTION_FORMAT_ONLY"":false,""DESCRIPTION_CONTENT_DIFF"":false,""PRODUCT_SERVICE_DIFF"":true,""PRODUCT_SERVICE_COMPARISON_UNKNOWN"":false,""INCOME_ACCOUNT_DIFF"":true,""QTY_DIFF"":false,""UNIT_PRICE_DIFF"":false,""LINE_AMOUNT_DIFF"":false}]","{""id"":""14"",""candidates"":[""14""],""mapped"":false,""safe"":true,""state"":""MATCHED"",""reason"":""Existing mapping, exact marker or unique exact normalized customer identity.""}","CLEAR_CANONICAL_CANDIDATE","326","MATCHING_PAYMENT_STATE","","","","","[]","KEEP_HISTORICAL_ITEM_DESCRIPTION_FORMAT_AND_NUMBER_FORMAT"
"INV-0175","servicem8-job-436d8b89-3099-44e1-9865-240005314c3d:invoice","Kate Collins","2026-03-27","47500","4750","52250","52250","0","","DIFFERENT_IN_QB","REVIEW_PAYMENT","COSMETIC_ONLY","false","false","true","false","true","false","false","false","false","false","false","false","false","false","false","true","false","false","false","true","false","false","true","195","175","Kate Collins","60","2026-03-27","47500","4750","52250","0","52250","[""Payment""]","[{""type"":""Payment"",""id"":""206"",""via"":""payment allocation""}]","[{""id"":""206"",""date"":""2026-03-30"",""customerId"":""60"",""totalCents"":52250,""unappliedCents"":0,""allocations"":[{""amountCents"":52250,""links"":[{""TxnId"":""195"",""TxnType"":""Invoice""}]}],""metadata"":{""CreateTime"":""2026-04-08T16:40:25-07:00"",""LastUpdatedTime"":""2026-04-08T16:40:25-07:00""}}]","2026-03-26T19:16:01-07:00","2026-04-08T16:40:36-07:00","[]","[]","{""CUSTOMER_MATCH"":true,""DATE_MATCH"":true,""DOC_NUMBER_MATCH"":false,""LINE_COUNT_MATCH"":true,""PRODUCT_SERVICE_MATCH"":false,""DESCRIPTION_MATCH"":true,""QTY_MATCH"":true,""UNIT_PRICE_MATCH"":true,""LINE_AMOUNT_MATCH"":true,""SUBTOTAL_MATCH"":true,""GST_MATCH"":true,""TOTAL_MATCH"":true,""BALANCE_MATCH"":true,""PAYMENT_STATE_MATCH"":true}","[]","[{""position"":1,""qbPosition"":1,""lineAlignment"":""EXACT_CONTENT_BIJECTION"",""elsetLineId"":""servicem8-material-7db6424a-3caf-47dc-a600-24000c726c5d"",""priceListItemId"":"""",""elsetDescription"":""Electric strike"",""qbDescription"":""Electric strike"",""expectedItem"":{""id"":""123"",""name"":""ELSET Services"",""incomeAccountId"":""9"",""status"":""FALLBACK"",""reason"":""Saved line has no priceListItemId; the new model uses the configured fallback."",""comparisonKnown"":true,""accountEligibility"":""NOT_REVALIDATED_ARCHIVE_HAS_NO_ACCOUNT_ENTITY""},""qbItemId"":""43"",""qbItemName"":""ST-001"",""qbIncomeAccountId"":""16"",""qbIncomeAccountName"":""Billable Expense Income ( 16 )"",""elsetQuantityMicros"":1000000,""qbQuantityMicros"":1000000,""elsetUnitPriceMicros"":225000000,""qbUnitPriceMicros"":225000000,""elsetLineAmountCents"":22500,""qbLineAmountCents"":22500,""DESCRIPTION_DIFF"":false,""DESCRIPTION_FORMAT_ONLY"":false,""DESCRIPTION_CONTENT_DIFF"":false,""PRODUCT_SERVICE_DIFF"":true,""PRODUCT_SERVICE_COMPARISON_UNKNOWN"":false,""INCOME_ACCOUNT_DIFF"":true,""QTY_DIFF"":false,""UNIT_PRICE_DIFF"":false,""LINE_AMOUNT_DIFF"":false},{""position"":2,""qbPosition"":2,""lineAlignment"":""EXACT_CONTENT_BIJECTION"",""elsetLineId"":""servicem8-material-add0602c-a010-430e-86e7-24000e6fba9d"",""priceListItemId"":"""",""elsetDescription"":""Service Call out ."",""qbDescription"":""Service Call out ."",""expectedItem"":{""id"":""123"",""name"":""ELSET Services"",""incomeAccountId"":""9"",""status"":""FALLBACK"",""reason"":""Saved line has no priceListItemId; the new model uses the configured fallback."",""comparisonKnown"":true,""accountEligibility"":""NOT_REVALIDATED_ARCHIVE_HAS_NO_ACCOUNT_ENTITY""},""qbItemId"":""8"",""qbItemName"":""SCO-001"",""qbIncomeAccountId"":""16"",""qbIncomeAccountName"":""Billable Expense Income ( 16 )"",""elsetQuantityMicros"":1000000,""qbQuantityMicros"":1000000,""elsetUnitPriceMicros"":250000000,""qbUnitPriceMicros"":250000000,""elsetLineAmountCents"":25000,""qbLineAmountCents"":25000,""DESCRIPTION_DIFF"":false,""DESCRIPTION_FORMAT_ONLY"":false,""DESCRIPTION_CONTENT_DIFF"":false,""PRODUCT_SERVICE_DIFF"":true,""PRODUCT_SERVICE_COMPARISON_UNKNOWN"":false,""INCOME_ACCOUNT_DIFF"":true,""QTY_DIFF"":false,""UNIT_PRICE_DIFF"":false,""LINE_AMOUNT_DIFF"":false}]","{""id"":""60"",""candidates"":[""60""],""mapped"":false,""safe"":true,""state"":""MATCHED"",""reason"":""Existing mapping, exact marker or unique exact normalized customer identity.""}","CLEAR_CANONICAL_CANDIDATE","195","MATCHING_PAYMENT_STATE","","","","","[]","KEEP_HISTORICAL_ITEM_DESCRIPTION_FORMAT_AND_NUMBER_FORMAT"
"INV-0176","servicem8-job-94ffb681-a5a5-492f-8524-24000529fddd:invoice","JJ Lattouf","2026-03-27","165000","16500","181500","181500","0","","DIFFERENT_IN_QB","REVIEW_PAYMENT","COSMETIC_ONLY","false","false","true","false","true","false","false","false","false","false","false","false","false","false","false","true","false","false","false","true","false","false","true","197","176","JJ Lattouf","61","2026-03-27","165000","16500","181500","0","181500","[""Payment""]","[{""type"":""Payment"",""id"":""214"",""via"":""payment allocation""}]","[{""id"":""214"",""date"":""2026-04-27"",""customerId"":""61"",""totalCents"":181500,""unappliedCents"":0,""allocations"":[{""amountCents"":181500,""links"":[{""TxnId"":""197"",""TxnType"":""Invoice""}]}],""metadata"":{""CreateTime"":""2026-04-29T17:38:37-07:00"",""LastUpdatedTime"":""2026-04-29T17:38:37-07:00""}}]","2026-03-26T19:53:12-07:00","2026-04-29T17:38:57-07:00","[]","[]","{""CUSTOMER_MATCH"":true,""DATE_MATCH"":true,""DOC_NUMBER_MATCH"":false,""LINE_COUNT_MATCH"":true,""PRODUCT_SERVICE_MATCH"":false,""DESCRIPTION_MATCH"":true,""QTY_MATCH"":true,""UNIT_PRICE_MATCH"":true,""LINE_AMOUNT_MATCH"":true,""SUBTOTAL_MATCH"":true,""GST_MATCH"":true,""TOTAL_MATCH"":true,""BALANCE_MATCH"":true,""PAYMENT_STATE_MATCH"":true}","[]","[{""position"":1,""qbPosition"":1,""lineAlignment"":""EXACT_CONTENT_BIJECTION"",""elsetLineId"":""servicem8-material-59641269-c3f8-4093-9882-240006f87f1d"",""priceListItemId"":"""",""elsetDescription"":""S Maintenance service on two sliding gate motors"",""qbDescription"":""S Maintenance service on two sliding gate motors"",""expectedItem"":{""id"":""123"",""name"":""ELSET Services"",""incomeAccountId"":""9"",""status"":""FALLBACK"",""reason"":""Saved line has no priceListItemId; the new model uses the configured fallback."",""comparisonKnown"":true,""accountEligibility"":""NOT_REVALIDATED_ARCHIVE_HAS_NO_ACCOUNT_ENTITY""},""qbItemId"":""8"",""qbItemName"":""SCO-001"",""qbIncomeAccountId"":""16"",""qbIncomeAccountName"":""Billable Expense Income ( 16 )"",""elsetQuantityMicros"":1000000,""qbQuantityMicros"":1000000,""elsetUnitPriceMicros"":400000000,""qbUnitPriceMicros"":400000000,""elsetLineAmountCents"":40000,""qbLineAmountCents"":40000,""DESCRIPTION_DIFF"":false,""DESCRIPTION_FORMAT_ONLY"":false,""DESCRIPTION_CONTENT_DIFF"":false,""PRODUCT_SERVICE_DIFF"":true,""PRODUCT_SERVICE_COMPARISON_UNKNOWN"":false,""INCOME_ACCOUNT_DIFF"":true,""QTY_DIFF"":false,""UNIT_PRICE_DIFF"":false,""LINE_AMOUNT_DIFF"":false},{""position"":2,""qbPosition"":2,""lineAlignment"":""EXACT_CONTENT_BIJECTION"",""elsetLineId"":""servicem8-material-62dca751-efeb-4481-85b8-240008ec660d"",""priceListItemId"":"""",""elsetDescription"":""Supply and install new safety photo cell"",""qbDescription"":""Supply and install new safety photo cell"",""expectedItem"":{""id"":""123"",""name"":""ELSET Services"",""incomeAccountId"":""9"",""status"":""FALLBACK"",""reason"":""Saved line has no priceListItemId; the new model uses the configured fallback."",""comparisonKnown"":true,""accountEligibility"":""NOT_REVALIDATED_ARCHIVE_HAS_NO_ACCOUNT_ENTITY""},""qbItemId"":""67"",""qbItemName"":""PHOTO-C"",""qbIncomeAccountId"":""16"",""qbIncomeAccountName"":""Billable Expense Income ( 16 )"",""elsetQuantityMicros"":2000000,""qbQuantityMicros"":2000000,""elsetUnitPriceMicros"":500000000,""qbUnitPriceMicros"":500000000,""elsetLineAmountCents"":100000,""qbLineAmountCents"":100000,""DESCRIPTION_DIFF"":false,""DESCRIPTION_FORMAT_ONLY"":false,""DESCRIPTION_CONTENT_DIFF"":false,""PRODUCT_SERVICE_DIFF"":true,""PRODUCT_SERVICE_COMPARISON_UNKNOWN"":false,""INCOME_ACCOUNT_DIFF"":true,""QTY_DIFF"":false,""UNIT_PRICE_DIFF"":false,""LINE_AMOUNT_DIFF"":false},{""position"":3,""qbPosition"":3,""lineAlignment"":""EXACT_CONTENT_BIJECTION"",""elsetLineId"":""servicem8-material-d0e3c9c8-b2f0-424b-95fd-240008c797ed"",""priceListItemId"":"""",""elsetDescription"":""Replaced electronic control board for DEA ram sliding gate operator damaged from insects"",""qbDescription"":""Replaced electronic control board for DEA ram sliding gate operator damaged from insects"",""expectedItem"":{""id"":""123"",""name"":""ELSET Services"",""incomeAccountId"":""9"",""status"":""FALLBACK"",""reason"":""Saved line has no priceListItemId; the new model uses the configured fallback."",""comparisonKnown"":true,""accountEligibility"":""NOT_REVALIDATED_ARCHIVE_HAS_NO_ACCOUNT_ENTITY""},""qbItemId"":""74"",""qbItemName"":""misc"",""qbIncomeAccountId"":""16"",""qbIncomeAccountName"":""Billable Expense Income ( 16 )"",""elsetQuantityMicros"":1000000,""qbQuantityMicros"":1000000,""elsetUnitPriceMicros"":170000000,""qbUnitPriceMicros"":170000000,""elsetLineAmountCents"":17000,""qbLineAmountCents"":17000,""DESCRIPTION_DIFF"":false,""DESCRIPTION_FORMAT_ONLY"":false,""DESCRIPTION_CONTENT_DIFF"":false,""PRODUCT_SERVICE_DIFF"":true,""PRODUCT_SERVICE_COMPARISON_UNKNOWN"":false,""INCOME_ACCOUNT_DIFF"":true,""QTY_DIFF"":false,""UNIT_PRICE_DIFF"":false,""LINE_AMOUNT_DIFF"":false},{""position"":4,""qbPosition"":4,""lineAlignment"":""EXACT_CONTENT_BIJECTION"",""elsetLineId"":""servicem8-material-f9527e86-8d9e-437a-a370-24000b9cbe4d"",""priceListItemId"":"""",""elsetDescription"":""Replaced section of rack with broken teeth"",""qbDescription"":""Replaced section of rack with broken teeth"",""expectedItem"":{""id"":""123"",""name"":""ELSET Services"",""incomeAccountId"":""9"",""status"":""FALLBACK"",""reason"":""Saved line has no priceListItemId; the new model uses the configured fallback."",""comparisonKnown"":true,""accountEligibility"":""NOT_REVALIDATED_ARCHIVE_HAS_NO_ACCOUNT_ENTITY""},""qbItemId"":""74"",""qbItemName"":""misc"",""qbIncomeAccountId"":""16"",""qbIncomeAccountName"":""Billable Expense Income ( 16 )"",""elsetQuantityMicros"":1000000,""qbQuantityMicros"":1000000,""elsetUnitPriceMicros"":80000000,""qbUnitPriceMicros"":80000000,""elsetLineAmountCents"":8000,""qbLineAmountCents"":8000,""DESCRIPTION_DIFF"":false,""DESCRIPTION_FORMAT_ONLY"":false,""DESCRIPTION_CONTENT_DIFF"":false,""PRODUCT_SERVICE_DIFF"":true,""PRODUCT_SERVICE_COMPARISON_UNKNOWN"":false,""INCOME_ACCOUNT_DIFF"":true,""QTY_DIFF"":false,""UNIT_PRICE_DIFF"":false,""LINE_AMOUNT_DIFF"":false}]","{""id"":""61"",""candidates"":[""61""],""mapped"":false,""safe"":true,""state"":""MATCHED"",""reason"":""Existing mapping, exact marker or unique exact normalized customer identity.""}","CLEAR_CANONICAL_CANDIDATE","197","MATCHING_PAYMENT_STATE","","","","","[]","KEEP_HISTORICAL_ITEM_DESCRIPTION_FORMAT_AND_NUMBER_FORMAT"
"INV-0151","servicem8-job-4270eca1-4fb1-41cd-9b79-23e93994799d:invoice","Gayathri Thillainathan","2026-03-30","92000","9200","101200","101200","0","","DIFFERENT_IN_QB","REVIEW_PAYMENT","COSMETIC_ONLY","false","false","true","false","true","false","false","false","false","false","false","false","false","false","false","true","false","false","false","true","false","false","true","198","151","Gayathri Thillainathan","62","2026-03-30","92000","9200","101200","0","101200","[""Payment""]","[{""type"":""Payment"",""id"":""266"",""via"":""payment allocation""}]","[{""id"":""266"",""date"":""2026-06-30"",""customerId"":""62"",""totalCents"":101200,""unappliedCents"":0,""allocations"":[{""amountCents"":101200,""links"":[{""TxnId"":""198"",""TxnType"":""Invoice""}]}],""metadata"":{""CreateTime"":""2026-08-06T17:30:50-07:00"",""LastUpdatedTime"":""2026-08-06T17:30:50-07:00""}}]","2026-03-29T15:26:46-07:00","2026-08-06T17:32:23-07:00","[]","[]","{""CUSTOMER_MATCH"":true,""DATE_MATCH"":true,""DOC_NUMBER_MATCH"":false,""LINE_COUNT_MATCH"":true,""PRODUCT_SERVICE_MATCH"":false,""DESCRIPTION_MATCH"":true,""QTY_MATCH"":true,""UNIT_PRICE_MATCH"":true,""LINE_AMOUNT_MATCH"":true,""SUBTOTAL_MATCH"":true,""GST_MATCH"":true,""TOTAL_MATCH"":true,""BALANCE_MATCH"":true,""PAYMENT_STATE_MATCH"":true}","[]","[{""position"":1,""qbPosition"":1,""lineAlignment"":""EXACT_CONTENT_BIJECTION"",""elsetLineId"":""servicem8-material-c23a3426-2ff2-442b-b397-23e93587319d"",""priceListItemId"":"""",""elsetDescription"":""Repairs on double swing gate, Re instate posts, Re weld all mounts and replace new hinges. Re instate gate and install new locking system."",""qbDescription"":""Repairs on double swing gate, Re instate posts, Re weld all mounts and replace new hinges. Re instate gate and install new locking system."",""expectedItem"":{""id"":""123"",""name"":""ELSET Services"",""incomeAccountId"":""9"",""status"":""FALLBACK"",""reason"":""Saved line has no priceListItemId; the new model uses the configured fallback."",""comparisonKnown"":true,""accountEligibility"":""NOT_REVALIDATED_ARCHIVE_HAS_NO_ACCOUNT_ENTITY""},""qbItemId"":""81"",""qbItemName"":""SWING GATE"",""qbIncomeAccountId"":""16"",""qbIncomeAccountName"":""Billable Expense Income ( 16 )"",""elsetQuantityMicros"":1000000,""qbQuantityMicros"":1000000,""elsetUnitPriceMicros"":920000000,""qbUnitPriceMicros"":920000000,""elsetLineAmountCents"":92000,""qbLineAmountCents"":92000,""DESCRIPTION_DIFF"":false,""DESCRIPTION_FORMAT_ONLY"":false,""DESCRIPTION_CONTENT_DIFF"":false,""PRODUCT_SERVICE_DIFF"":true,""PRODUCT_SERVICE_COMPARISON_UNKNOWN"":false,""INCOME_ACCOUNT_DIFF"":true,""QTY_DIFF"":false,""UNIT_PRICE_DIFF"":false,""LINE_AMOUNT_DIFF"":false}]","{""id"":""62"",""candidates"":[""62""],""mapped"":false,""safe"":true,""state"":""MATCHED"",""reason"":""Existing mapping, exact marker or unique exact normalized customer identity.""}","CLEAR_CANONICAL_CANDIDATE","198","MATCHING_PAYMENT_STATE","","","","","[]","KEEP_HISTORICAL_ITEM_DESCRIPTION_FORMAT_AND_NUMBER_FORMAT"
"INV-0177","servicem8-job-be95043c-d3a9-4c55-a171-2404891737fd:invoice","Great Ocean Road RV","2026-04-01","95000","9500","104500","104500","0","","DIFFERENT_IN_QB","REVIEW_PAYMENT","COSMETIC_ONLY","false","false","true","false","true","false","false","false","false","false","false","false","false","false","false","true","false","false","false","true","false","false","true","199","177","Great Ocean Road RV","63","2026-04-01","95000","9500","104500","0","104500","[""Payment""]","[{""type"":""Payment"",""id"":""216"",""via"":""payment allocation""}]","[{""id"":""216"",""date"":""2026-04-13"",""customerId"":""63"",""totalCents"":104500,""unappliedCents"":0,""allocations"":[{""amountCents"":104500,""links"":[{""TxnId"":""199"",""TxnType"":""Invoice""}]}],""metadata"":{""CreateTime"":""2026-04-29T17:38:37-07:00"",""LastUpdatedTime"":""2026-04-29T17:38:37-07:00""}}]","2026-03-31T16:37:10-07:00","2026-04-29T17:38:57-07:00","[]","[]","{""CUSTOMER_MATCH"":true,""DATE_MATCH"":true,""DOC_NUMBER_MATCH"":false,""LINE_COUNT_MATCH"":true,""PRODUCT_SERVICE_MATCH"":false,""DESCRIPTION_MATCH"":true,""QTY_MATCH"":true,""UNIT_PRICE_MATCH"":true,""LINE_AMOUNT_MATCH"":true,""SUBTOTAL_MATCH"":true,""GST_MATCH"":true,""TOTAL_MATCH"":true,""BALANCE_MATCH"":true,""PAYMENT_STATE_MATCH"":true}","[]","[{""position"":1,""qbPosition"":1,""lineAlignment"":""EXACT_CONTENT_BIJECTION"",""elsetLineId"":""servicem8-material-9fe5c671-962f-405c-9221-2404833c9bdd"",""priceListItemId"":"""",""elsetDescription"":""Repairs to garage door."",""qbDescription"":""Repairs to garage door."",""expectedItem"":{""id"":""123"",""name"":""ELSET Services"",""incomeAccountId"":""9"",""status"":""FALLBACK"",""reason"":""Saved line has no priceListItemId; the new model uses the configured fallback."",""comparisonKnown"":true,""accountEligibility"":""NOT_REVALIDATED_ARCHIVE_HAS_NO_ACCOUNT_ENTITY""},""qbItemId"":""82"",""qbItemName"":""REP-GAR"",""qbIncomeAccountId"":""16"",""qbIncomeAccountName"":""Billable Expense Income ( 16 )"",""elsetQuantityMicros"":1000000,""qbQuantityMicros"":1000000,""elsetUnitPriceMicros"":950000000,""qbUnitPriceMicros"":950000000,""elsetLineAmountCents"":95000,""qbLineAmountCents"":95000,""DESCRIPTION_DIFF"":false,""DESCRIPTION_FORMAT_ONLY"":false,""DESCRIPTION_CONTENT_DIFF"":false,""PRODUCT_SERVICE_DIFF"":true,""PRODUCT_SERVICE_COMPARISON_UNKNOWN"":false,""INCOME_ACCOUNT_DIFF"":true,""QTY_DIFF"":false,""UNIT_PRICE_DIFF"":false,""LINE_AMOUNT_DIFF"":false}]","{""id"":""63"",""candidates"":[""63""],""mapped"":false,""safe"":true,""state"":""MATCHED"",""reason"":""Existing mapping, exact marker or unique exact normalized customer identity.""}","CLEAR_CANONICAL_CANDIDATE","199","MATCHING_PAYMENT_STATE","","","","","[]","KEEP_HISTORICAL_ITEM_DESCRIPTION_FORMAT_AND_NUMBER_FORMAT"
"INV-0178","servicem8-job-ff02a684-6cad-4149-82cf-2405b69eb16d:invoice","STEPHANIE YUAN","2026-04-01","87000","8700","95700","95700","0","","DIFFERENT_IN_QB","REVIEW_PAYMENT","COSMETIC_ONLY","false","false","true","false","true","false","false","false","false","false","false","false","false","false","false","true","false","false","false","true","false","false","true","329","178","STEPHANIE YUAN","90","2026-04-01","87000","8700","95700","0","95700","[""Payment""]","[{""type"":""Payment"",""id"":""337"",""via"":""payment allocation""}]","[{""id"":""337"",""date"":""2026-04-20"",""customerId"":""90"",""totalCents"":95700,""unappliedCents"":0,""allocations"":[{""amountCents"":95700,""links"":[{""TxnId"":""329"",""TxnType"":""Invoice""}]}],""metadata"":{""CreateTime"":""2026-08-11T16:49:38-07:00"",""LastUpdatedTime"":""2026-08-11T16:49:38-07:00""}}]","2026-08-11T16:48:57-07:00","2026-08-11T17:44:40-07:00","[]","[]","{""CUSTOMER_MATCH"":true,""DATE_MATCH"":true,""DOC_NUMBER_MATCH"":false,""LINE_COUNT_MATCH"":true,""PRODUCT_SERVICE_MATCH"":false,""DESCRIPTION_MATCH"":true,""QTY_MATCH"":true,""UNIT_PRICE_MATCH"":true,""LINE_AMOUNT_MATCH"":true,""SUBTOTAL_MATCH"":true,""GST_MATCH"":true,""TOTAL_MATCH"":true,""BALANCE_MATCH"":true,""PAYMENT_STATE_MATCH"":true}","[]","[{""position"":1,""qbPosition"":1,""lineAlignment"":""EXACT_CONTENT_BIJECTION"",""elsetLineId"":""servicem8-material-80c064c4-6c11-4caf-bb60-2405b253ac1d"",""priceListItemId"":"""",""elsetDescription"":""Service and repairs on double swing gate RIB MOD 24V prince gate operator"",""qbDescription"":""Service and repairs on double swing gate RIB MOD 24V prince gate operator"",""expectedItem"":{""id"":""123"",""name"":""ELSET Services"",""incomeAccountId"":""9"",""status"":""FALLBACK"",""reason"":""Saved line has no priceListItemId; the new model uses the configured fallback."",""comparisonKnown"":true,""accountEligibility"":""NOT_REVALIDATED_ARCHIVE_HAS_NO_ACCOUNT_ENTITY""},""qbItemId"":""5"",""qbItemName"":""SCR-001"",""qbIncomeAccountId"":""16"",""qbIncomeAccountName"":""Billable Expense Income ( 16 )"",""elsetQuantityMicros"":1000000,""qbQuantityMicros"":1000000,""elsetUnitPriceMicros"":870000000,""qbUnitPriceMicros"":870000000,""elsetLineAmountCents"":87000,""qbLineAmountCents"":87000,""DESCRIPTION_DIFF"":false,""DESCRIPTION_FORMAT_ONLY"":false,""DESCRIPTION_CONTENT_DIFF"":false,""PRODUCT_SERVICE_DIFF"":true,""PRODUCT_SERVICE_COMPARISON_UNKNOWN"":false,""INCOME_ACCOUNT_DIFF"":true,""QTY_DIFF"":false,""UNIT_PRICE_DIFF"":false,""LINE_AMOUNT_DIFF"":false}]","{""id"":""90"",""candidates"":[""90""],""mapped"":false,""safe"":true,""state"":""MATCHED"",""reason"":""Existing mapping, exact marker or unique exact normalized customer identity.""}","CLEAR_CANONICAL_CANDIDATE","329","MATCHING_PAYMENT_STATE","","","","","[]","KEEP_HISTORICAL_ITEM_DESCRIPTION_FORMAT_AND_NUMBER_FORMAT"
"INV-0181","servicem8-job-22f4a1e4-67dd-4beb-9dfc-24121b5c92cd:invoice","Annie Williams","2026-04-15","98000","9800","107800","107800","0","","DIFFERENT_IN_QB","REVIEW_PAYMENT","MULTIPLE_DIFF_TYPES","true","false","true","false","true","false","false","false","false","false","false","false","false","false","true","true","false","false","false","false","false","false","true","208","181","Annie Williams","64","2026-04-15","98000","9800","107800","0","107800","[""Payment""]","[{""type"":""Payment"",""id"":""215"",""via"":""payment allocation""}]","[{""id"":""215"",""date"":""2026-04-24"",""customerId"":""64"",""totalCents"":107800,""unappliedCents"":0,""allocations"":[{""amountCents"":107800,""links"":[{""TxnId"":""208"",""TxnType"":""Invoice""}]}],""metadata"":{""CreateTime"":""2026-04-29T17:38:37-07:00"",""LastUpdatedTime"":""2026-04-29T17:38:37-07:00""}}]","2026-04-14T15:15:16-07:00","2026-04-29T17:38:58-07:00","[]","[]","{""CUSTOMER_MATCH"":false,""DATE_MATCH"":true,""DOC_NUMBER_MATCH"":false,""LINE_COUNT_MATCH"":true,""PRODUCT_SERVICE_MATCH"":false,""DESCRIPTION_MATCH"":true,""QTY_MATCH"":true,""UNIT_PRICE_MATCH"":true,""LINE_AMOUNT_MATCH"":true,""SUBTOTAL_MATCH"":true,""GST_MATCH"":true,""TOTAL_MATCH"":true,""BALANCE_MATCH"":true,""PAYMENT_STATE_MATCH"":true}","[]","[{""position"":1,""qbPosition"":2,""lineAlignment"":""EXACT_CONTENT_BIJECTION"",""elsetLineId"":""servicem8-material-1806b596-deaf-47d4-913e-2412184ca20d"",""priceListItemId"":"""",""elsetDescription"":""Reinforcement plate"",""qbDescription"":""Reinforcement plate"",""expectedItem"":{""id"":""123"",""name"":""ELSET Services"",""incomeAccountId"":""9"",""status"":""FALLBACK"",""reason"":""Saved line has no priceListItemId; the new model uses the configured fallback."",""comparisonKnown"":true,""accountEligibility"":""NOT_REVALIDATED_ARCHIVE_HAS_NO_ACCOUNT_ENTITY""},""qbItemId"":""84"",""qbItemName"":""REINF"",""qbIncomeAccountId"":""16"",""qbIncomeAccountName"":""Billable Expense Income ( 16 )"",""elsetQuantityMicros"":1000000,""qbQuantityMicros"":1000000,""elsetUnitPriceMicros"":0,""qbUnitPriceMicros"":0,""elsetLineAmountCents"":0,""qbLineAmountCents"":0,""DESCRIPTION_DIFF"":false,""DESCRIPTION_FORMAT_ONLY"":false,""DESCRIPTION_CONTENT_DIFF"":false,""PRODUCT_SERVICE_DIFF"":true,""PRODUCT_SERVICE_COMPARISON_UNKNOWN"":false,""INCOME_ACCOUNT_DIFF"":true,""QTY_DIFF"":false,""UNIT_PRICE_DIFF"":false,""LINE_AMOUNT_DIFF"":false},{""position"":2,""qbPosition"":3,""lineAlignment"":""EXACT_CONTENT_BIJECTION"",""elsetLineId"":""servicem8-material-23b0753d-13dc-4794-a944-241216516aad"",""priceListItemId"":"""",""elsetDescription"":""Service Call out ."",""qbDescription"":""Service Call out ."",""expectedItem"":{""id"":""123"",""name"":""ELSET Services"",""incomeAccountId"":""9"",""status"":""FALLBACK"",""reason"":""Saved line has no priceListItemId; the new model uses the configured fallback."",""comparisonKnown"":true,""accountEligibility"":""NOT_REVALIDATED_ARCHIVE_HAS_NO_ACCOUNT_ENTITY""},""qbItemId"":""8"",""qbItemName"":""SCO-001"",""qbIncomeAccountId"":""16"",""qbIncomeAccountName"":""Billable Expense Income ( 16 )"",""elsetQuantityMicros"":1000000,""qbQuantityMicros"":1000000,""elsetUnitPriceMicros"":250000000,""qbUnitPriceMicros"":250000000,""elsetLineAmountCents"":25000,""qbLineAmountCents"":25000,""DESCRIPTION_DIFF"":false,""DESCRIPTION_FORMAT_ONLY"":false,""DESCRIPTION_CONTENT_DIFF"":false,""PRODUCT_SERVICE_DIFF"":true,""PRODUCT_SERVICE_COMPARISON_UNKNOWN"":false,""INCOME_ACCOUNT_DIFF"":true,""QTY_DIFF"":false,""UNIT_PRICE_DIFF"":false,""LINE_AMOUNT_DIFF"":false},{""position"":3,""qbPosition"":1,""lineAlignment"":""EXACT_CONTENT_BIJECTION"",""elsetLineId"":""servicem8-material-755e7845-3e30-42ac-9c48-24121e4cd67d"",""priceListItemId"":"""",""elsetDescription"":""New DEA 24N control board"",""qbDescription"":""New DEA 24N control board"",""expectedItem"":{""id"":""123"",""name"":""ELSET Services"",""incomeAccountId"":""9"",""status"":""FALLBACK"",""reason"":""Saved line has no priceListItemId; the new model uses the configured fallback."",""comparisonKnown"":true,""accountEligibility"":""NOT_REVALIDATED_ARCHIVE_HAS_NO_ACCOUNT_ENTITY""},""qbItemId"":""83"",""qbItemName"":""CONTROL- BOARD"",""qbIncomeAccountId"":""16"",""qbIncomeAccountName"":""Billable Expense Income ( 16 )"",""elsetQuantityMicros"":1000000,""qbQuantityMicros"":1000000,""elsetUnitPriceMicros"":730000000,""qbUnitPriceMicros"":730000000,""elsetLineAmountCents"":73000,""qbLineAmountCents"":73000,""DESCRIPTION_DIFF"":false,""DESCRIPTION_FORMAT_ONLY"":false,""DESCRIPTION_CONTENT_DIFF"":false,""PRODUCT_SERVICE_DIFF"":true,""PRODUCT_SERVICE_COMPARISON_UNKNOWN"":false,""INCOME_ACCOUNT_DIFF"":true,""QTY_DIFF"":false,""UNIT_PRICE_DIFF"":false,""LINE_AMOUNT_DIFF"":false}]","{""id"":"""",""candidates"":[""64""],""mapped"":false,""safe"":false,""state"":""AMBIGUOUS"",""reason"":""Customer name/email candidates conflict or are not unique.""}","REVIEW_REQUIRED","","MATCHING_PAYMENT_STATE","","","","","[""PHASE_4""]","REVIEW_ONLY"
"INV-0184","servicem8-job-9c9c1954-9658-4903-a6c1-2418dd29160d:invoice","O.C Strata Mangement","2026-04-20","300000","30000","330000","330000","0","","DIFFERENT_IN_QB","REVIEW_PAYMENT","COSMETIC_ONLY","false","false","true","false","true","false","false","false","false","false","false","false","false","false","false","true","false","false","false","true","false","false","true","332","184","O.C Strata Mangement","4","2026-04-20","300000","30000","330000","0","330000","[""Payment""]","[{""type"":""Payment"",""id"":""339"",""via"":""payment allocation""}]","[{""id"":""339"",""date"":""2026-05-27"",""customerId"":""4"",""totalCents"":330000,""unappliedCents"":0,""allocations"":[{""amountCents"":330000,""links"":[{""TxnId"":""332"",""TxnType"":""Invoice""}]}],""metadata"":{""CreateTime"":""2026-08-11T16:49:38-07:00"",""LastUpdatedTime"":""2026-08-11T16:49:38-07:00""}}]","2026-08-11T16:49:20-07:00","2026-08-11T17:44:50-07:00","[]","[]","{""CUSTOMER_MATCH"":true,""DATE_MATCH"":true,""DOC_NUMBER_MATCH"":false,""LINE_COUNT_MATCH"":true,""PRODUCT_SERVICE_MATCH"":false,""DESCRIPTION_MATCH"":true,""QTY_MATCH"":true,""UNIT_PRICE_MATCH"":true,""LINE_AMOUNT_MATCH"":true,""SUBTOTAL_MATCH"":true,""GST_MATCH"":true,""TOTAL_MATCH"":true,""BALANCE_MATCH"":true,""PAYMENT_STATE_MATCH"":true}","[]","[{""position"":1,""qbPosition"":1,""lineAlignment"":""EXACT_CONTENT_BIJECTION"",""elsetLineId"":""servicem8-material-83e6e5ed-7a5e-46c2-9d10-2418d008b52d"",""priceListItemId"":"""",""elsetDescription"":""Replace wheels and nylon rack on sliding gate, change and program new dea control board, supply 12 x remote controls,"",""qbDescription"":""Replace wheels and nylon rack on sliding gate, change and program new dea control board, supply 12 x remote controls,"",""expectedItem"":{""id"":""123"",""name"":""ELSET Services"",""incomeAccountId"":""9"",""status"":""FALLBACK"",""reason"":""Saved line has no priceListItemId; the new model uses the configured fallback."",""comparisonKnown"":true,""accountEligibility"":""NOT_REVALIDATED_ARCHIVE_HAS_NO_ACCOUNT_ENTITY""},""qbItemId"":""74"",""qbItemName"":""misc"",""qbIncomeAccountId"":""16"",""qbIncomeAccountName"":""Billable Expense Income ( 16 )"",""elsetQuantityMicros"":1000000,""qbQuantityMicros"":1000000,""elsetUnitPriceMicros"":3000000000,""qbUnitPriceMicros"":3000000000,""elsetLineAmountCents"":300000,""qbLineAmountCents"":300000,""DESCRIPTION_DIFF"":false,""DESCRIPTION_FORMAT_ONLY"":false,""DESCRIPTION_CONTENT_DIFF"":false,""PRODUCT_SERVICE_DIFF"":true,""PRODUCT_SERVICE_COMPARISON_UNKNOWN"":false,""INCOME_ACCOUNT_DIFF"":true,""QTY_DIFF"":false,""UNIT_PRICE_DIFF"":false,""LINE_AMOUNT_DIFF"":false}]","{""id"":""4"",""candidates"":[""4""],""mapped"":true,""safe"":true,""state"":""MATCHED"",""reason"":""Existing mapping, exact marker or unique exact normalized customer identity.""}","CLEAR_CANONICAL_CANDIDATE","332","MATCHING_PAYMENT_STATE","","","","","[]","KEEP_HISTORICAL_ITEM_DESCRIPTION_FORMAT_AND_NUMBER_FORMAT"
"INV-0187","servicem8-job-2093f79d-5361-4669-a97a-241ac9248b5d:invoice","Tom Gorog","2026-04-22","25000","2500","27500","27500","0","","DIFFERENT_IN_QB","REVIEW_PAYMENT","COSMETIC_ONLY","false","false","true","false","true","false","false","false","false","false","false","false","false","false","false","true","false","false","false","true","false","false","true","325","187","Tom Gorog","69","2026-04-22","25000","2500","27500","0","27500","[""Payment""]","[{""type"":""Payment"",""id"":""336"",""via"":""payment allocation""}]","[{""id"":""336"",""date"":""2026-04-27"",""customerId"":""69"",""totalCents"":27500,""unappliedCents"":0,""allocations"":[{""amountCents"":27500,""links"":[{""TxnId"":""325"",""TxnType"":""Invoice""}]}],""metadata"":{""CreateTime"":""2026-08-11T16:49:37-07:00"",""LastUpdatedTime"":""2026-08-11T16:49:37-07:00""}}]","2026-08-11T16:48:35-07:00","2026-08-11T17:44:40-07:00","[]","[]","{""CUSTOMER_MATCH"":true,""DATE_MATCH"":true,""DOC_NUMBER_MATCH"":false,""LINE_COUNT_MATCH"":true,""PRODUCT_SERVICE_MATCH"":false,""DESCRIPTION_MATCH"":true,""QTY_MATCH"":true,""UNIT_PRICE_MATCH"":true,""LINE_AMOUNT_MATCH"":true,""SUBTOTAL_MATCH"":true,""GST_MATCH"":true,""TOTAL_MATCH"":true,""BALANCE_MATCH"":true,""PAYMENT_STATE_MATCH"":true}","[]","[{""position"":1,""qbPosition"":1,""lineAlignment"":""EXACT_CONTENT_BIJECTION"",""elsetLineId"":""servicem8-material-bbe8ece7-9f55-4d54-84ff-241acd43f40d"",""priceListItemId"":"""",""elsetDescription"":""Service Call out ."",""qbDescription"":""Service Call out ."",""expectedItem"":{""id"":""123"",""name"":""ELSET Services"",""incomeAccountId"":""9"",""status"":""FALLBACK"",""reason"":""Saved line has no priceListItemId; the new model uses the configured fallback."",""comparisonKnown"":true,""accountEligibility"":""NOT_REVALIDATED_ARCHIVE_HAS_NO_ACCOUNT_ENTITY""},""qbItemId"":""8"",""qbItemName"":""SCO-001"",""qbIncomeAccountId"":""16"",""qbIncomeAccountName"":""Billable Expense Income ( 16 )"",""elsetQuantityMicros"":1000000,""qbQuantityMicros"":1000000,""elsetUnitPriceMicros"":250000000,""qbUnitPriceMicros"":250000000,""elsetLineAmountCents"":25000,""qbLineAmountCents"":25000,""DESCRIPTION_DIFF"":false,""DESCRIPTION_FORMAT_ONLY"":false,""DESCRIPTION_CONTENT_DIFF"":false,""PRODUCT_SERVICE_DIFF"":true,""PRODUCT_SERVICE_COMPARISON_UNKNOWN"":false,""INCOME_ACCOUNT_DIFF"":true,""QTY_DIFF"":false,""UNIT_PRICE_DIFF"":false,""LINE_AMOUNT_DIFF"":false}]","{""id"":""69"",""candidates"":[""69""],""mapped"":false,""safe"":true,""state"":""MATCHED"",""reason"":""Existing mapping, exact marker or unique exact normalized customer identity.""}","CLEAR_CANONICAL_CANDIDATE","325","MATCHING_PAYMENT_STATE","","","","","[]","KEEP_HISTORICAL_ITEM_DESCRIPTION_FORMAT_AND_NUMBER_FORMAT"
"INV-0185","servicem8-job-d8071f30-4e82-464d-8cb4-241908e3131d:invoice","Mirella Makcon","2026-04-22","57000","5700","62700","62700","0","","DIFFERENT_IN_QB","REVIEW_PAYMENT","CUSTOMER_OR_DATE_DIFF","true","false","true","false","true","false","false","false","false","false","false","false","false","false","false","true","false","false","false","false","false","false","true","333","185","Mirella Makcon","91","2026-04-22","57000","5700","62700","0","62700","[""Payment""]","[{""type"":""Payment"",""id"":""335"",""via"":""payment allocation""}]","[{""id"":""335"",""date"":""2026-04-22"",""customerId"":""91"",""totalCents"":62700,""unappliedCents"":0,""allocations"":[{""amountCents"":62700,""links"":[{""TxnId"":""333"",""TxnType"":""Invoice""}]}],""metadata"":{""CreateTime"":""2026-08-11T16:49:37-07:00"",""LastUpdatedTime"":""2026-08-11T16:49:37-07:00""}}]","2026-08-11T16:49:21-07:00","2026-08-11T17:44:49-07:00","[]","[]","{""CUSTOMER_MATCH"":false,""DATE_MATCH"":true,""DOC_NUMBER_MATCH"":false,""LINE_COUNT_MATCH"":true,""PRODUCT_SERVICE_MATCH"":false,""DESCRIPTION_MATCH"":true,""QTY_MATCH"":true,""UNIT_PRICE_MATCH"":true,""LINE_AMOUNT_MATCH"":true,""SUBTOTAL_MATCH"":true,""GST_MATCH"":true,""TOTAL_MATCH"":true,""BALANCE_MATCH"":true,""PAYMENT_STATE_MATCH"":true}","[]","[{""position"":1,""qbPosition"":1,""lineAlignment"":""EXACT_CONTENT_BIJECTION"",""elsetLineId"":""servicem8-material-12e46f76-7095-4528-ae2f-241906ddf21d"",""priceListItemId"":"""",""elsetDescription"":""Repairs on gates"",""qbDescription"":""Repairs on gates"",""expectedItem"":{""id"":""123"",""name"":""ELSET Services"",""incomeAccountId"":""9"",""status"":""FALLBACK"",""reason"":""Saved line has no priceListItemId; the new model uses the configured fallback."",""comparisonKnown"":true,""accountEligibility"":""NOT_REVALIDATED_ARCHIVE_HAS_NO_ACCOUNT_ENTITY""},""qbItemId"":""79"",""qbItemName"":""REPAIRS-MISC"",""qbIncomeAccountId"":""16"",""qbIncomeAccountName"":""Billable Expense Income ( 16 )"",""elsetQuantityMicros"":1000000,""qbQuantityMicros"":1000000,""elsetUnitPriceMicros"":570000000,""qbUnitPriceMicros"":570000000,""elsetLineAmountCents"":57000,""qbLineAmountCents"":57000,""DESCRIPTION_DIFF"":false,""DESCRIPTION_FORMAT_ONLY"":false,""DESCRIPTION_CONTENT_DIFF"":false,""PRODUCT_SERVICE_DIFF"":true,""PRODUCT_SERVICE_COMPARISON_UNKNOWN"":false,""INCOME_ACCOUNT_DIFF"":true,""QTY_DIFF"":false,""UNIT_PRICE_DIFF"":false,""LINE_AMOUNT_DIFF"":false}]","{""id"":"""",""candidates"":[""91""],""mapped"":false,""safe"":false,""state"":""AMBIGUOUS"",""reason"":""Customer name/email candidates conflict or are not unique.""}","REVIEW_REQUIRED","","MATCHING_PAYMENT_STATE","","","","","[""PHASE_4""]","REVIEW_ONLY"
"INV-0186","servicem8-job-e0882d84-411f-4848-ad23-241ac844633d:invoice","DOMENIC LOCANDRO","2026-04-22","48000","4800","52800","52800","0","","DIFFERENT_IN_QB","REVIEW_CONFLICT","MULTIPLE_DIFF_TYPES","false","false","true","false","true","false","false","false","false","false","false","false","true","true","true","true","false","false","false","false","false","false","true","211","186","DOMENIC LOCANDRO","65","2026-04-22","48000","4800","52800","52800","0","[]","[]","[]","2026-04-21T19:06:40-07:00","2026-04-21T19:06:40-07:00","[]","[]","{""CUSTOMER_MATCH"":true,""DATE_MATCH"":true,""DOC_NUMBER_MATCH"":false,""LINE_COUNT_MATCH"":true,""PRODUCT_SERVICE_MATCH"":false,""DESCRIPTION_MATCH"":true,""QTY_MATCH"":true,""UNIT_PRICE_MATCH"":true,""LINE_AMOUNT_MATCH"":true,""SUBTOTAL_MATCH"":true,""GST_MATCH"":true,""TOTAL_MATCH"":true,""BALANCE_MATCH"":false,""PAYMENT_STATE_MATCH"":false}","[{""field"":""balance"",""elset"":0,""quickbooks"":52800,""unit"":""AUD cents""},{""field"":""paid_vs_inferred_paid"",""elset"":52800,""quickbooks"":0,""unit"":""AUD cents""}]","[{""position"":1,""qbPosition"":2,""lineAlignment"":""EXACT_CONTENT_BIJECTION"",""elsetLineId"":""servicem8-material-027de465-60d8-41a5-b4d3-241ac367d32d"",""priceListItemId"":"""",""elsetDescription"":""Repairs on sliding gate in post operator ( replaced section of rack and reprogram)"",""qbDescription"":""Repairs on sliding gate in post operator ( replaced section of rack and reprogram)"",""expectedItem"":{""id"":""123"",""name"":""ELSET Services"",""incomeAccountId"":""9"",""status"":""FALLBACK"",""reason"":""Saved line has no priceListItemId; the new model uses the configured fallback."",""comparisonKnown"":true,""accountEligibility"":""NOT_REVALIDATED_ARCHIVE_HAS_NO_ACCOUNT_ENTITY""},""qbItemId"":""75"",""qbItemName"":""Repairs"",""qbIncomeAccountId"":""16"",""qbIncomeAccountName"":""Billable Expense Income ( 16 )"",""elsetQuantityMicros"":1000000,""qbQuantityMicros"":1000000,""elsetUnitPriceMicros"":230000000,""qbUnitPriceMicros"":230000000,""elsetLineAmountCents"":23000,""qbLineAmountCents"":23000,""DESCRIPTION_DIFF"":false,""DESCRIPTION_FORMAT_ONLY"":false,""DESCRIPTION_CONTENT_DIFF"":false,""PRODUCT_SERVICE_DIFF"":true,""PRODUCT_SERVICE_COMPARISON_UNKNOWN"":false,""INCOME_ACCOUNT_DIFF"":true,""QTY_DIFF"":false,""UNIT_PRICE_DIFF"":false,""LINE_AMOUNT_DIFF"":false},{""position"":2,""qbPosition"":1,""lineAlignment"":""EXACT_CONTENT_BIJECTION"",""elsetLineId"":""servicem8-material-74af993c-0fd0-4068-a3ed-241ac2b7d5dd"",""priceListItemId"":"""",""elsetDescription"":""Service Call out ."",""qbDescription"":""Service Call out ."",""expectedItem"":{""id"":""123"",""name"":""ELSET Services"",""incomeAccountId"":""9"",""status"":""FALLBACK"",""reason"":""Saved line has no priceListItemId; the new model uses the configured fallback."",""comparisonKnown"":true,""accountEligibility"":""NOT_REVALIDATED_ARCHIVE_HAS_NO_ACCOUNT_ENTITY""},""qbItemId"":""8"",""qbItemName"":""SCO-001"",""qbIncomeAccountId"":""16"",""qbIncomeAccountName"":""Billable Expense Income ( 16 )"",""elsetQuantityMicros"":1000000,""qbQuantityMicros"":1000000,""elsetUnitPriceMicros"":250000000,""qbUnitPriceMicros"":250000000,""elsetLineAmountCents"":25000,""qbLineAmountCents"":25000,""DESCRIPTION_DIFF"":false,""DESCRIPTION_FORMAT_ONLY"":false,""DESCRIPTION_CONTENT_DIFF"":false,""PRODUCT_SERVICE_DIFF"":true,""PRODUCT_SERVICE_COMPARISON_UNKNOWN"":false,""INCOME_ACCOUNT_DIFF"":true,""QTY_DIFF"":false,""UNIT_PRICE_DIFF"":false,""LINE_AMOUNT_DIFF"":false}]","{""id"":""65"",""candidates"":[""65""],""mapped"":false,""safe"":true,""state"":""MATCHED"",""reason"":""Existing mapping, exact marker or unique exact normalized customer identity.""}","CLEAR_CANONICAL_CANDIDATE","211","ELSET_PAID_QB_UNPAID","","","","","[""PHASE_4""]","REVIEW_ONLY"
"INV-0084","servicem8-job-e888237a-9dd2-4c23-b447-236bc62061bd:invoice","Greg Bain","2026-04-22","1040000","104000","1144000","1144000","0","","DIFFERENT_IN_QB","REVIEW_PAYMENT","COSMETIC_ONLY","false","false","true","false","true","false","false","false","false","false","false","false","false","false","false","true","false","false","false","true","false","false","true","290","84","Greg Bain","81","2026-04-22","1040000","104000","1144000","0","1144000","[""Payment""]","[{""type"":""Payment"",""id"":""302"",""via"":""payment allocation""},{""type"":""Payment"",""id"":""301"",""via"":""payment allocation""}]","[{""id"":""302"",""date"":""2026-04-30"",""customerId"":""81"",""totalCents"":572000,""unappliedCents"":0,""allocations"":[{""amountCents"":572000,""links"":[{""TxnId"":""290"",""TxnType"":""Invoice""}]}],""metadata"":{""CreateTime"":""2026-08-11T16:28:55-07:00"",""LastUpdatedTime"":""2026-08-11T16:28:55-07:00""}},{""id"":""301"",""date"":""2025-10-29"",""customerId"":""81"",""totalCents"":572000,""unappliedCents"":0,""allocations"":[{""amountCents"":572000,""links"":[{""TxnId"":""290"",""TxnType"":""Invoice""}]}],""metadata"":{""CreateTime"":""2026-08-11T16:28:55-07:00"",""LastUpdatedTime"":""2026-08-11T16:28:55-07:00""}}]","2026-08-11T16:28:10-07:00","2026-08-11T16:48:46-07:00","[]","[]","{""CUSTOMER_MATCH"":true,""DATE_MATCH"":true,""DOC_NUMBER_MATCH"":false,""LINE_COUNT_MATCH"":true,""PRODUCT_SERVICE_MATCH"":false,""DESCRIPTION_MATCH"":true,""QTY_MATCH"":true,""UNIT_PRICE_MATCH"":true,""LINE_AMOUNT_MATCH"":true,""SUBTOTAL_MATCH"":true,""GST_MATCH"":true,""TOTAL_MATCH"":true,""BALANCE_MATCH"":true,""PAYMENT_STATE_MATCH"":true}","[]","[{""position"":1,""qbPosition"":1,""lineAlignment"":""EXACT_CONTENT_BIJECTION"",""elsetLineId"":""servicem8-material-425d58bf-a78f-4668-90ac-236bc31d4f2d"",""priceListItemId"":"""",""elsetDescription"":""Supply and installation of automation system."",""qbDescription"":""Supply and installation of automation system."",""expectedItem"":{""id"":""123"",""name"":""ELSET Services"",""incomeAccountId"":""9"",""status"":""FALLBACK"",""reason"":""Saved line has no priceListItemId; the new model uses the configured fallback."",""comparisonKnown"":true,""accountEligibility"":""NOT_REVALIDATED_ARCHIVE_HAS_NO_ACCOUNT_ENTITY""},""qbItemId"":""103"",""qbItemName"":""sil-001"",""qbIncomeAccountId"":""16"",""qbIncomeAccountName"":""Billable Expense Income ( 16 )"",""elsetQuantityMicros"":1000000,""qbQuantityMicros"":1000000,""elsetUnitPriceMicros"":10400000000,""qbUnitPriceMicros"":10400000000,""elsetLineAmountCents"":1040000,""qbLineAmountCents"":1040000,""DESCRIPTION_DIFF"":false,""DESCRIPTION_FORMAT_ONLY"":false,""DESCRIPTION_CONTENT_DIFF"":false,""PRODUCT_SERVICE_DIFF"":true,""PRODUCT_SERVICE_COMPARISON_UNKNOWN"":false,""INCOME_ACCOUNT_DIFF"":true,""QTY_DIFF"":false,""UNIT_PRICE_DIFF"":false,""LINE_AMOUNT_DIFF"":false}]","{""id"":""81"",""candidates"":[""81""],""mapped"":false,""safe"":true,""state"":""MATCHED"",""reason"":""Existing mapping, exact marker or unique exact normalized customer identity.""}","CLEAR_CANONICAL_CANDIDATE","290","MATCHING_PAYMENT_STATE","","","","","[]","KEEP_HISTORICAL_ITEM_DESCRIPTION_FORMAT_AND_NUMBER_FORMAT"
"INV-0183","servicem8-job-3f265032-28c2-47f8-ba1f-2413773a1c4d:invoice","Juliette","2026-04-24","407000","40700","447700","447700","0","","DIFFERENT_IN_QB","REVIEW_PAYMENT","MULTIPLE_DIFF_TYPES","false","true","true","false","true","false","false","false","false","false","false","false","false","false","true","true","false","false","false","false","false","false","true","295","183","Juliette","84","2026-04-16","407000","40700","447700","0","447700","[""Payment""]","[{""type"":""Payment"",""id"":""303"",""via"":""payment allocation""}]","[{""id"":""303"",""date"":""2026-04-27"",""customerId"":""84"",""totalCents"":447700,""unappliedCents"":0,""allocations"":[{""amountCents"":447700,""links"":[{""TxnId"":""295"",""TxnType"":""Invoice""}]}],""metadata"":{""CreateTime"":""2026-08-11T16:28:56-07:00"",""LastUpdatedTime"":""2026-08-11T16:28:56-07:00""}}]","2026-08-11T16:28:32-07:00","2026-08-11T16:48:58-07:00","[]","[]","{""CUSTOMER_MATCH"":true,""DATE_MATCH"":false,""DOC_NUMBER_MATCH"":false,""LINE_COUNT_MATCH"":true,""PRODUCT_SERVICE_MATCH"":false,""DESCRIPTION_MATCH"":true,""QTY_MATCH"":true,""UNIT_PRICE_MATCH"":true,""LINE_AMOUNT_MATCH"":true,""SUBTOTAL_MATCH"":true,""GST_MATCH"":true,""TOTAL_MATCH"":true,""BALANCE_MATCH"":true,""PAYMENT_STATE_MATCH"":true}","[]","[{""position"":1,""qbPosition"":2,""lineAlignment"":""EXACT_CONTENT_BIJECTION"",""elsetLineId"":""servicem8-material-2c00a934-6b56-45a4-bf13-241cfef3f42d"",""priceListItemId"":"""",""elsetDescription"":""extra remote control"",""qbDescription"":""extra remote control"",""expectedItem"":{""id"":""123"",""name"":""ELSET Services"",""incomeAccountId"":""9"",""status"":""FALLBACK"",""reason"":""Saved line has no priceListItemId; the new model uses the configured fallback."",""comparisonKnown"":true,""accountEligibility"":""NOT_REVALIDATED_ARCHIVE_HAS_NO_ACCOUNT_ENTITY""},""qbItemId"":""4"",""qbItemName"":""RC-001"",""qbIncomeAccountId"":""16"",""qbIncomeAccountName"":""Billable Expense Income ( 16 )"",""elsetQuantityMicros"":1000000,""qbQuantityMicros"":1000000,""elsetUnitPriceMicros"":70000000,""qbUnitPriceMicros"":70000000,""elsetLineAmountCents"":7000,""qbLineAmountCents"":7000,""DESCRIPTION_DIFF"":false,""DESCRIPTION_FORMAT_ONLY"":false,""DESCRIPTION_CONTENT_DIFF"":false,""PRODUCT_SERVICE_DIFF"":true,""PRODUCT_SERVICE_COMPARISON_UNKNOWN"":false,""INCOME_ACCOUNT_DIFF"":true,""QTY_DIFF"":false,""UNIT_PRICE_DIFF"":false,""LINE_AMOUNT_DIFF"":false},{""position"":2,""qbPosition"":1,""lineAlignment"":""EXACT_CONTENT_BIJECTION"",""elsetLineId"":""servicem8-material-2c6279e5-0d09-4efd-9d76-24137d06778d"",""priceListItemId"":"""",""elsetDescription"":""Supply and installation of DEA L502 operator system on double swing gate. Incl 2 remotes. Run 24 v cable to transformer off existing external switch board."",""qbDescription"":""Supply and installation of DEA L502 operator system on double swing gate. Incl 2 remotes. Run 24 v cable to transformer off existing external switch board."",""expectedItem"":{""id"":""123"",""name"":""ELSET Services"",""incomeAccountId"":""9"",""status"":""FALLBACK"",""reason"":""Saved line has no priceListItemId; the new model uses the configured fallback."",""comparisonKnown"":true,""accountEligibility"":""NOT_REVALIDATED_ARCHIVE_HAS_NO_ACCOUNT_ENTITY""},""qbItemId"":""105"",""qbItemName"":""SWING-01"",""qbIncomeAccountId"":""16"",""qbIncomeAccountName"":""Billable Expense Income ( 16 )"",""elsetQuantityMicros"":1000000,""qbQuantityMicros"":1000000,""elsetUnitPriceMicros"":4000000000,""qbUnitPriceMicros"":4000000000,""elsetLineAmountCents"":400000,""qbLineAmountCents"":400000,""DESCRIPTION_DIFF"":false,""DESCRIPTION_FORMAT_ONLY"":false,""DESCRIPTION_CONTENT_DIFF"":false,""PRODUCT_SERVICE_DIFF"":true,""PRODUCT_SERVICE_COMPARISON_UNKNOWN"":false,""INCOME_ACCOUNT_DIFF"":true,""QTY_DIFF"":false,""UNIT_PRICE_DIFF"":false,""LINE_AMOUNT_DIFF"":false}]","{""id"":""84"",""candidates"":[""84""],""mapped"":false,""safe"":true,""state"":""MATCHED"",""reason"":""Existing mapping, exact marker or unique exact normalized customer identity.""}","REVIEW_REQUIRED","","MATCHING_PAYMENT_STATE","","","","","[]","REVIEW_ONLY"
"INV-0188","servicem8-job-7085117e-b3d1-4f49-92ba-242074250c8d:invoice","Kristen Pinder","2026-04-29","64500","6450","70950","70950","0","","DIFFERENT_IN_QB","REVIEW_PAYMENT","CONTENT_DIFF_NO_FINANCIAL_CHANGE","false","false","true","false","true","false","false","false","false","false","false","false","false","false","true","true","false","false","false","false","false","false","true","212","188","Kristen Pinder","66","2026-04-29","64500","6450","70950","0","70950","[""Payment""]","[{""type"":""Payment"",""id"":""213"",""via"":""payment allocation""}]","[{""id"":""213"",""date"":""2026-04-30"",""customerId"":""66"",""totalCents"":70950,""unappliedCents"":0,""allocations"":[{""amountCents"":70950,""links"":[{""TxnId"":""212"",""TxnType"":""Invoice""}]}],""metadata"":{""CreateTime"":""2026-04-29T17:38:36-07:00"",""LastUpdatedTime"":""2026-04-29T17:38:36-07:00""}}]","2026-04-28T16:45:07-07:00","2026-04-29T17:38:58-07:00","[]","[]","{""CUSTOMER_MATCH"":true,""DATE_MATCH"":true,""DOC_NUMBER_MATCH"":false,""LINE_COUNT_MATCH"":true,""PRODUCT_SERVICE_MATCH"":false,""DESCRIPTION_MATCH"":true,""QTY_MATCH"":true,""UNIT_PRICE_MATCH"":true,""LINE_AMOUNT_MATCH"":true,""SUBTOTAL_MATCH"":true,""GST_MATCH"":true,""TOTAL_MATCH"":true,""BALANCE_MATCH"":true,""PAYMENT_STATE_MATCH"":true}","[]","[{""position"":1,""qbPosition"":3,""lineAlignment"":""EXACT_CONTENT_BIJECTION"",""elsetLineId"":""servicem8-material-457773d7-50d0-4afa-8883-24207b5a11ad"",""priceListItemId"":"""",""elsetDescription"":""Supply and install drive arm system."",""qbDescription"":""Supply and install drive arm system."",""expectedItem"":{""id"":""123"",""name"":""ELSET Services"",""incomeAccountId"":""9"",""status"":""FALLBACK"",""reason"":""Saved line has no priceListItemId; the new model uses the configured fallback."",""comparisonKnown"":true,""accountEligibility"":""NOT_REVALIDATED_ARCHIVE_HAS_NO_ACCOUNT_ENTITY""},""qbItemId"":""85"",""qbItemName"":""DRIVE ARM"",""qbIncomeAccountId"":""16"",""qbIncomeAccountName"":""Billable Expense Income ( 16 )"",""elsetQuantityMicros"":1000000,""qbQuantityMicros"":1000000,""elsetUnitPriceMicros"":325000000,""qbUnitPriceMicros"":325000000,""elsetLineAmountCents"":32500,""qbLineAmountCents"":32500,""DESCRIPTION_DIFF"":false,""DESCRIPTION_FORMAT_ONLY"":false,""DESCRIPTION_CONTENT_DIFF"":false,""PRODUCT_SERVICE_DIFF"":true,""PRODUCT_SERVICE_COMPARISON_UNKNOWN"":false,""INCOME_ACCOUNT_DIFF"":true,""QTY_DIFF"":false,""UNIT_PRICE_DIFF"":false,""LINE_AMOUNT_DIFF"":false},{""position"":2,""qbPosition"":1,""lineAlignment"":""EXACT_CONTENT_BIJECTION"",""elsetLineId"":""servicem8-material-7008bfe1-a331-4599-8249-24207c92542d"",""priceListItemId"":"""",""elsetDescription"":""Service Call out ."",""qbDescription"":""Service Call out ."",""expectedItem"":{""id"":""123"",""name"":""ELSET Services"",""incomeAccountId"":""9"",""status"":""FALLBACK"",""reason"":""Saved line has no priceListItemId; the new model uses the configured fallback."",""comparisonKnown"":true,""accountEligibility"":""NOT_REVALIDATED_ARCHIVE_HAS_NO_ACCOUNT_ENTITY""},""qbItemId"":""8"",""qbItemName"":""SCO-001"",""qbIncomeAccountId"":""16"",""qbIncomeAccountName"":""Billable Expense Income ( 16 )"",""elsetQuantityMicros"":1000000,""qbQuantityMicros"":1000000,""elsetUnitPriceMicros"":250000000,""qbUnitPriceMicros"":250000000,""elsetLineAmountCents"":25000,""qbLineAmountCents"":25000,""DESCRIPTION_DIFF"":false,""DESCRIPTION_FORMAT_ONLY"":false,""DESCRIPTION_CONTENT_DIFF"":false,""PRODUCT_SERVICE_DIFF"":true,""PRODUCT_SERVICE_COMPARISON_UNKNOWN"":false,""INCOME_ACCOUNT_DIFF"":true,""QTY_DIFF"":false,""UNIT_PRICE_DIFF"":false,""LINE_AMOUNT_DIFF"":false},{""position"":3,""qbPosition"":2,""lineAlignment"":""EXACT_CONTENT_BIJECTION"",""elsetLineId"":""servicem8-material-f7ceeec0-f942-43bb-b457-24207d356b5d"",""priceListItemId"":"""",""elsetDescription"":""Remote control"",""qbDescription"":""Remote control"",""expectedItem"":{""id"":""123"",""name"":""ELSET Services"",""incomeAccountId"":""9"",""status"":""FALLBACK"",""reason"":""Saved line has no priceListItemId; the new model uses the configured fallback."",""comparisonKnown"":true,""accountEligibility"":""NOT_REVALIDATED_ARCHIVE_HAS_NO_ACCOUNT_ENTITY""},""qbItemId"":""4"",""qbItemName"":""RC-001"",""qbIncomeAccountId"":""16"",""qbIncomeAccountName"":""Billable Expense Income ( 16 )"",""elsetQuantityMicros"":1000000,""qbQuantityMicros"":1000000,""elsetUnitPriceMicros"":70000000,""qbUnitPriceMicros"":70000000,""elsetLineAmountCents"":7000,""qbLineAmountCents"":7000,""DESCRIPTION_DIFF"":false,""DESCRIPTION_FORMAT_ONLY"":false,""DESCRIPTION_CONTENT_DIFF"":false,""PRODUCT_SERVICE_DIFF"":true,""PRODUCT_SERVICE_COMPARISON_UNKNOWN"":false,""INCOME_ACCOUNT_DIFF"":true,""QTY_DIFF"":false,""UNIT_PRICE_DIFF"":false,""LINE_AMOUNT_DIFF"":false}]","{""id"":""66"",""candidates"":[""66""],""mapped"":false,""safe"":true,""state"":""MATCHED"",""reason"":""Existing mapping, exact marker or unique exact normalized customer identity.""}","CLEAR_CANONICAL_CANDIDATE","212","MATCHING_PAYMENT_STATE","","","","","[]","KEEP_HISTORICAL_LINE_ORDER_AND_ITEMS"
"INV-0189","servicem8-job-716bb5f8-3995-44e7-874e-2423ac9e440d:invoice","DOMLIA Property Group Pt Ltd","2026-05-01","298000","29800","327800","327800","0","","DIFFERENT_IN_QB","REVIEW_PAYMENT","MULTIPLE_DIFF_TYPES","true","false","true","false","true","false","false","false","false","false","false","false","false","false","true","true","false","false","false","false","false","false","true","217","189","DOMLIA Property Group Pt Ltd","67","2026-05-01","298000","29800","327800","0","327800","[""Payment""]","[{""type"":""Payment"",""id"":""219"",""via"":""payment allocation""}]","[{""id"":""219"",""date"":""2026-05-04"",""customerId"":""67"",""totalCents"":327800,""unappliedCents"":0,""allocations"":[{""amountCents"":327800,""links"":[{""TxnId"":""217"",""TxnType"":""Invoice""}]}],""metadata"":{""CreateTime"":""2026-05-06T20:02:29-07:00"",""LastUpdatedTime"":""2026-05-06T20:02:29-07:00""}}]","2026-04-30T19:08:20-07:00","2026-05-06T20:02:41-07:00","[]","[]","{""CUSTOMER_MATCH"":false,""DATE_MATCH"":true,""DOC_NUMBER_MATCH"":false,""LINE_COUNT_MATCH"":true,""PRODUCT_SERVICE_MATCH"":false,""DESCRIPTION_MATCH"":true,""QTY_MATCH"":true,""UNIT_PRICE_MATCH"":true,""LINE_AMOUNT_MATCH"":true,""SUBTOTAL_MATCH"":true,""GST_MATCH"":true,""TOTAL_MATCH"":true,""BALANCE_MATCH"":true,""PAYMENT_STATE_MATCH"":true}","[]","[{""position"":1,""qbPosition"":3,""lineAlignment"":""EXACT_CONTENT_BIJECTION"",""elsetLineId"":""servicem8-material-072a4224-7281-4ea5-87cc-2423ad87c90d"",""priceListItemId"":"""",""elsetDescription"":""Repair and service"",""qbDescription"":""Repair and service"",""expectedItem"":{""id"":""123"",""name"":""ELSET Services"",""incomeAccountId"":""9"",""status"":""FALLBACK"",""reason"":""Saved line has no priceListItemId; the new model uses the configured fallback."",""comparisonKnown"":true,""accountEligibility"":""NOT_REVALIDATED_ARCHIVE_HAS_NO_ACCOUNT_ENTITY""},""qbItemId"":""21"",""qbItemName"":""RSCO"",""qbIncomeAccountId"":""16"",""qbIncomeAccountName"":""Billable Expense Income ( 16 )"",""elsetQuantityMicros"":1000000,""qbQuantityMicros"":1000000,""elsetUnitPriceMicros"":410000000,""qbUnitPriceMicros"":410000000,""elsetLineAmountCents"":41000,""qbLineAmountCents"":41000,""DESCRIPTION_DIFF"":false,""DESCRIPTION_FORMAT_ONLY"":false,""DESCRIPTION_CONTENT_DIFF"":false,""PRODUCT_SERVICE_DIFF"":true,""PRODUCT_SERVICE_COMPARISON_UNKNOWN"":false,""INCOME_ACCOUNT_DIFF"":true,""QTY_DIFF"":false,""UNIT_PRICE_DIFF"":false,""LINE_AMOUNT_DIFF"":false},{""position"":2,""qbPosition"":1,""lineAlignment"":""EXACT_CONTENT_BIJECTION"",""elsetLineId"":""servicem8-material-727b6789-7636-4f63-a534-2423abd4045d"",""priceListItemId"":"""",""elsetDescription"":""Supply and installation of Automation system for sliding gate. 24v DEA LIVI x ."",""qbDescription"":""Supply and installation of Automation system for sliding gate. 24v DEA LIVI x ."",""expectedItem"":{""id"":""123"",""name"":""ELSET Services"",""incomeAccountId"":""9"",""status"":""FALLBACK"",""reason"":""Saved line has no priceListItemId; the new model uses the configured fallback."",""comparisonKnown"":true,""accountEligibility"":""NOT_REVALIDATED_ARCHIVE_HAS_NO_ACCOUNT_ENTITY""},""qbItemId"":""73"",""qbItemName"":""DEA LIVI"",""qbIncomeAccountId"":""16"",""qbIncomeAccountName"":""Billable Expense Income ( 16 )"",""elsetQuantityMicros"":1000000,""qbQuantityMicros"":1000000,""elsetUnitPriceMicros"":2500000000,""qbUnitPriceMicros"":2500000000,""elsetLineAmountCents"":250000,""qbLineAmountCents"":250000,""DESCRIPTION_DIFF"":false,""DESCRIPTION_FORMAT_ONLY"":false,""DESCRIPTION_CONTENT_DIFF"":false,""PRODUCT_SERVICE_DIFF"":true,""PRODUCT_SERVICE_COMPARISON_UNKNOWN"":false,""INCOME_ACCOUNT_DIFF"":true,""QTY_DIFF"":false,""UNIT_PRICE_DIFF"":false,""LINE_AMOUNT_DIFF"":false},{""position"":3,""qbPosition"":2,""lineAlignment"":""EXACT_CONTENT_BIJECTION"",""elsetLineId"":""servicem8-material-d0078db2-14f1-4344-98b7-2423ad00ea2d"",""priceListItemId"":"""",""elsetDescription"":""Remote control"",""qbDescription"":""Remote control"",""expectedItem"":{""id"":""123"",""name"":""ELSET Services"",""incomeAccountId"":""9"",""status"":""FALLBACK"",""reason"":""Saved line has no priceListItemId; the new model uses the configured fallback."",""comparisonKnown"":true,""accountEligibility"":""NOT_REVALIDATED_ARCHIVE_HAS_NO_ACCOUNT_ENTITY""},""qbItemId"":""4"",""qbItemName"":""RC-001"",""qbIncomeAccountId"":""16"",""qbIncomeAccountName"":""Billable Expense Income ( 16 )"",""elsetQuantityMicros"":1000000,""qbQuantityMicros"":1000000,""elsetUnitPriceMicros"":70000000,""qbUnitPriceMicros"":70000000,""elsetLineAmountCents"":7000,""qbLineAmountCents"":7000,""DESCRIPTION_DIFF"":false,""DESCRIPTION_FORMAT_ONLY"":false,""DESCRIPTION_CONTENT_DIFF"":false,""PRODUCT_SERVICE_DIFF"":true,""PRODUCT_SERVICE_COMPARISON_UNKNOWN"":false,""INCOME_ACCOUNT_DIFF"":true,""QTY_DIFF"":false,""UNIT_PRICE_DIFF"":false,""LINE_AMOUNT_DIFF"":false}]","{""id"":"""",""candidates"":[""32"",""67"",""76""],""mapped"":false,""safe"":false,""state"":""AMBIGUOUS"",""reason"":""Customer name/email candidates conflict or are not unique.""}","REVIEW_REQUIRED","","MATCHING_PAYMENT_STATE","","","","","[""PHASE_4""]","REVIEW_ONLY"
"INV-0191","servicem8-job-0c944010-a86a-4574-a175-2428c432e85d:invoice","Melcorp","2026-05-07","148000","14800","162800","162800","0","","DIFFERENT_IN_QB","REVIEW_PAYMENT","CUSTOMER_OR_DATE_DIFF","true","false","true","false","true","false","false","false","false","false","false","false","false","false","false","true","false","false","false","false","false","false","true","296","191","Melcorp","22","2026-05-07","148000","14800","162800","0","162800","[""Payment""]","[{""type"":""Payment"",""id"":""304"",""via"":""payment allocation""}]","[{""id"":""304"",""date"":""2026-05-13"",""customerId"":""22"",""totalCents"":162800,""unappliedCents"":0,""allocations"":[{""amountCents"":162800,""links"":[{""TxnId"":""296"",""TxnType"":""Invoice""}]}],""metadata"":{""CreateTime"":""2026-08-11T16:28:56-07:00"",""LastUpdatedTime"":""2026-08-11T16:28:56-07:00""}}]","2026-08-11T16:28:32-07:00","2026-08-11T16:49:10-07:00","[]","[]","{""CUSTOMER_MATCH"":false,""DATE_MATCH"":true,""DOC_NUMBER_MATCH"":false,""LINE_COUNT_MATCH"":true,""PRODUCT_SERVICE_MATCH"":false,""DESCRIPTION_MATCH"":true,""QTY_MATCH"":true,""UNIT_PRICE_MATCH"":true,""LINE_AMOUNT_MATCH"":true,""SUBTOTAL_MATCH"":true,""GST_MATCH"":true,""TOTAL_MATCH"":true,""BALANCE_MATCH"":true,""PAYMENT_STATE_MATCH"":true}","[]","[{""position"":1,""qbPosition"":1,""lineAlignment"":""EXACT_CONTENT_BIJECTION"",""elsetLineId"":""servicem8-material-ec0a3cc3-af9d-4498-89d4-2428cfe7a34d"",""priceListItemId"":"""",""elsetDescription"":""supply and install right hand side cable on automatic tilt door, Supply and install manual and auto switch and new locking system. Service on door"",""qbDescription"":""supply and install right hand side cable on automatic tilt door, Supply and install manual and auto switch and new locking system. Service on door"",""expectedItem"":{""id"":""123"",""name"":""ELSET Services"",""incomeAccountId"":""9"",""status"":""FALLBACK"",""reason"":""Saved line has no priceListItemId; the new model uses the configured fallback."",""comparisonKnown"":true,""accountEligibility"":""NOT_REVALIDATED_ARCHIVE_HAS_NO_ACCOUNT_ENTITY""},""qbItemId"":""75"",""qbItemName"":""Repairs"",""qbIncomeAccountId"":""16"",""qbIncomeAccountName"":""Billable Expense Income ( 16 )"",""elsetQuantityMicros"":1000000,""qbQuantityMicros"":1000000,""elsetUnitPriceMicros"":1480000000,""qbUnitPriceMicros"":1480000000,""elsetLineAmountCents"":148000,""qbLineAmountCents"":148000,""DESCRIPTION_DIFF"":false,""DESCRIPTION_FORMAT_ONLY"":false,""DESCRIPTION_CONTENT_DIFF"":false,""PRODUCT_SERVICE_DIFF"":true,""PRODUCT_SERVICE_COMPARISON_UNKNOWN"":false,""INCOME_ACCOUNT_DIFF"":true,""QTY_DIFF"":false,""UNIT_PRICE_DIFF"":false,""LINE_AMOUNT_DIFF"":false}]","{""id"":"""",""candidates"":[""22""],""mapped"":false,""safe"":false,""state"":""AMBIGUOUS"",""reason"":""Customer name/email candidates conflict or are not unique.""}","REVIEW_REQUIRED","","MATCHING_PAYMENT_STATE","","","","","[""PHASE_4""]","REVIEW_ONLY"
"INV-0194","servicem8-job-648ffe4d-d388-47f0-ba15-242de94aa37d:invoice","Melcorp","2026-05-12","64000","6400","70400","70400","0","","DIFFERENT_IN_QB","REVIEW_PAYMENT","CUSTOMER_OR_DATE_DIFF","true","false","true","false","true","false","false","false","false","false","false","false","false","false","false","true","false","false","false","false","false","false","true","294","194","Melcorp","22","2026-05-12","64000","6400","70400","0","70400","[""Payment""]","[{""type"":""Payment"",""id"":""305"",""via"":""payment allocation""}]","[{""id"":""305"",""date"":""2026-05-20"",""customerId"":""22"",""totalCents"":70400,""unappliedCents"":0,""allocations"":[{""amountCents"":70400,""links"":[{""TxnId"":""294"",""TxnType"":""Invoice""}]}],""metadata"":{""CreateTime"":""2026-08-11T16:28:56-07:00"",""LastUpdatedTime"":""2026-08-11T16:28:56-07:00""}}]","2026-08-11T16:28:22-07:00","2026-08-11T16:49:21-07:00","[]","[]","{""CUSTOMER_MATCH"":false,""DATE_MATCH"":true,""DOC_NUMBER_MATCH"":false,""LINE_COUNT_MATCH"":true,""PRODUCT_SERVICE_MATCH"":false,""DESCRIPTION_MATCH"":true,""QTY_MATCH"":true,""UNIT_PRICE_MATCH"":true,""LINE_AMOUNT_MATCH"":true,""SUBTOTAL_MATCH"":true,""GST_MATCH"":true,""TOTAL_MATCH"":true,""BALANCE_MATCH"":true,""PAYMENT_STATE_MATCH"":true}","[]","[{""position"":1,""qbPosition"":1,""lineAlignment"":""EXACT_CONTENT_BIJECTION"",""elsetLineId"":""servicem8-material-36fec028-88bf-4c2b-857d-242dea6786ad"",""priceListItemId"":"""",""elsetDescription"":""After Hours Call-Out"",""qbDescription"":""After Hours Call-Out"",""expectedItem"":{""id"":""123"",""name"":""ELSET Services"",""incomeAccountId"":""9"",""status"":""FALLBACK"",""reason"":""Saved line has no priceListItemId; the new model uses the configured fallback."",""comparisonKnown"":true,""accountEligibility"":""NOT_REVALIDATED_ARCHIVE_HAS_NO_ACCOUNT_ENTITY""},""qbItemId"":""92"",""qbItemName"":""After Hours CO"",""qbIncomeAccountId"":""16"",""qbIncomeAccountName"":""Billable Expense Income ( 16 )"",""elsetQuantityMicros"":1000000,""qbQuantityMicros"":1000000,""elsetUnitPriceMicros"":520000000,""qbUnitPriceMicros"":520000000,""elsetLineAmountCents"":52000,""qbLineAmountCents"":52000,""DESCRIPTION_DIFF"":false,""DESCRIPTION_FORMAT_ONLY"":false,""DESCRIPTION_CONTENT_DIFF"":false,""PRODUCT_SERVICE_DIFF"":true,""PRODUCT_SERVICE_COMPARISON_UNKNOWN"":false,""INCOME_ACCOUNT_DIFF"":true,""QTY_DIFF"":false,""UNIT_PRICE_DIFF"":false,""LINE_AMOUNT_DIFF"":false},{""position"":2,""qbPosition"":2,""lineAlignment"":""EXACT_CONTENT_BIJECTION"",""elsetLineId"":""servicem8-material-75c92f36-8017-4696-a3c0-242deb578bfd"",""priceListItemId"":"""",""elsetDescription"":""Repairs on sliding gate ."",""qbDescription"":""Repairs on sliding gate ."",""expectedItem"":{""id"":""123"",""name"":""ELSET Services"",""incomeAccountId"":""9"",""status"":""FALLBACK"",""reason"":""Saved line has no priceListItemId; the new model uses the configured fallback."",""comparisonKnown"":true,""accountEligibility"":""NOT_REVALIDATED_ARCHIVE_HAS_NO_ACCOUNT_ENTITY""},""qbItemId"":""75"",""qbItemName"":""Repairs"",""qbIncomeAccountId"":""16"",""qbIncomeAccountName"":""Billable Expense Income ( 16 )"",""elsetQuantityMicros"":1000000,""qbQuantityMicros"":1000000,""elsetUnitPriceMicros"":120000000,""qbUnitPriceMicros"":120000000,""elsetLineAmountCents"":12000,""qbLineAmountCents"":12000,""DESCRIPTION_DIFF"":false,""DESCRIPTION_FORMAT_ONLY"":false,""DESCRIPTION_CONTENT_DIFF"":false,""PRODUCT_SERVICE_DIFF"":true,""PRODUCT_SERVICE_COMPARISON_UNKNOWN"":false,""INCOME_ACCOUNT_DIFF"":true,""QTY_DIFF"":false,""UNIT_PRICE_DIFF"":false,""LINE_AMOUNT_DIFF"":false}]","{""id"":"""",""candidates"":[""22""],""mapped"":false,""safe"":false,""state"":""AMBIGUOUS"",""reason"":""Customer name/email candidates conflict or are not unique.""}","REVIEW_REQUIRED","","MATCHING_PAYMENT_STATE","","","","","[""PHASE_4""]","REVIEW_ONLY"
"INV-0086","servicem8-job-d5814d45-60cf-48c7-bbe9-2373523fbecd:invoice","David wells","2026-05-13","237000","23700","260700","260700","0","","DIFFERENT_IN_QB","REVIEW_PAYMENT","COSMETIC_ONLY","false","false","true","false","true","false","false","false","false","false","false","false","false","false","false","true","false","false","false","true","false","false","true","330","86","David wells","89","2026-05-13","237000","23700","260700","0","260700","[""Payment""]","[{""type"":""Payment"",""id"":""341"",""via"":""payment allocation""}]","[{""id"":""341"",""date"":""2026-05-14"",""customerId"":""89"",""totalCents"":260700,""unappliedCents"":0,""allocations"":[{""amountCents"":260700,""links"":[{""TxnId"":""330"",""TxnType"":""Invoice""}]}],""metadata"":{""CreateTime"":""2026-08-11T16:49:38-07:00"",""LastUpdatedTime"":""2026-08-11T16:49:38-07:00""}}]","2026-08-11T16:49:09-07:00","2026-08-11T17:44:50-07:00","[]","[]","{""CUSTOMER_MATCH"":true,""DATE_MATCH"":true,""DOC_NUMBER_MATCH"":false,""LINE_COUNT_MATCH"":true,""PRODUCT_SERVICE_MATCH"":false,""DESCRIPTION_MATCH"":true,""QTY_MATCH"":true,""UNIT_PRICE_MATCH"":true,""LINE_AMOUNT_MATCH"":true,""SUBTOTAL_MATCH"":true,""GST_MATCH"":true,""TOTAL_MATCH"":true,""BALANCE_MATCH"":true,""PAYMENT_STATE_MATCH"":true}","[]","[{""position"":1,""qbPosition"":1,""lineAlignment"":""EXACT_CONTENT_BIJECTION"",""elsetLineId"":""servicem8-material-011a4251-6e19-49bd-944c-23735153d65d"",""priceListItemId"":"""",""elsetDescription"":""Automation system for double swing gate"",""qbDescription"":""Automation system for double swing gate"",""expectedItem"":{""id"":""123"",""name"":""ELSET Services"",""incomeAccountId"":""9"",""status"":""FALLBACK"",""reason"":""Saved line has no priceListItemId; the new model uses the configured fallback."",""comparisonKnown"":true,""accountEligibility"":""NOT_REVALIDATED_ARCHIVE_HAS_NO_ACCOUNT_ENTITY""},""qbItemId"":""114"",""qbItemName"":""DSG"",""qbIncomeAccountId"":""16"",""qbIncomeAccountName"":""Billable Expense Income ( 16 )"",""elsetQuantityMicros"":1000000,""qbQuantityMicros"":1000000,""elsetUnitPriceMicros"":2300000000,""qbUnitPriceMicros"":2300000000,""elsetLineAmountCents"":230000,""qbLineAmountCents"":230000,""DESCRIPTION_DIFF"":false,""DESCRIPTION_FORMAT_ONLY"":false,""DESCRIPTION_CONTENT_DIFF"":false,""PRODUCT_SERVICE_DIFF"":true,""PRODUCT_SERVICE_COMPARISON_UNKNOWN"":false,""INCOME_ACCOUNT_DIFF"":true,""QTY_DIFF"":false,""UNIT_PRICE_DIFF"":false,""LINE_AMOUNT_DIFF"":false},{""position"":2,""qbPosition"":2,""lineAlignment"":""EXACT_CONTENT_BIJECTION"",""elsetLineId"":""servicem8-material-e3914860-972d-45a0-9ed4-242f67ad4bdd"",""priceListItemId"":"""",""elsetDescription"":""Remote control"",""qbDescription"":""Remote control"",""expectedItem"":{""id"":""123"",""name"":""ELSET Services"",""incomeAccountId"":""9"",""status"":""FALLBACK"",""reason"":""Saved line has no priceListItemId; the new model uses the configured fallback."",""comparisonKnown"":true,""accountEligibility"":""NOT_REVALIDATED_ARCHIVE_HAS_NO_ACCOUNT_ENTITY""},""qbItemId"":""4"",""qbItemName"":""RC-001"",""qbIncomeAccountId"":""16"",""qbIncomeAccountName"":""Billable Expense Income ( 16 )"",""elsetQuantityMicros"":1000000,""qbQuantityMicros"":1000000,""elsetUnitPriceMicros"":70000000,""qbUnitPriceMicros"":70000000,""elsetLineAmountCents"":7000,""qbLineAmountCents"":7000,""DESCRIPTION_DIFF"":false,""DESCRIPTION_FORMAT_ONLY"":false,""DESCRIPTION_CONTENT_DIFF"":false,""PRODUCT_SERVICE_DIFF"":true,""PRODUCT_SERVICE_COMPARISON_UNKNOWN"":false,""INCOME_ACCOUNT_DIFF"":true,""QTY_DIFF"":false,""UNIT_PRICE_DIFF"":false,""LINE_AMOUNT_DIFF"":false}]","{""id"":""89"",""candidates"":[""89""],""mapped"":false,""safe"":true,""state"":""MATCHED"",""reason"":""Existing mapping, exact marker or unique exact normalized customer identity.""}","CLEAR_CANONICAL_CANDIDATE","330","MATCHING_PAYMENT_STATE","","","","","[]","KEEP_HISTORICAL_ITEM_DESCRIPTION_FORMAT_AND_NUMBER_FORMAT"
"INV-0196","servicem8-job-13d6f9b5-62de-4571-9c61-2434f6bc95fa:invoice","Lamanna Direct","2026-05-18","245000","24500","269500","269500","0","","DIFFERENT_IN_QB","REVIEW_PAYMENT","COSMETIC_ONLY","false","false","true","false","true","false","false","false","false","false","false","false","false","false","false","true","false","false","false","true","false","false","true","328","196","Lamanna Direct","92","2026-05-18","245000","24500","269500","0","269500","[""Payment""]","[{""type"":""Payment"",""id"":""340"",""via"":""payment allocation""}]","[{""id"":""340"",""date"":""2026-05-18"",""customerId"":""92"",""totalCents"":269500,""unappliedCents"":0,""allocations"":[{""amountCents"":269500,""links"":[{""TxnId"":""328"",""TxnType"":""Invoice""}]}],""metadata"":{""CreateTime"":""2026-08-11T16:49:38-07:00"",""LastUpdatedTime"":""2026-08-11T16:49:38-07:00""}}]","2026-08-11T16:48:47-07:00","2026-08-11T17:44:41-07:00","[]","[]","{""CUSTOMER_MATCH"":true,""DATE_MATCH"":true,""DOC_NUMBER_MATCH"":false,""LINE_COUNT_MATCH"":true,""PRODUCT_SERVICE_MATCH"":false,""DESCRIPTION_MATCH"":true,""QTY_MATCH"":true,""UNIT_PRICE_MATCH"":true,""LINE_AMOUNT_MATCH"":true,""SUBTOTAL_MATCH"":true,""GST_MATCH"":true,""TOTAL_MATCH"":true,""BALANCE_MATCH"":true,""PAYMENT_STATE_MATCH"":true}","[]","[{""position"":1,""qbPosition"":1,""lineAlignment"":""EXACT_CONTENT_BIJECTION"",""elsetLineId"":""servicem8-material-20d1fbb3-0d7e-45b1-8979-2434facb86ca"",""priceListItemId"":"""",""elsetDescription"":""Repairs on automatic roller shutter door"",""qbDescription"":""Repairs on automatic roller shutter door"",""expectedItem"":{""id"":""123"",""name"":""ELSET Services"",""incomeAccountId"":""9"",""status"":""FALLBACK"",""reason"":""Saved line has no priceListItemId; the new model uses the configured fallback."",""comparisonKnown"":true,""accountEligibility"":""NOT_REVALIDATED_ARCHIVE_HAS_NO_ACCOUNT_ENTITY""},""qbItemId"":""118"",""qbItemName"":""REPAIR"",""qbIncomeAccountId"":""16"",""qbIncomeAccountName"":""Billable Expense Income ( 16 )"",""elsetQuantityMicros"":1000000,""qbQuantityMicros"":1000000,""elsetUnitPriceMicros"":2450000000,""qbUnitPriceMicros"":2450000000,""elsetLineAmountCents"":245000,""qbLineAmountCents"":245000,""DESCRIPTION_DIFF"":false,""DESCRIPTION_FORMAT_ONLY"":false,""DESCRIPTION_CONTENT_DIFF"":false,""PRODUCT_SERVICE_DIFF"":true,""PRODUCT_SERVICE_COMPARISON_UNKNOWN"":false,""INCOME_ACCOUNT_DIFF"":true,""QTY_DIFF"":false,""UNIT_PRICE_DIFF"":false,""LINE_AMOUNT_DIFF"":false}]","{""id"":""92"",""candidates"":[""92""],""mapped"":false,""safe"":true,""state"":""MATCHED"",""reason"":""Existing mapping, exact marker or unique exact normalized customer identity.""}","CLEAR_CANONICAL_CANDIDATE","328","MATCHING_PAYMENT_STATE","","","","","[]","KEEP_HISTORICAL_ITEM_DESCRIPTION_FORMAT_AND_NUMBER_FORMAT"
"INV-0139","servicem8-job-30237859-cec5-49c4-8f75-23da2f75af1d:invoice","Melcorp","2026-05-20","560000","56000","616000","616000","0","","DIFFERENT_IN_QB","REVIEW_PAYMENT","CUSTOMER_OR_DATE_DIFF","true","false","true","false","true","false","false","false","false","false","false","false","false","false","false","true","false","false","false","false","false","false","true","327","139","Melcorp","22","2026-05-20","560000","56000","616000","0","616000","[""Payment""]","[{""type"":""Payment"",""id"":""342"",""via"":""payment allocation""}]","[{""id"":""342"",""date"":""2026-06-02"",""customerId"":""22"",""totalCents"":616000,""unappliedCents"":0,""allocations"":[{""amountCents"":616000,""links"":[{""TxnId"":""327"",""TxnType"":""Invoice""}]}],""metadata"":{""CreateTime"":""2026-08-11T16:49:39-07:00"",""LastUpdatedTime"":""2026-08-11T16:49:39-07:00""}}]","2026-08-11T16:48:47-07:00","2026-08-11T17:44:40-07:00","[]","[]","{""CUSTOMER_MATCH"":false,""DATE_MATCH"":true,""DOC_NUMBER_MATCH"":false,""LINE_COUNT_MATCH"":true,""PRODUCT_SERVICE_MATCH"":false,""DESCRIPTION_MATCH"":true,""QTY_MATCH"":true,""UNIT_PRICE_MATCH"":true,""LINE_AMOUNT_MATCH"":true,""SUBTOTAL_MATCH"":true,""GST_MATCH"":true,""TOTAL_MATCH"":true,""BALANCE_MATCH"":true,""PAYMENT_STATE_MATCH"":true}","[]","[{""position"":1,""qbPosition"":1,""lineAlignment"":""EXACT_CONTENT_BIJECTION"",""elsetLineId"":""servicem8-material-cbc3ef9c-c929-4223-87e0-23da293325dd"",""priceListItemId"":"""",""elsetDescription"":""Supply and installation of new roller shutter motor and commission. Incl new loop detector module and P.E beam safety sensor"",""qbDescription"":""Supply and installation of new roller shutter motor and commission. Incl new loop detector module and P.E beam safety sensor"",""expectedItem"":{""id"":""123"",""name"":""ELSET Services"",""incomeAccountId"":""9"",""status"":""FALLBACK"",""reason"":""Saved line has no priceListItemId; the new model uses the configured fallback."",""comparisonKnown"":true,""accountEligibility"":""NOT_REVALIDATED_ARCHIVE_HAS_NO_ACCOUNT_ENTITY""},""qbItemId"":""117"",""qbItemName"":""Commercial system"",""qbIncomeAccountId"":""16"",""qbIncomeAccountName"":""Billable Expense Income ( 16 )"",""elsetQuantityMicros"":1000000,""qbQuantityMicros"":1000000,""elsetUnitPriceMicros"":5600000000,""qbUnitPriceMicros"":5600000000,""elsetLineAmountCents"":560000,""qbLineAmountCents"":560000,""DESCRIPTION_DIFF"":false,""DESCRIPTION_FORMAT_ONLY"":false,""DESCRIPTION_CONTENT_DIFF"":false,""PRODUCT_SERVICE_DIFF"":true,""PRODUCT_SERVICE_COMPARISON_UNKNOWN"":false,""INCOME_ACCOUNT_DIFF"":true,""QTY_DIFF"":false,""UNIT_PRICE_DIFF"":false,""LINE_AMOUNT_DIFF"":false}]","{""id"":"""",""candidates"":[""22""],""mapped"":false,""safe"":false,""state"":""AMBIGUOUS"",""reason"":""Customer name/email candidates conflict or are not unique.""}","REVIEW_REQUIRED","","MATCHING_PAYMENT_STATE","","","","","[""PHASE_4""]","REVIEW_ONLY"
"INV-0199","servicem8-job-6c6271ef-506c-40cf-8132-243ae1b3c55d:invoice","MBCM FOOTRSCRAY/ ASCOT VALE","2026-05-25","7000","700","7700","7700","0","","DIFFERENT_IN_QB","REVIEW_PAYMENT","COSMETIC_ONLY","false","false","true","false","true","false","false","false","false","false","false","false","false","false","false","true","false","false","false","true","false","false","true","220","199","MBCM FOOTRSCRAY/ ASCOT VALE","44","2026-05-25","7000","700","7700","0","7700","[""Payment""]","[{""type"":""Payment"",""id"":""273"",""via"":""payment allocation""}]","[{""id"":""273"",""date"":""2026-06-22"",""customerId"":""44"",""totalCents"":7700,""unappliedCents"":0,""allocations"":[{""amountCents"":7700,""links"":[{""TxnId"":""220"",""TxnType"":""Invoice""}]}],""metadata"":{""CreateTime"":""2026-08-06T17:30:51-07:00"",""LastUpdatedTime"":""2026-08-06T17:30:51-07:00""}}]","2026-05-24T15:43:26-07:00","2026-08-06T17:32:32-07:00","[]","[]","{""CUSTOMER_MATCH"":true,""DATE_MATCH"":true,""DOC_NUMBER_MATCH"":false,""LINE_COUNT_MATCH"":true,""PRODUCT_SERVICE_MATCH"":false,""DESCRIPTION_MATCH"":true,""QTY_MATCH"":true,""UNIT_PRICE_MATCH"":true,""LINE_AMOUNT_MATCH"":true,""SUBTOTAL_MATCH"":true,""GST_MATCH"":true,""TOTAL_MATCH"":true,""BALANCE_MATCH"":true,""PAYMENT_STATE_MATCH"":true}","[]","[{""position"":1,""qbPosition"":1,""lineAlignment"":""EXACT_CONTENT_BIJECTION"",""elsetLineId"":""servicem8-material-c0649c56-4180-43a9-be20-243ae211b56d"",""priceListItemId"":"""",""elsetDescription"":""Remote control"",""qbDescription"":""Remote control"",""expectedItem"":{""id"":""123"",""name"":""ELSET Services"",""incomeAccountId"":""9"",""status"":""FALLBACK"",""reason"":""Saved line has no priceListItemId; the new model uses the configured fallback."",""comparisonKnown"":true,""accountEligibility"":""NOT_REVALIDATED_ARCHIVE_HAS_NO_ACCOUNT_ENTITY""},""qbItemId"":""4"",""qbItemName"":""RC-001"",""qbIncomeAccountId"":""16"",""qbIncomeAccountName"":""Billable Expense Income ( 16 )"",""elsetQuantityMicros"":1000000,""qbQuantityMicros"":1000000,""elsetUnitPriceMicros"":70000000,""qbUnitPriceMicros"":70000000,""elsetLineAmountCents"":7000,""qbLineAmountCents"":7000,""DESCRIPTION_DIFF"":false,""DESCRIPTION_FORMAT_ONLY"":false,""DESCRIPTION_CONTENT_DIFF"":false,""PRODUCT_SERVICE_DIFF"":true,""PRODUCT_SERVICE_COMPARISON_UNKNOWN"":false,""INCOME_ACCOUNT_DIFF"":true,""QTY_DIFF"":false,""UNIT_PRICE_DIFF"":false,""LINE_AMOUNT_DIFF"":false}]","{""id"":""44"",""candidates"":[""44""],""mapped"":false,""safe"":true,""state"":""MATCHED"",""reason"":""Existing mapping, exact marker or unique exact normalized customer identity.""}","CLEAR_CANONICAL_CANDIDATE","220","MATCHING_PAYMENT_STATE","","","","","[]","KEEP_HISTORICAL_ITEM_DESCRIPTION_FORMAT_AND_NUMBER_FORMAT"
"INV-0195","servicem8-job-e44972f0-ff1b-4eb8-a243-2434ff64ef1a:invoice","jasbe Investements PTY LYD","2026-05-25","275000","27500","302500","302500","0","","MISSING_IN_QB","CREATE_QB_INVOICE","NOT_IN_DIFFERENT_COHORT","","","","","","","","","","","","","","","","","","","","","","","","","","","","","","","","","","","","","","","","","","","","{""id"":"""",""candidates"":[],""mapped"":false,""safe"":true,""state"":""NEW"",""reason"":""No exact customer candidate; new customer would be needed.""}","REVIEW_REQUIRED","","OTHER","REVIEW_BEFORE_CREATE","No archived counterpart found, but ELSET has recorded payments. Creating an unpaid QB invoice needs accounting/payment review first.","No mapped, marked, exact-number or sufficiently corroborated content counterpart in the first pass.","[]","[""PHASE_4""]","RESOLVE_MISSING_INVOICE_REVIEW"
"INV-0197","servicem8-job-e6845e5f-2bf0-4a83-b675-24365a22d2ab:invoice","Seymour passenger services","2026-05-25","365000","36500","401500","401500","0","","DIFFERENT_IN_QB","REVIEW_PAYMENT","COSMETIC_ONLY","false","false","true","false","true","false","false","false","false","false","false","false","false","false","false","true","false","false","false","true","false","false","true","331","197","Seymour passenger services","17","2026-05-25","365000","36500","401500","0","401500","[""Payment""]","[{""type"":""Payment"",""id"":""338"",""via"":""payment allocation""}]","[{""id"":""338"",""date"":""2026-05-26"",""customerId"":""17"",""totalCents"":401500,""unappliedCents"":0,""allocations"":[{""amountCents"":401500,""links"":[{""TxnId"":""331"",""TxnType"":""Invoice""}]}],""metadata"":{""CreateTime"":""2026-08-11T16:49:38-07:00"",""LastUpdatedTime"":""2026-08-11T16:49:38-07:00""}}]","2026-08-11T16:49:09-07:00","2026-08-11T17:44:49-07:00","[]","[]","{""CUSTOMER_MATCH"":true,""DATE_MATCH"":true,""DOC_NUMBER_MATCH"":false,""LINE_COUNT_MATCH"":true,""PRODUCT_SERVICE_MATCH"":false,""DESCRIPTION_MATCH"":true,""QTY_MATCH"":true,""UNIT_PRICE_MATCH"":true,""LINE_AMOUNT_MATCH"":true,""SUBTOTAL_MATCH"":true,""GST_MATCH"":true,""TOTAL_MATCH"":true,""BALANCE_MATCH"":true,""PAYMENT_STATE_MATCH"":true}","[]","[{""position"":1,""qbPosition"":1,""lineAlignment"":""EXACT_CONTENT_BIJECTION"",""elsetLineId"":""servicem8-material-54f5fb68-68da-49f3-8634-2436542f053a"",""priceListItemId"":"""",""elsetDescription"":""Roller shutter motor plus conversion kit supply and install"",""qbDescription"":""Roller shutter motor plus conversion kit supply and install"",""expectedItem"":{""id"":""123"",""name"":""ELSET Services"",""incomeAccountId"":""9"",""status"":""FALLBACK"",""reason"":""Saved line has no priceListItemId; the new model uses the configured fallback."",""comparisonKnown"":true,""accountEligibility"":""NOT_REVALIDATED_ARCHIVE_HAS_NO_ACCOUNT_ENTITY""},""qbItemId"":""119"",""qbItemName"":""RSM"",""qbIncomeAccountId"":""16"",""qbIncomeAccountName"":""Billable Expense Income ( 16 )"",""elsetQuantityMicros"":1000000,""qbQuantityMicros"":1000000,""elsetUnitPriceMicros"":3650000000,""qbUnitPriceMicros"":3650000000,""elsetLineAmountCents"":365000,""qbLineAmountCents"":365000,""DESCRIPTION_DIFF"":false,""DESCRIPTION_FORMAT_ONLY"":false,""DESCRIPTION_CONTENT_DIFF"":false,""PRODUCT_SERVICE_DIFF"":true,""PRODUCT_SERVICE_COMPARISON_UNKNOWN"":false,""INCOME_ACCOUNT_DIFF"":true,""QTY_DIFF"":false,""UNIT_PRICE_DIFF"":false,""LINE_AMOUNT_DIFF"":false}]","{""id"":""17"",""candidates"":[""17""],""mapped"":false,""safe"":true,""state"":""MATCHED"",""reason"":""Existing mapping, exact marker or unique exact normalized customer identity.""}","CLEAR_CANONICAL_CANDIDATE","331","MATCHING_PAYMENT_STATE","","","","","[]","KEEP_HISTORICAL_ITEM_DESCRIPTION_FORMAT_AND_NUMBER_FORMAT"
"INV-0201","servicem8-job-8e6e55af-9796-47e7-819d-243dd55929ad:invoice","CCG COMMERICAL","2026-05-27","55000","5500","60500","60500","0","","DIFFERENT_IN_QB","REVIEW_PAYMENT","CONTENT_DIFF_NO_FINANCIAL_CHANGE","false","false","true","false","true","true","false","false","false","false","false","false","false","false","true","true","false","true","false","false","false","false","true","225","201","CCG COMMERICAL","56","2026-05-27","55000","5500","60500","0","60500","[""Payment""]","[{""type"":""Payment"",""id"":""240"",""via"":""payment allocation""}]","[{""id"":""240"",""date"":""2026-06-09"",""customerId"":""56"",""totalCents"":60500,""unappliedCents"":0,""allocations"":[{""amountCents"":60500,""links"":[{""TxnId"":""225"",""TxnType"":""Invoice""}]}],""metadata"":{""CreateTime"":""2026-06-09T16:39:06-07:00"",""LastUpdatedTime"":""2026-06-09T16:39:06-07:00""}}]","2026-05-26T22:02:23-07:00","2026-06-09T16:39:13-07:00","[]","[]","{""CUSTOMER_MATCH"":true,""DATE_MATCH"":true,""DOC_NUMBER_MATCH"":false,""LINE_COUNT_MATCH"":true,""PRODUCT_SERVICE_MATCH"":false,""DESCRIPTION_MATCH"":false,""QTY_MATCH"":true,""UNIT_PRICE_MATCH"":true,""LINE_AMOUNT_MATCH"":true,""SUBTOTAL_MATCH"":true,""GST_MATCH"":true,""TOTAL_MATCH"":true,""BALANCE_MATCH"":true,""PAYMENT_STATE_MATCH"":true}","[]","[{""position"":1,""qbPosition"":2,""lineAlignment"":""EXACT_CONTENT_BIJECTION"",""elsetLineId"":""servicem8-material-339f7e31-eb63-425b-9eb9-243ddd79fc3d"",""priceListItemId"":"""",""elsetDescription"":""Supply and installation of electric strike and repairs on gate post. recommission and replace sections of nylon rack. Program remote control handset"",""qbDescription"":""Supply and installation of electric strike and repairs on gate post. recommission and replace sections of nylon rack.\nProgram remote control handset"",""expectedItem"":{""id"":""123"",""name"":""ELSET Services"",""incomeAccountId"":""9"",""status"":""FALLBACK"",""reason"":""Saved line has no priceListItemId; the new model uses the configured fallback."",""comparisonKnown"":true,""accountEligibility"":""NOT_REVALIDATED_ARCHIVE_HAS_NO_ACCOUNT_ENTITY""},""qbItemId"":""74"",""qbItemName"":""misc"",""qbIncomeAccountId"":""16"",""qbIncomeAccountName"":""Billable Expense Income ( 16 )"",""elsetQuantityMicros"":1000000,""qbQuantityMicros"":1000000,""elsetUnitPriceMicros"":300000000,""qbUnitPriceMicros"":300000000,""elsetLineAmountCents"":30000,""qbLineAmountCents"":30000,""DESCRIPTION_DIFF"":true,""DESCRIPTION_FORMAT_ONLY"":true,""DESCRIPTION_CONTENT_DIFF"":false,""PRODUCT_SERVICE_DIFF"":true,""PRODUCT_SERVICE_COMPARISON_UNKNOWN"":false,""INCOME_ACCOUNT_DIFF"":true,""QTY_DIFF"":false,""UNIT_PRICE_DIFF"":false,""LINE_AMOUNT_DIFF"":false},{""position"":2,""qbPosition"":1,""lineAlignment"":""EXACT_CONTENT_BIJECTION"",""elsetLineId"":""servicem8-material-36996191-82f9-4509-8422-243dd36c707d"",""priceListItemId"":"""",""elsetDescription"":""Service Call out ."",""qbDescription"":""Service Call out ."",""expectedItem"":{""id"":""123"",""name"":""ELSET Services"",""incomeAccountId"":""9"",""status"":""FALLBACK"",""reason"":""Saved line has no priceListItemId; the new model uses the configured fallback."",""comparisonKnown"":true,""accountEligibility"":""NOT_REVALIDATED_ARCHIVE_HAS_NO_ACCOUNT_ENTITY""},""qbItemId"":""8"",""qbItemName"":""SCO-001"",""qbIncomeAccountId"":""16"",""qbIncomeAccountName"":""Billable Expense Income ( 16 )"",""elsetQuantityMicros"":1000000,""qbQuantityMicros"":1000000,""elsetUnitPriceMicros"":250000000,""qbUnitPriceMicros"":250000000,""elsetLineAmountCents"":25000,""qbLineAmountCents"":25000,""DESCRIPTION_DIFF"":false,""DESCRIPTION_FORMAT_ONLY"":false,""DESCRIPTION_CONTENT_DIFF"":false,""PRODUCT_SERVICE_DIFF"":true,""PRODUCT_SERVICE_COMPARISON_UNKNOWN"":false,""INCOME_ACCOUNT_DIFF"":true,""QTY_DIFF"":false,""UNIT_PRICE_DIFF"":false,""LINE_AMOUNT_DIFF"":false}]","{""id"":""56"",""candidates"":[""56""],""mapped"":false,""safe"":true,""state"":""MATCHED"",""reason"":""Existing mapping, exact marker or unique exact normalized customer identity.""}","CLEAR_CANONICAL_CANDIDATE","225","MATCHING_PAYMENT_STATE","","","","","[]","KEEP_HISTORICAL_LINE_ORDER_AND_ITEMS"
"INV-0200","servicem8-job-9cbe5e7c-9c06-40b2-8335-243dd63bc1ed:invoice","Aiello Constructions","2026-05-27","510000","51000","561000","561000","0","","DIFFERENT_IN_QB","REVIEW_PAYMENT","CONTENT_DIFF_NO_FINANCIAL_CHANGE","false","false","true","false","true","false","false","false","false","false","false","false","false","false","true","true","false","false","false","false","false","false","true","221","200","Aiello Constructions","47","2026-05-27","510000","51000","561000","0","561000","[""Payment""]","[{""type"":""Payment"",""id"":""275"",""via"":""payment allocation""}]","[{""id"":""275"",""date"":""2026-06-04"",""customerId"":""47"",""totalCents"":561000,""unappliedCents"":0,""allocations"":[{""amountCents"":561000,""links"":[{""TxnId"":""221"",""TxnType"":""Invoice""}]}],""metadata"":{""CreateTime"":""2026-08-06T17:30:52-07:00"",""LastUpdatedTime"":""2026-08-06T17:30:52-07:00""}}]","2026-05-26T21:47:02-07:00","2026-08-06T17:32:53-07:00","[]","[]","{""CUSTOMER_MATCH"":true,""DATE_MATCH"":true,""DOC_NUMBER_MATCH"":false,""LINE_COUNT_MATCH"":true,""PRODUCT_SERVICE_MATCH"":false,""DESCRIPTION_MATCH"":true,""QTY_MATCH"":true,""UNIT_PRICE_MATCH"":true,""LINE_AMOUNT_MATCH"":true,""SUBTOTAL_MATCH"":true,""GST_MATCH"":true,""TOTAL_MATCH"":true,""BALANCE_MATCH"":true,""PAYMENT_STATE_MATCH"":true}","[]","[{""position"":1,""qbPosition"":2,""lineAlignment"":""EXACT_CONTENT_BIJECTION"",""elsetLineId"":""servicem8-material-1e7a4cee-81a8-40b9-980b-243dde79694d"",""priceListItemId"":"""",""elsetDescription"":""Acces control digital keypad with finger print"",""qbDescription"":""Acces control digital keypad with finger print"",""expectedItem"":{""id"":""123"",""name"":""ELSET Services"",""incomeAccountId"":""9"",""status"":""FALLBACK"",""reason"":""Saved line has no priceListItemId; the new model uses the configured fallback."",""comparisonKnown"":true,""accountEligibility"":""NOT_REVALIDATED_ARCHIVE_HAS_NO_ACCOUNT_ENTITY""},""qbItemId"":""87"",""qbItemName"":""KEYPAD SCAN"",""qbIncomeAccountId"":""16"",""qbIncomeAccountName"":""Billable Expense Income ( 16 )"",""elsetQuantityMicros"":1000000,""qbQuantityMicros"":1000000,""elsetUnitPriceMicros"":550000000,""qbUnitPriceMicros"":550000000,""elsetLineAmountCents"":55000,""qbLineAmountCents"":55000,""DESCRIPTION_DIFF"":false,""DESCRIPTION_FORMAT_ONLY"":false,""DESCRIPTION_CONTENT_DIFF"":false,""PRODUCT_SERVICE_DIFF"":true,""PRODUCT_SERVICE_COMPARISON_UNKNOWN"":false,""INCOME_ACCOUNT_DIFF"":true,""QTY_DIFF"":false,""UNIT_PRICE_DIFF"":false,""LINE_AMOUNT_DIFF"":false},{""position"":2,""qbPosition"":3,""lineAlignment"":""EXACT_CONTENT_BIJECTION"",""elsetLineId"":""servicem8-material-50e49041-2903-4784-8f99-243dd4c2a96d"",""priceListItemId"":"""",""elsetDescription"":""Internal exit pad"",""qbDescription"":""Internal exit pad"",""expectedItem"":{""id"":""123"",""name"":""ELSET Services"",""incomeAccountId"":""9"",""status"":""FALLBACK"",""reason"":""Saved line has no priceListItemId; the new model uses the configured fallback."",""comparisonKnown"":true,""accountEligibility"":""NOT_REVALIDATED_ARCHIVE_HAS_NO_ACCOUNT_ENTITY""},""qbItemId"":""88"",""qbItemName"":""EXIT PAD"",""qbIncomeAccountId"":""16"",""qbIncomeAccountName"":""Billable Expense Income ( 16 )"",""elsetQuantityMicros"":1000000,""qbQuantityMicros"":1000000,""elsetUnitPriceMicros"":150000000,""qbUnitPriceMicros"":150000000,""elsetLineAmountCents"":15000,""qbLineAmountCents"":15000,""DESCRIPTION_DIFF"":false,""DESCRIPTION_FORMAT_ONLY"":false,""DESCRIPTION_CONTENT_DIFF"":false,""PRODUCT_SERVICE_DIFF"":true,""PRODUCT_SERVICE_COMPARISON_UNKNOWN"":false,""INCOME_ACCOUNT_DIFF"":true,""QTY_DIFF"":false,""UNIT_PRICE_DIFF"":false,""LINE_AMOUNT_DIFF"":false},{""position"":3,""qbPosition"":4,""lineAlignment"":""EXACT_CONTENT_BIJECTION"",""elsetLineId"":""servicem8-material-51fb4f72-a903-4f1d-87e1-243ddaa399cd"",""priceListItemId"":"""",""elsetDescription"":""Supply and install new safety photo cell for garage door"",""qbDescription"":""Supply and install new safety photo cell for garage door"",""expectedItem"":{""id"":""123"",""name"":""ELSET Services"",""incomeAccountId"":""9"",""status"":""FALLBACK"",""reason"":""Saved line has no priceListItemId; the new model uses the configured fallback."",""comparisonKnown"":true,""accountEligibility"":""NOT_REVALIDATED_ARCHIVE_HAS_NO_ACCOUNT_ENTITY""},""qbItemId"":""67"",""qbItemName"":""PHOTO-C"",""qbIncomeAccountId"":""16"",""qbIncomeAccountName"":""Billable Expense Income ( 16 )"",""elsetQuantityMicros"":1000000,""qbQuantityMicros"":1000000,""elsetUnitPriceMicros"":600000000,""qbUnitPriceMicros"":600000000,""elsetLineAmountCents"":60000,""qbLineAmountCents"":60000,""DESCRIPTION_DIFF"":false,""DESCRIPTION_FORMAT_ONLY"":false,""DESCRIPTION_CONTENT_DIFF"":false,""PRODUCT_SERVICE_DIFF"":true,""PRODUCT_SERVICE_COMPARISON_UNKNOWN"":false,""INCOME_ACCOUNT_DIFF"":true,""QTY_DIFF"":false,""UNIT_PRICE_DIFF"":false,""LINE_AMOUNT_DIFF"":false},{""position"":4,""qbPosition"":1,""lineAlignment"":""EXACT_CONTENT_BIJECTION"",""elsetLineId"":""servicem8-material-d65aae77-7385-4fd8-92c2-243dd36ddcfd"",""priceListItemId"":"""",""elsetDescription"":""Internal Door automation system INCL 2 handsets"",""qbDescription"":""Internal Door automation system INCL 2 handsets"",""expectedItem"":{""id"":""123"",""name"":""ELSET Services"",""incomeAccountId"":""9"",""status"":""FALLBACK"",""reason"":""Saved line has no priceListItemId; the new model uses the configured fallback."",""comparisonKnown"":true,""accountEligibility"":""NOT_REVALIDATED_ARCHIVE_HAS_NO_ACCOUNT_ENTITY""},""qbItemId"":""86"",""qbItemName"":""SWING DOOR INT"",""qbIncomeAccountId"":""16"",""qbIncomeAccountName"":""Billable Expense Income ( 16 )"",""elsetQuantityMicros"":1000000,""qbQuantityMicros"":1000000,""elsetUnitPriceMicros"":3800000000,""qbUnitPriceMicros"":3800000000,""elsetLineAmountCents"":380000,""qbLineAmountCents"":380000,""DESCRIPTION_DIFF"":false,""DESCRIPTION_FORMAT_ONLY"":false,""DESCRIPTION_CONTENT_DIFF"":false,""PRODUCT_SERVICE_DIFF"":true,""PRODUCT_SERVICE_COMPARISON_UNKNOWN"":false,""INCOME_ACCOUNT_DIFF"":true,""QTY_DIFF"":false,""UNIT_PRICE_DIFF"":false,""LINE_AMOUNT_DIFF"":false}]","{""id"":""47"",""candidates"":[""47""],""mapped"":false,""safe"":true,""state"":""MATCHED"",""reason"":""Existing mapping, exact marker or unique exact normalized customer identity.""}","CLEAR_CANONICAL_CANDIDATE","221","MATCHING_PAYMENT_STATE","","","","","[]","KEEP_HISTORICAL_LINE_ORDER_AND_ITEMS"
"INV-0202","servicem8-job-41a97852-1090-496c-90d8-24432738110d:invoice","Onpoint Commercial","2026-06-02","46000","4600","50600","50600","0","","DIFFERENT_IN_QB","REVIEW_PAYMENT","MULTIPLE_DIFF_TYPES","true","false","true","false","true","false","false","false","false","false","false","false","false","false","true","true","false","false","false","false","false","false","true","226","202","Onpoint Commercial","57","2026-06-02","46000","4600","50600","0","50600","[""Payment""]","[{""type"":""Payment"",""id"":""271"",""via"":""payment allocation""}]","[{""id"":""271"",""date"":""2026-06-24"",""customerId"":""57"",""totalCents"":50600,""unappliedCents"":0,""allocations"":[{""amountCents"":50600,""links"":[{""TxnId"":""226"",""TxnType"":""Invoice""}]}],""metadata"":{""CreateTime"":""2026-08-06T17:30:51-07:00"",""LastUpdatedTime"":""2026-08-06T17:30:51-07:00""}}]","2026-06-01T20:47:19-07:00","2026-08-06T17:32:23-07:00","[]","[]","{""CUSTOMER_MATCH"":false,""DATE_MATCH"":true,""DOC_NUMBER_MATCH"":false,""LINE_COUNT_MATCH"":true,""PRODUCT_SERVICE_MATCH"":false,""DESCRIPTION_MATCH"":true,""QTY_MATCH"":true,""UNIT_PRICE_MATCH"":true,""LINE_AMOUNT_MATCH"":true,""SUBTOTAL_MATCH"":true,""GST_MATCH"":true,""TOTAL_MATCH"":true,""BALANCE_MATCH"":true,""PAYMENT_STATE_MATCH"":true}","[]","[{""position"":1,""qbPosition"":2,""lineAlignment"":""EXACT_CONTENT_BIJECTION"",""elsetLineId"":""servicem8-material-1690f8a2-8c6e-4f12-b5b4-244327cf716d"",""priceListItemId"":"""",""elsetDescription"":""Service on gate automatics roller shutter"",""qbDescription"":""Service on gate automatics roller shutter"",""expectedItem"":{""id"":""123"",""name"":""ELSET Services"",""incomeAccountId"":""9"",""status"":""FALLBACK"",""reason"":""Saved line has no priceListItemId; the new model uses the configured fallback."",""comparisonKnown"":true,""accountEligibility"":""NOT_REVALIDATED_ARCHIVE_HAS_NO_ACCOUNT_ENTITY""},""qbItemId"":""62"",""qbItemName"":""SCO- GATE 2"",""qbIncomeAccountId"":""16"",""qbIncomeAccountName"":""Billable Expense Income ( 16 )"",""elsetQuantityMicros"":1000000,""qbQuantityMicros"":1000000,""elsetUnitPriceMicros"":90000000,""qbUnitPriceMicros"":90000000,""elsetLineAmountCents"":9000,""qbLineAmountCents"":9000,""DESCRIPTION_DIFF"":false,""DESCRIPTION_FORMAT_ONLY"":false,""DESCRIPTION_CONTENT_DIFF"":false,""PRODUCT_SERVICE_DIFF"":true,""PRODUCT_SERVICE_COMPARISON_UNKNOWN"":false,""INCOME_ACCOUNT_DIFF"":true,""QTY_DIFF"":false,""UNIT_PRICE_DIFF"":false,""LINE_AMOUNT_DIFF"":false},{""position"":2,""qbPosition"":1,""lineAlignment"":""EXACT_CONTENT_BIJECTION"",""elsetLineId"":""servicem8-material-d0205d14-68b2-446b-9b9b-24432b16dcdd"",""priceListItemId"":"""",""elsetDescription"":""Service Call out ."",""qbDescription"":""Service Call out ."",""expectedItem"":{""id"":""123"",""name"":""ELSET Services"",""incomeAccountId"":""9"",""status"":""FALLBACK"",""reason"":""Saved line has no priceListItemId; the new model uses the configured fallback."",""comparisonKnown"":true,""accountEligibility"":""NOT_REVALIDATED_ARCHIVE_HAS_NO_ACCOUNT_ENTITY""},""qbItemId"":""8"",""qbItemName"":""SCO-001"",""qbIncomeAccountId"":""16"",""qbIncomeAccountName"":""Billable Expense Income ( 16 )"",""elsetQuantityMicros"":1000000,""qbQuantityMicros"":1000000,""elsetUnitPriceMicros"":250000000,""qbUnitPriceMicros"":250000000,""elsetLineAmountCents"":25000,""qbLineAmountCents"":25000,""DESCRIPTION_DIFF"":false,""DESCRIPTION_FORMAT_ONLY"":false,""DESCRIPTION_CONTENT_DIFF"":false,""PRODUCT_SERVICE_DIFF"":true,""PRODUCT_SERVICE_COMPARISON_UNKNOWN"":false,""INCOME_ACCOUNT_DIFF"":true,""QTY_DIFF"":false,""UNIT_PRICE_DIFF"":false,""LINE_AMOUNT_DIFF"":false},{""position"":3,""qbPosition"":3,""lineAlignment"":""EXACT_CONTENT_BIJECTION"",""elsetLineId"":""servicem8-material-fb074149-9e34-4aa3-9c5f-2443203353ed"",""priceListItemId"":"""",""elsetDescription"":""Aircon Service"",""qbDescription"":""Aircon Service"",""expectedItem"":{""id"":""123"",""name"":""ELSET Services"",""incomeAccountId"":""9"",""status"":""FALLBACK"",""reason"":""Saved line has no priceListItemId; the new model uses the configured fallback."",""comparisonKnown"":true,""accountEligibility"":""NOT_REVALIDATED_ARCHIVE_HAS_NO_ACCOUNT_ENTITY""},""qbItemId"":""89"",""qbItemName"":""AIROCN SER"",""qbIncomeAccountId"":""16"",""qbIncomeAccountName"":""Billable Expense Income ( 16 )"",""elsetQuantityMicros"":1000000,""qbQuantityMicros"":1000000,""elsetUnitPriceMicros"":120000000,""qbUnitPriceMicros"":120000000,""elsetLineAmountCents"":12000,""qbLineAmountCents"":12000,""DESCRIPTION_DIFF"":false,""DESCRIPTION_FORMAT_ONLY"":false,""DESCRIPTION_CONTENT_DIFF"":false,""PRODUCT_SERVICE_DIFF"":true,""PRODUCT_SERVICE_COMPARISON_UNKNOWN"":false,""INCOME_ACCOUNT_DIFF"":true,""QTY_DIFF"":false,""UNIT_PRICE_DIFF"":false,""LINE_AMOUNT_DIFF"":false}]","{""id"":"""",""candidates"":[""57""],""mapped"":false,""safe"":false,""state"":""AMBIGUOUS"",""reason"":""Customer name/email candidates conflict or are not unique.""}","REVIEW_REQUIRED","","MATCHING_PAYMENT_STATE","","","","","[""PHASE_4""]","REVIEW_ONLY"
"INV-0203","servicem8-job-457396ea-ec2f-499a-ac2f-244327da3fed:invoice","Melcorp","2026-06-02","55000","5500","60500","60500","0","","DIFFERENT_IN_QB","REVIEW_PAYMENT","CUSTOMER_OR_DATE_DIFF","true","false","true","false","true","false","false","false","false","false","false","false","false","false","false","true","false","false","false","false","false","false","true","227","203","Melcorp","22","2026-06-02","55000","5500","60500","0","60500","[""Payment""]","[{""type"":""Payment"",""id"":""276"",""via"":""payment allocation""}]","[{""id"":""276"",""date"":""2026-06-06"",""customerId"":""22"",""totalCents"":60500,""unappliedCents"":0,""allocations"":[{""amountCents"":60500,""links"":[{""TxnId"":""227"",""TxnType"":""Invoice""}]}],""metadata"":{""CreateTime"":""2026-08-06T17:30:52-07:00"",""LastUpdatedTime"":""2026-08-06T17:30:52-07:00""}}]","2026-06-01T20:50:03-07:00","2026-08-06T17:32:42-07:00","[]","[]","{""CUSTOMER_MATCH"":false,""DATE_MATCH"":true,""DOC_NUMBER_MATCH"":false,""LINE_COUNT_MATCH"":true,""PRODUCT_SERVICE_MATCH"":false,""DESCRIPTION_MATCH"":true,""QTY_MATCH"":true,""UNIT_PRICE_MATCH"":true,""LINE_AMOUNT_MATCH"":true,""SUBTOTAL_MATCH"":true,""GST_MATCH"":true,""TOTAL_MATCH"":true,""BALANCE_MATCH"":true,""PAYMENT_STATE_MATCH"":true}","[]","[{""position"":1,""qbPosition"":1,""lineAlignment"":""EXACT_CONTENT_BIJECTION"",""elsetLineId"":""servicem8-material-acbac831-e233-4ca4-9820-244327b74ebd"",""priceListItemId"":"""",""elsetDescription"":""Metal enclosure for control box"",""qbDescription"":""Metal enclosure for control box"",""expectedItem"":{""id"":""123"",""name"":""ELSET Services"",""incomeAccountId"":""9"",""status"":""FALLBACK"",""reason"":""Saved line has no priceListItemId; the new model uses the configured fallback."",""comparisonKnown"":true,""accountEligibility"":""NOT_REVALIDATED_ARCHIVE_HAS_NO_ACCOUNT_ENTITY""},""qbItemId"":""90"",""qbItemName"":""ENCLOSURE"",""qbIncomeAccountId"":""16"",""qbIncomeAccountName"":""Billable Expense Income ( 16 )"",""elsetQuantityMicros"":1000000,""qbQuantityMicros"":1000000,""elsetUnitPriceMicros"":550000000,""qbUnitPriceMicros"":550000000,""elsetLineAmountCents"":55000,""qbLineAmountCents"":55000,""DESCRIPTION_DIFF"":false,""DESCRIPTION_FORMAT_ONLY"":false,""DESCRIPTION_CONTENT_DIFF"":false,""PRODUCT_SERVICE_DIFF"":true,""PRODUCT_SERVICE_COMPARISON_UNKNOWN"":false,""INCOME_ACCOUNT_DIFF"":true,""QTY_DIFF"":false,""UNIT_PRICE_DIFF"":false,""LINE_AMOUNT_DIFF"":false}]","{""id"":"""",""candidates"":[""22""],""mapped"":false,""safe"":false,""state"":""AMBIGUOUS"",""reason"":""Customer name/email candidates conflict or are not unique.""}","REVIEW_REQUIRED","","MATCHING_PAYMENT_STATE","","","","","[""PHASE_4""]","REVIEW_ONLY"
"INV-0206","servicem8-job-fc6e846e-700c-4614-85c6-2449639897dd:invoice","Action Powder Apllicators P/L","2026-06-09","500000","50000","550000","550000","0","","DIFFERENT_IN_QB","REVIEW_PAYMENT","COSMETIC_ONLY","false","false","true","false","true","false","false","false","false","false","false","false","false","false","false","true","false","false","false","true","false","false","true","238","206","Action Powder Apllicators P/L","68","2026-06-09","500000","50000","550000","0","550000","[""Payment""]","[{""type"":""Payment"",""id"":""265"",""via"":""payment allocation""}]","[{""id"":""265"",""date"":""2026-07-01"",""customerId"":""68"",""totalCents"":550000,""unappliedCents"":0,""allocations"":[{""amountCents"":550000,""links"":[{""TxnId"":""238"",""TxnType"":""Invoice""}]}],""metadata"":{""CreateTime"":""2026-08-06T17:30:49-07:00"",""LastUpdatedTime"":""2026-08-06T17:30:49-07:00""}}]","2026-06-08T16:43:04-07:00","2026-08-06T17:32:33-07:00","[]","[]","{""CUSTOMER_MATCH"":true,""DATE_MATCH"":true,""DOC_NUMBER_MATCH"":false,""LINE_COUNT_MATCH"":true,""PRODUCT_SERVICE_MATCH"":false,""DESCRIPTION_MATCH"":true,""QTY_MATCH"":true,""UNIT_PRICE_MATCH"":true,""LINE_AMOUNT_MATCH"":true,""SUBTOTAL_MATCH"":true,""GST_MATCH"":true,""TOTAL_MATCH"":true,""BALANCE_MATCH"":true,""PAYMENT_STATE_MATCH"":true}","[]","[{""position"":1,""qbPosition"":1,""lineAlignment"":""EXACT_CONTENT_BIJECTION"",""elsetLineId"":""servicem8-material-4dcf49f6-8c9d-428e-8536-24496cb47f0d"",""priceListItemId"":"""",""elsetDescription"":""Supply and installation of 1.5hp motor and control system for automatic sliding gate system, replace 10m of nylon heavy duty rack."",""qbDescription"":""Supply and installation of 1.5hp motor and control system for automatic sliding gate system, replace 10m of nylon heavy duty rack."",""expectedItem"":{""id"":""123"",""name"":""ELSET Services"",""incomeAccountId"":""9"",""status"":""FALLBACK"",""reason"":""Saved line has no priceListItemId; the new model uses the configured fallback."",""comparisonKnown"":true,""accountEligibility"":""NOT_REVALIDATED_ARCHIVE_HAS_NO_ACCOUNT_ENTITY""},""qbItemId"":""91"",""qbItemName"":""SLIDING GATE"",""qbIncomeAccountId"":""16"",""qbIncomeAccountName"":""Billable Expense Income ( 16 )"",""elsetQuantityMicros"":1000000,""qbQuantityMicros"":1000000,""elsetUnitPriceMicros"":5000000000,""qbUnitPriceMicros"":5000000000,""elsetLineAmountCents"":500000,""qbLineAmountCents"":500000,""DESCRIPTION_DIFF"":false,""DESCRIPTION_FORMAT_ONLY"":false,""DESCRIPTION_CONTENT_DIFF"":false,""PRODUCT_SERVICE_DIFF"":true,""PRODUCT_SERVICE_COMPARISON_UNKNOWN"":false,""INCOME_ACCOUNT_DIFF"":true,""QTY_DIFF"":false,""UNIT_PRICE_DIFF"":false,""LINE_AMOUNT_DIFF"":false}]","{""id"":""68"",""candidates"":[""68""],""mapped"":false,""safe"":true,""state"":""MATCHED"",""reason"":""Existing mapping, exact marker or unique exact normalized customer identity.""}","CLEAR_CANONICAL_CANDIDATE","238","MATCHING_PAYMENT_STATE","","","","","[]","KEEP_HISTORICAL_ITEM_DESCRIPTION_FORMAT_AND_NUMBER_FORMAT"
"INV-0208","servicem8-job-ffc80a7b-1fde-4e03-81d1-244968c0429d:invoice","YOUR owners corporation","2026-06-09","129000","12900","141900","141900","0","","DIFFERENT_IN_QB","REVIEW_PAYMENT","CONTENT_DIFF_NO_FINANCIAL_CHANGE","false","false","true","false","true","false","false","false","false","false","false","false","false","false","true","true","false","false","false","false","false","false","true","239","208","YOUR owners corporation","6","2026-06-09","129000","12900","141900","0","141900","[""Payment""]","[{""type"":""Payment"",""id"":""274"",""via"":""payment allocation""}]","[{""id"":""274"",""date"":""2026-06-11"",""customerId"":""6"",""totalCents"":141900,""unappliedCents"":0,""allocations"":[{""amountCents"":141900,""links"":[{""TxnId"":""239"",""TxnType"":""Invoice""}]}],""metadata"":{""CreateTime"":""2026-08-06T17:30:51-07:00"",""LastUpdatedTime"":""2026-08-06T17:30:51-07:00""}}]","2026-06-08T17:46:27-07:00","2026-08-06T17:32:34-07:00","[]","[]","{""CUSTOMER_MATCH"":true,""DATE_MATCH"":true,""DOC_NUMBER_MATCH"":false,""LINE_COUNT_MATCH"":true,""PRODUCT_SERVICE_MATCH"":false,""DESCRIPTION_MATCH"":true,""QTY_MATCH"":true,""UNIT_PRICE_MATCH"":true,""LINE_AMOUNT_MATCH"":true,""SUBTOTAL_MATCH"":true,""GST_MATCH"":true,""TOTAL_MATCH"":true,""BALANCE_MATCH"":true,""PAYMENT_STATE_MATCH"":true}","[]","[{""position"":1,""qbPosition"":2,""lineAlignment"":""EXACT_CONTENT_BIJECTION"",""elsetLineId"":""servicem8-material-5333ea80-4158-4920-baca-2449628a62dd"",""priceListItemId"":"""",""elsetDescription"":""Re Program board and ensure gate was in complete function"",""qbDescription"":""Re Program board and ensure gate was in complete function"",""expectedItem"":{""id"":""123"",""name"":""ELSET Services"",""incomeAccountId"":""9"",""status"":""FALLBACK"",""reason"":""Saved line has no priceListItemId; the new model uses the configured fallback."",""comparisonKnown"":true,""accountEligibility"":""NOT_REVALIDATED_ARCHIVE_HAS_NO_ACCOUNT_ENTITY""},""qbItemId"":""93"",""qbItemName"":""Reprogram"",""qbIncomeAccountId"":""16"",""qbIncomeAccountName"":""Billable Expense Income ( 16 )"",""elsetQuantityMicros"":1000000,""qbQuantityMicros"":1000000,""elsetUnitPriceMicros"":250000000,""qbUnitPriceMicros"":250000000,""elsetLineAmountCents"":25000,""qbLineAmountCents"":25000,""DESCRIPTION_DIFF"":false,""DESCRIPTION_FORMAT_ONLY"":false,""DESCRIPTION_CONTENT_DIFF"":false,""PRODUCT_SERVICE_DIFF"":true,""PRODUCT_SERVICE_COMPARISON_UNKNOWN"":false,""INCOME_ACCOUNT_DIFF"":true,""QTY_DIFF"":false,""UNIT_PRICE_DIFF"":false,""LINE_AMOUNT_DIFF"":false},{""position"":2,""qbPosition"":1,""lineAlignment"":""EXACT_CONTENT_BIJECTION"",""elsetLineId"":""servicem8-material-f6a0aab3-2210-408e-93c4-24496d32ac4d"",""priceListItemId"":"""",""elsetDescription"":""After Hours Call-Out"",""qbDescription"":""After Hours Call-Out"",""expectedItem"":{""id"":""123"",""name"":""ELSET Services"",""incomeAccountId"":""9"",""status"":""FALLBACK"",""reason"":""Saved line has no priceListItemId; the new model uses the configured fallback."",""comparisonKnown"":true,""accountEligibility"":""NOT_REVALIDATED_ARCHIVE_HAS_NO_ACCOUNT_ENTITY""},""qbItemId"":""92"",""qbItemName"":""After Hours CO"",""qbIncomeAccountId"":""16"",""qbIncomeAccountName"":""Billable Expense Income ( 16 )"",""elsetQuantityMicros"":2000000,""qbQuantityMicros"":2000000,""elsetUnitPriceMicros"":520000000,""qbUnitPriceMicros"":520000000,""elsetLineAmountCents"":104000,""qbLineAmountCents"":104000,""DESCRIPTION_DIFF"":false,""DESCRIPTION_FORMAT_ONLY"":false,""DESCRIPTION_CONTENT_DIFF"":false,""PRODUCT_SERVICE_DIFF"":true,""PRODUCT_SERVICE_COMPARISON_UNKNOWN"":false,""INCOME_ACCOUNT_DIFF"":true,""QTY_DIFF"":false,""UNIT_PRICE_DIFF"":false,""LINE_AMOUNT_DIFF"":false}]","{""id"":""6"",""candidates"":[""6""],""mapped"":true,""safe"":true,""state"":""MATCHED"",""reason"":""Existing mapping, exact marker or unique exact normalized customer identity.""}","CLEAR_CANONICAL_CANDIDATE","239","MATCHING_PAYMENT_STATE","","","","","[]","KEEP_HISTORICAL_LINE_ORDER_AND_ITEMS"
"INV-0210","servicem8-job-99ecc12a-ad79-4328-bf92-244bdd7ccb7d:invoice","Phillip Grech Plumbing services","2026-06-11","300000","30000","330000","330000","0","","DIFFERENT_IN_QB","REVIEW_PAYMENT","COSMETIC_ONLY","false","false","true","false","true","false","false","false","false","false","false","false","false","false","false","true","false","false","false","true","false","false","true","283","210","Phillip Grech Plumbing services","79","2026-06-11","300000","30000","330000","0","330000","[""Payment""]","[{""type"":""Payment"",""id"":""288"",""via"":""payment allocation""}]","[{""id"":""288"",""date"":""2026-06-11"",""customerId"":""79"",""totalCents"":330000,""unappliedCents"":0,""allocations"":[{""amountCents"":330000,""links"":[{""TxnId"":""283"",""TxnType"":""Invoice""}]}],""metadata"":{""CreateTime"":""2026-08-11T16:27:53-07:00"",""LastUpdatedTime"":""2026-08-11T16:27:53-07:00""}}]","2026-08-11T16:26:57-07:00","2026-08-11T16:29:46-07:00","[]","[]","{""CUSTOMER_MATCH"":true,""DATE_MATCH"":true,""DOC_NUMBER_MATCH"":false,""LINE_COUNT_MATCH"":true,""PRODUCT_SERVICE_MATCH"":false,""DESCRIPTION_MATCH"":true,""QTY_MATCH"":true,""UNIT_PRICE_MATCH"":true,""LINE_AMOUNT_MATCH"":true,""SUBTOTAL_MATCH"":true,""GST_MATCH"":true,""TOTAL_MATCH"":true,""BALANCE_MATCH"":true,""PAYMENT_STATE_MATCH"":true}","[]","[{""position"":1,""qbPosition"":1,""lineAlignment"":""EXACT_CONTENT_BIJECTION"",""elsetLineId"":""servicem8-material-d73e372d-fecb-4d1b-86ae-244bd813d8bd"",""priceListItemId"":"""",""elsetDescription"":""Supply and installation of new automatic gate opener system"",""qbDescription"":""Supply and installation of new automatic gate opener system"",""expectedItem"":{""id"":""123"",""name"":""ELSET Services"",""incomeAccountId"":""9"",""status"":""FALLBACK"",""reason"":""Saved line has no priceListItemId; the new model uses the configured fallback."",""comparisonKnown"":true,""accountEligibility"":""NOT_REVALIDATED_ARCHIVE_HAS_NO_ACCOUNT_ENTITY""},""qbItemId"":""91"",""qbItemName"":""SLIDING GATE"",""qbIncomeAccountId"":""16"",""qbIncomeAccountName"":""Billable Expense Income ( 16 )"",""elsetQuantityMicros"":1000000,""qbQuantityMicros"":1000000,""elsetUnitPriceMicros"":3000000000,""qbUnitPriceMicros"":3000000000,""elsetLineAmountCents"":300000,""qbLineAmountCents"":300000,""DESCRIPTION_DIFF"":false,""DESCRIPTION_FORMAT_ONLY"":false,""DESCRIPTION_CONTENT_DIFF"":false,""PRODUCT_SERVICE_DIFF"":true,""PRODUCT_SERVICE_COMPARISON_UNKNOWN"":false,""INCOME_ACCOUNT_DIFF"":true,""QTY_DIFF"":false,""UNIT_PRICE_DIFF"":false,""LINE_AMOUNT_DIFF"":false}]","{""id"":""79"",""candidates"":[""79""],""mapped"":false,""safe"":true,""state"":""MATCHED"",""reason"":""Existing mapping, exact marker or unique exact normalized customer identity.""}","CLEAR_CANONICAL_CANDIDATE","283","MATCHING_PAYMENT_STATE","","","","","[]","KEEP_HISTORICAL_ITEM_DESCRIPTION_FORMAT_AND_NUMBER_FORMAT"
"INV-0030","servicem8-job-87dcc227-f219-42ed-ac3d-233b1e5cf24d:invoice","YOUR owners corporation","2026-06-18","51000","5100","56100","56100","0","","MISSING_IN_QB","CREATE_QB_INVOICE","NOT_IN_DIFFERENT_COHORT","","","","","","","","","","","","","","","","","","","","","","","","","","","","","","","","","","","","","","","","","","","","{""id"":""6"",""candidates"":[""6""],""mapped"":true,""safe"":true,""state"":""MATCHED"",""reason"":""Existing mapping, exact marker or unique exact normalized customer identity.""}","REVIEW_REQUIRED","","OTHER","REVIEW_BEFORE_CREATE","No archived counterpart found, but ELSET has recorded payments. Creating an unpaid QB invoice needs accounting/payment review first.","No mapped, marked, exact-number or sufficiently corroborated content counterpart in the first pass.","[]","[""PHASE_4""]","RESOLVE_MISSING_INVOICE_REVIEW"
"INV-0192","servicem8-job-a2b148df-fc64-45df-a961-2428c8da91ad:invoice","Domain Prestige Homes","2026-06-18","1050000","105000","1155000","577500","577500","","MISSING_IN_QB","CREATE_QB_INVOICE","NOT_IN_DIFFERENT_COHORT","","","","","","","","","","","","","","","","","","","","","","","","","","","","","","","","","","","","","","","","","","","","{""id"":"""",""candidates"":[],""mapped"":false,""safe"":true,""state"":""NEW"",""reason"":""No exact customer candidate; new customer would be needed.""}","REVIEW_REQUIRED","","OTHER","REVIEW_BEFORE_CREATE","No archived counterpart found, but ELSET has recorded payments. Creating an unpaid QB invoice needs accounting/payment review first.","No mapped, marked, exact-number or sufficiently corroborated content counterpart in the first pass.","[]","[""PHASE_4""]","RESOLVE_MISSING_INVOICE_REVIEW"
"INV-0145","servicem8-job-a97e87bc-442c-482a-b9e0-23e04e80170d:invoice","MBCM FOOTRSCRAY/ ASCOT VALE","2026-06-18","614000","61400","675400","675400","0","","MISSING_IN_QB","CREATE_QB_INVOICE","NOT_IN_DIFFERENT_COHORT","","","","","","","","","","","","","","","","","","","","","","","","","","","","","","","","","","","","","","","","","","","","{""id"":""44"",""candidates"":[""44""],""mapped"":false,""safe"":true,""state"":""MATCHED"",""reason"":""Existing mapping, exact marker or unique exact normalized customer identity.""}","REVIEW_REQUIRED","","OTHER","REVIEW_BEFORE_CREATE","No archived counterpart found, but ELSET has recorded payments. Creating an unpaid QB invoice needs accounting/payment review first.","No mapped, marked, exact-number or sufficiently corroborated content counterpart in the first pass.","[]","[""PHASE_4""]","RESOLVE_MISSING_INVOICE_REVIEW"
"INV-0133","servicem8-job-bce2fe26-414d-4bd2-8da8-23d3470d00dd:invoice","GN Building Group PL","2026-06-18","410000","41000","451000","451000","0","","MISSING_IN_QB","CREATE_QB_INVOICE","NOT_IN_DIFFERENT_COHORT","","","","","","","","","","","","","","","","","","","","","","","","","","","","","","","","","","","","","","","","","","","","{""id"":"""",""candidates"":[],""mapped"":false,""safe"":true,""state"":""NEW"",""reason"":""No exact customer candidate; new customer would be needed.""}","REVIEW_REQUIRED","","OTHER","POSSIBLE_EXISTING_QB_RECORD","Weak number/content/amount evidence could represent an existing invoice. Resolve every candidate before creating.","No mapped, marked, exact-number or sufficiently corroborated content counterpart in the first pass.","[{""qbId"":""326"",""qbDocNumber"":""174"",""qbCustomerId"":""14"",""qbCustomer"":""Colour Earth Wrough Ironworks"",""qbDate"":""2026-03-26"",""qbDueDate"":""2026-04-02"",""qbSubtotalCents"":410000,""qbGstCents"":41000,""qbTotalCents"":451000,""qbBalanceCents"":0,""qbInferredPaidCents"":451000,""elsetBalanceCents"":0,""elsetPaymentState"":""PAID"",""qbPaymentState"":""PAID"",""linkedTransactions"":[{""type"":""Payment"",""id"":""334"",""via"":""payment allocation""}],""linkedTransactionTypes"":[""Payment""],""linkedPayments"":[{""id"":""334"",""date"":""2026-04-30"",""customerId"":""14"",""totalCents"":451000,""unappliedCents"":0,""allocations"":[{""amountCents"":451000,""links"":[{""TxnId"":""326"",""TxnType"":""Invoice""}]}],""metadata"":{""CreateTime"":""2026-08-11T16:49:37-07:00"",""LastUpdatedTime"":""2026-08-11T16:49:37-07:00""}}],""qbDepositCents"":0,""protectedAccountingState"":true,""createdAt"":""2026-08-11T16:48:46-07:00"",""updatedAt"":""2026-08-11T17:44:50-07:00"",""syncToken"":""2"",""existingLocalMappings"":[],""otherLocalClaims"":[{""invoiceNumber"":""INV-0174"",""mapped"":false,""evidence"":[""EXACT_CUSTOMER_DATE_LINES_TOTALS"",""SAME_CUSTOMER_DATE_TOTAL_DESCRIPTIONS"",""NUMBER_VARIANT_WITH_CORROBORATION""],""businessContentMatch"":true}],""mappedToThisInvoice"":false,""firstPassEvidence"":[],""businessMatch"":false,""identitySafe"":false,""flags"":{""CUSTOMER_DIFF"":true,""DATE_DIFF"":true,""DOC_NUMBER_DIFF"":true,""DOC_NUMBER_FORMAT_ONLY"":false,""DOC_NUMBER_CONTENT_DIFF"":true,""LINE_COUNT_DIFF"":false,""LINE_ORDER_DIFF"":false,""PRODUCT_SERVICE_DIFF"":true,""PRODUCT_SERVICE_COMPARISON_UNKNOWN"":false,""INCOME_ACCOUNT_DIFF"":true,""DESCRIPTION_DIFF"":true,""DESCRIPTION_CONTENT_DIFF"":false,""QTY_DIFF"":false,""UNIT_PRICE_DIFF"":false,""LINE_AMOUNT_DIFF"":false,""DESCRIPTION_FORMAT_ONLY"":true,""HAS_DESCRIPTION_FORMAT_DIFFERENCE"":true,""SUBTOTAL_DIFF"":false,""GST_DIFF"":false,""TOTAL_DIFF"":false,""BALANCE_DIFF"":false,""PAYMENT_STATE_DIFF"":false,""CURRENCY_DIFF"":false,""UNSUPPORTED_CONTENT"":false,""HISTORICAL_ITEM_DIFFERENCE_ONLY"":false,""STRICT_ITEM_ONLY"":false},""bucket"":""MULTIPLE_DIFF_TYPES"",""discrepancyTypes"":[""CUSTOMER_OR_DATE_DIFF"",""CONTENT_DIFF_NO_FINANCIAL_CHANGE""],""fieldMatches"":{""CUSTOMER_MATCH"":false,""DATE_MATCH"":false,""DOC_NUMBER_MATCH"":false,""LINE_COUNT_MATCH"":true,""PRODUCT_SERVICE_MATCH"":false,""DESCRIPTION_MATCH"":false,""QTY_MATCH"":true,""UNIT_PRICE_MATCH"":true,""LINE_AMOUNT_MATCH"":true,""SUBTOTAL_MATCH"":true,""GST_MATCH"":true,""TOTAL_MATCH"":true,""BALANCE_MATCH"":true,""PAYMENT_STATE_MATCH"":true},""customerComparison"":""UNRESOLVED_ELSET_CUSTOMER_NOT_CONFIRMED_WRONG_CUSTOMER"",""monetaryDifferences"":[],""lines"":[{""position"":1,""qbPosition"":1,""lineAlignment"":""EXACT_CONTENT_BIJECTION"",""elsetLineId"":""servicem8-material-2d6ab55c-5d97-4f20-9c4c-23d3462efa4d"",""priceListItemId"":"""",""elsetDescription"":""Supply and installation for Automation system on double swing gate, DEA LIVI 500 incl. 2 remote controls"",""qbDescription"":""Supply and installation for Automation system on double swing gate, DEA LIVI 500 \nincl. 2 remote controls"",""expectedItem"":{""id"":""123"",""name"":""ELSET Services"",""incomeAccountId"":""9"",""status"":""FALLBACK"",""reason"":""Saved line has no priceListItemId; the new model uses the configured fallback."",""comparisonKnown"":true,""accountEligibility"":""NOT_REVALIDATED_ARCHIVE_HAS_NO_ACCOUNT_ENTITY""},""qbItemId"":""115"",""qbItemName"":""Autosys"",""qbIncomeAccountId"":""16"",""qbIncomeAccountName"":""Billable Expense Income ( 16 )"",""elsetQuantityMicros"":1000000,""qbQuantityMicros"":1000000,""elsetUnitPriceMicros"":3500000000,""qbUnitPriceMicros"":3500000000,""elsetLineAmountCents"":350000,""qbLineAmountCents"":350000,""DESCRIPTION_DIFF"":true,""DESCRIPTION_FORMAT_ONLY"":true,""DESCRIPTION_CONTENT_DIFF"":false,""PRODUCT_SERVICE_DIFF"":true,""PRODUCT_SERVICE_COMPARISON_UNKNOWN"":false,""INCOME_ACCOUNT_DIFF"":true,""QTY_DIFF"":false,""UNIT_PRICE_DIFF"":false,""LINE_AMOUNT_DIFF"":false},{""position"":2,""qbPosition"":2,""lineAlignment"":""EXACT_CONTENT_BIJECTION"",""elsetLineId"":""servicem8-material-42ad8864-c306-4664-be92-23d34d5a89cd"",""priceListItemId"":"""",""elsetDescription"":""Raising hinging system to suit double swing gate"",""qbDescription"":""Raising hinging system to suit double swing gate"",""expectedItem"":{""id"":""123"",""name"":""ELSET Services"",""incomeAccountId"":""9"",""status"":""FALLBACK"",""reason"":""Saved line has no priceListItemId; the new model uses the configured fallback."",""comparisonKnown"":true,""accountEligibility"":""NOT_REVALIDATED_ARCHIVE_HAS_NO_ACCOUNT_ENTITY""},""qbItemId"":""116"",""qbItemName"":""Raising Hinges"",""qbIncomeAccountId"":""16"",""qbIncomeAccountName"":""Billable Expense Income ( 16 )"",""elsetQuantityMicros"":1000000,""qbQuantityMicros"":1000000,""elsetUnitPriceMicros"":600000000,""qbUnitPriceMicros"":600000000,""elsetLineAmountCents"":60000,""qbLineAmountCents"":60000,""DESCRIPTION_DIFF"":false,""DESCRIPTION_FORMAT_ONLY"":false,""DESCRIPTION_CONTENT_DIFF"":false,""PRODUCT_SERVICE_DIFF"":true,""PRODUCT_SERVICE_COMPARISON_UNKNOWN"":false,""INCOME_ACCOUNT_DIFF"":true,""QTY_DIFF"":false,""UNIT_PRICE_DIFF"":false,""LINE_AMOUNT_DIFF"":false}],""qbPrivateNote"":"""",""qbCustomerMemo"":""Automation system for double swing gate with raising hinges."",""qbEmailStatus"":""EmailSent"",""weakReasons"":[""SAME_LINES_REGARDLESS_OF_CUSTOMER_OR_DATE""]}]","[""PHASE_4""]","RESOLVE_MISSING_INVOICE_REVIEW"
"INV-0114","servicem8-job-ceb61857-32ee-4d96-8890-23b1bf8e95cd:invoice","Melcorp","2026-06-18","480000","48000","528000","0","528000","","MISSING_IN_QB","REVIEW_CONFLICT","NOT_IN_DIFFERENT_COHORT","","","","","","","","","","","","","","","","","","","","","","","","","","","","","","","","","","","","","","","","","","","","{""id"":"""",""candidates"":[""22""],""mapped"":false,""safe"":false,""state"":""AMBIGUOUS"",""reason"":""Customer name/email candidates conflict or are not unique.""}","REVIEW_REQUIRED","","OTHER","REVIEW_BEFORE_CREATE","Customer identity unresolved: Customer name/email candidates conflict or are not unique.","No mapped, marked, exact-number or sufficiently corroborated content counterpart in the first pass.","[]","[""PHASE_4""]","RESOLVE_MISSING_INVOICE_REVIEW"
"INV-0215","servicem8-job-100bb050-d97e-4b96-9b00-24540f33979d:invoice","Candace Newport","2026-06-19","59000","5900","64900","64900","0","","DIFFERENT_IN_QB","REVIEW_PAYMENT","CUSTOMER_OR_DATE_DIFF","true","false","true","false","true","false","false","false","false","false","false","false","false","false","false","true","false","false","false","false","false","false","true","244","215","Candice Newport","10","2026-06-19","59000","5900","64900","0","64900","[""Payment""]","[{""type"":""Payment"",""id"":""269"",""via"":""payment allocation""}]","[{""id"":""269"",""date"":""2026-06-25"",""customerId"":""10"",""totalCents"":64900,""unappliedCents"":0,""allocations"":[{""amountCents"":64900,""links"":[{""TxnId"":""244"",""TxnType"":""Invoice""}]}],""metadata"":{""CreateTime"":""2026-08-06T17:30:50-07:00"",""LastUpdatedTime"":""2026-08-06T17:30:50-07:00""}}]","2026-06-19T00:34:32-07:00","2026-08-06T17:32:23-07:00","[]","[]","{""CUSTOMER_MATCH"":false,""DATE_MATCH"":true,""DOC_NUMBER_MATCH"":false,""LINE_COUNT_MATCH"":true,""PRODUCT_SERVICE_MATCH"":false,""DESCRIPTION_MATCH"":true,""QTY_MATCH"":true,""UNIT_PRICE_MATCH"":true,""LINE_AMOUNT_MATCH"":true,""SUBTOTAL_MATCH"":true,""GST_MATCH"":true,""TOTAL_MATCH"":true,""BALANCE_MATCH"":true,""PAYMENT_STATE_MATCH"":true}","[]","[{""position"":1,""qbPosition"":1,""lineAlignment"":""EXACT_CONTENT_BIJECTION"",""elsetLineId"":""servicem8-material-c52a89cd-72d9-46d4-8761-245401e8846d"",""priceListItemId"":"""",""elsetDescription"":""Service Call out ."",""qbDescription"":""Service Call out ."",""expectedItem"":{""id"":""123"",""name"":""ELSET Services"",""incomeAccountId"":""9"",""status"":""FALLBACK"",""reason"":""Saved line has no priceListItemId; the new model uses the configured fallback."",""comparisonKnown"":true,""accountEligibility"":""NOT_REVALIDATED_ARCHIVE_HAS_NO_ACCOUNT_ENTITY""},""qbItemId"":""8"",""qbItemName"":""SCO-001"",""qbIncomeAccountId"":""16"",""qbIncomeAccountName"":""Billable Expense Income ( 16 )"",""elsetQuantityMicros"":1000000,""qbQuantityMicros"":1000000,""elsetUnitPriceMicros"":250000000,""qbUnitPriceMicros"":250000000,""elsetLineAmountCents"":25000,""qbLineAmountCents"":25000,""DESCRIPTION_DIFF"":false,""DESCRIPTION_FORMAT_ONLY"":false,""DESCRIPTION_CONTENT_DIFF"":false,""PRODUCT_SERVICE_DIFF"":true,""PRODUCT_SERVICE_COMPARISON_UNKNOWN"":false,""INCOME_ACCOUNT_DIFF"":true,""QTY_DIFF"":false,""UNIT_PRICE_DIFF"":false,""LINE_AMOUNT_DIFF"":false},{""position"":2,""qbPosition"":2,""lineAlignment"":""EXACT_CONTENT_BIJECTION"",""elsetLineId"":""servicem8-material-f8d2ca43-8975-4e5f-9240-24540502e78d"",""priceListItemId"":"""",""elsetDescription"":""Replace door stop in motor"",""qbDescription"":""Replace door stop in motor"",""expectedItem"":{""id"":""123"",""name"":""ELSET Services"",""incomeAccountId"":""9"",""status"":""FALLBACK"",""reason"":""Saved line has no priceListItemId; the new model uses the configured fallback."",""comparisonKnown"":true,""accountEligibility"":""NOT_REVALIDATED_ARCHIVE_HAS_NO_ACCOUNT_ENTITY""},""qbItemId"":""75"",""qbItemName"":""Repairs"",""qbIncomeAccountId"":""16"",""qbIncomeAccountName"":""Billable Expense Income ( 16 )"",""elsetQuantityMicros"":1000000,""qbQuantityMicros"":1000000,""elsetUnitPriceMicros"":340000000,""qbUnitPriceMicros"":340000000,""elsetLineAmountCents"":34000,""qbLineAmountCents"":34000,""DESCRIPTION_DIFF"":false,""DESCRIPTION_FORMAT_ONLY"":false,""DESCRIPTION_CONTENT_DIFF"":false,""PRODUCT_SERVICE_DIFF"":true,""PRODUCT_SERVICE_COMPARISON_UNKNOWN"":false,""INCOME_ACCOUNT_DIFF"":true,""QTY_DIFF"":false,""UNIT_PRICE_DIFF"":false,""LINE_AMOUNT_DIFF"":false}]","{""id"":"""",""candidates"":[],""mapped"":false,""safe"":true,""state"":""NEW"",""reason"":""No exact customer candidate; new customer would be needed.""}","REVIEW_REQUIRED","","MATCHING_PAYMENT_STATE","","","","","[""PHASE_4""]","REVIEW_ONLY"
"INV-0213","servicem8-job-131b5673-1752-490f-9f88-245404bb600d:invoice","MBCM ST KILDA","2026-06-19","45000","4500","49500","49500","0","","DIFFERENT_IN_QB","REVIEW_CONFLICT","MULTIPLE_DIFF_TYPES","false","false","true","false","true","false","false","false","false","false","false","false","true","true","true","true","false","false","false","false","false","false","true","242","213","MBCM ST KILDA","15","2026-06-19","45000","4500","49500","49500","0","[]","[]","[]","2026-06-19T00:29:10-07:00","2026-06-19T00:29:10-07:00","[]","[]","{""CUSTOMER_MATCH"":true,""DATE_MATCH"":true,""DOC_NUMBER_MATCH"":false,""LINE_COUNT_MATCH"":true,""PRODUCT_SERVICE_MATCH"":false,""DESCRIPTION_MATCH"":true,""QTY_MATCH"":true,""UNIT_PRICE_MATCH"":true,""LINE_AMOUNT_MATCH"":true,""SUBTOTAL_MATCH"":true,""GST_MATCH"":true,""TOTAL_MATCH"":true,""BALANCE_MATCH"":false,""PAYMENT_STATE_MATCH"":false}","[{""field"":""balance"",""elset"":0,""quickbooks"":49500,""unit"":""AUD cents""},{""field"":""paid_vs_inferred_paid"",""elset"":49500,""quickbooks"":0,""unit"":""AUD cents""}]","[{""position"":1,""qbPosition"":2,""lineAlignment"":""EXACT_CONTENT_BIJECTION"",""elsetLineId"":""servicem8-material-475a7248-eea2-43dd-ba40-24540c0c262d"",""priceListItemId"":"""",""elsetDescription"":""Fault find"",""qbDescription"":""Fault find"",""expectedItem"":{""id"":""123"",""name"":""ELSET Services"",""incomeAccountId"":""9"",""status"":""FALLBACK"",""reason"":""Saved line has no priceListItemId; the new model uses the configured fallback."",""comparisonKnown"":true,""accountEligibility"":""NOT_REVALIDATED_ARCHIVE_HAS_NO_ACCOUNT_ENTITY""},""qbItemId"":""95"",""qbItemName"":""Fault find"",""qbIncomeAccountId"":""16"",""qbIncomeAccountName"":""Billable Expense Income ( 16 )"",""elsetQuantityMicros"":1000000,""qbQuantityMicros"":1000000,""elsetUnitPriceMicros"":200000000,""qbUnitPriceMicros"":200000000,""elsetLineAmountCents"":20000,""qbLineAmountCents"":20000,""DESCRIPTION_DIFF"":false,""DESCRIPTION_FORMAT_ONLY"":false,""DESCRIPTION_CONTENT_DIFF"":false,""PRODUCT_SERVICE_DIFF"":true,""PRODUCT_SERVICE_COMPARISON_UNKNOWN"":false,""INCOME_ACCOUNT_DIFF"":true,""QTY_DIFF"":false,""UNIT_PRICE_DIFF"":false,""LINE_AMOUNT_DIFF"":false},{""position"":2,""qbPosition"":1,""lineAlignment"":""EXACT_CONTENT_BIJECTION"",""elsetLineId"":""servicem8-material-d6930b2d-45d1-45e4-a483-24540d5268cd"",""priceListItemId"":"""",""elsetDescription"":""Service Call out ."",""qbDescription"":""Service Call out ."",""expectedItem"":{""id"":""123"",""name"":""ELSET Services"",""incomeAccountId"":""9"",""status"":""FALLBACK"",""reason"":""Saved line has no priceListItemId; the new model uses the configured fallback."",""comparisonKnown"":true,""accountEligibility"":""NOT_REVALIDATED_ARCHIVE_HAS_NO_ACCOUNT_ENTITY""},""qbItemId"":""8"",""qbItemName"":""SCO-001"",""qbIncomeAccountId"":""16"",""qbIncomeAccountName"":""Billable Expense Income ( 16 )"",""elsetQuantityMicros"":1000000,""qbQuantityMicros"":1000000,""elsetUnitPriceMicros"":250000000,""qbUnitPriceMicros"":250000000,""elsetLineAmountCents"":25000,""qbLineAmountCents"":25000,""DESCRIPTION_DIFF"":false,""DESCRIPTION_FORMAT_ONLY"":false,""DESCRIPTION_CONTENT_DIFF"":false,""PRODUCT_SERVICE_DIFF"":true,""PRODUCT_SERVICE_COMPARISON_UNKNOWN"":false,""INCOME_ACCOUNT_DIFF"":true,""QTY_DIFF"":false,""UNIT_PRICE_DIFF"":false,""LINE_AMOUNT_DIFF"":false}]","{""id"":""15"",""candidates"":[""15""],""mapped"":false,""safe"":true,""state"":""MATCHED"",""reason"":""Existing mapping, exact marker or unique exact normalized customer identity.""}","CLEAR_CANONICAL_CANDIDATE","242","ELSET_PAID_QB_UNPAID","","","","","[""PHASE_4""]","REVIEW_ONLY"
"INV-0129","servicem8-job-5e535740-1090-4b67-9ce0-23c5c4457a8d:invoice","MBCM FOOTRSCRAY/ ASCOT VALE","2026-06-19","496000","49600","545600","545600","0","","DIFFERENT_IN_QB","REVIEW_PAYMENT","COSMETIC_ONLY","false","false","true","false","true","true","false","false","false","false","false","false","false","false","false","true","false","true","false","true","false","false","true","284","129","MBCM FOOTRSCRAY/ ASCOT VALE","44","2026-06-19","496000","49600","545600","0","545600","[""Payment""]","[{""type"":""Payment"",""id"":""287"",""via"":""payment allocation""}]","[{""id"":""287"",""date"":""2026-06-25"",""customerId"":""44"",""totalCents"":545600,""unappliedCents"":0,""allocations"":[{""amountCents"":545600,""links"":[{""TxnId"":""284"",""TxnType"":""Invoice""}]}],""metadata"":{""CreateTime"":""2026-08-11T16:27:53-07:00"",""LastUpdatedTime"":""2026-08-11T16:27:53-07:00""}}]","2026-08-11T16:26:57-07:00","2026-08-11T16:29:46-07:00","[]","[]","{""CUSTOMER_MATCH"":true,""DATE_MATCH"":true,""DOC_NUMBER_MATCH"":false,""LINE_COUNT_MATCH"":true,""PRODUCT_SERVICE_MATCH"":false,""DESCRIPTION_MATCH"":false,""QTY_MATCH"":true,""UNIT_PRICE_MATCH"":true,""LINE_AMOUNT_MATCH"":true,""SUBTOTAL_MATCH"":true,""GST_MATCH"":true,""TOTAL_MATCH"":true,""BALANCE_MATCH"":true,""PAYMENT_STATE_MATCH"":true}","[]","[{""position"":1,""qbPosition"":1,""lineAlignment"":""EXACT_CONTENT_BIJECTION"",""elsetLineId"":""servicem8-material-114a4064-cc82-4da2-ad34-23c5c80795cd"",""priceListItemId"":"""",""elsetDescription"":""Repairs on automatic door (Replace chain sprocket, Cable and bearings) Full service on door Scissor lift hire Test and commission door."",""qbDescription"":""Repairs on automatic door (Replace chain sprocket, Cable and bearings)\nFull service on door\nScissor lift hire\nTest and commission door."",""expectedItem"":{""id"":""123"",""name"":""ELSET Services"",""incomeAccountId"":""9"",""status"":""FALLBACK"",""reason"":""Saved line has no priceListItemId; the new model uses the configured fallback."",""comparisonKnown"":true,""accountEligibility"":""NOT_REVALIDATED_ARCHIVE_HAS_NO_ACCOUNT_ENTITY""},""qbItemId"":""102"",""qbItemName"":""Repairs- Guillotine"",""qbIncomeAccountId"":""16"",""qbIncomeAccountName"":""Billable Expense Income ( 16 )"",""elsetQuantityMicros"":1000000,""qbQuantityMicros"":1000000,""elsetUnitPriceMicros"":4960000000,""qbUnitPriceMicros"":4960000000,""elsetLineAmountCents"":496000,""qbLineAmountCents"":496000,""DESCRIPTION_DIFF"":true,""DESCRIPTION_FORMAT_ONLY"":true,""DESCRIPTION_CONTENT_DIFF"":false,""PRODUCT_SERVICE_DIFF"":true,""PRODUCT_SERVICE_COMPARISON_UNKNOWN"":false,""INCOME_ACCOUNT_DIFF"":true,""QTY_DIFF"":false,""UNIT_PRICE_DIFF"":false,""LINE_AMOUNT_DIFF"":false}]","{""id"":""44"",""candidates"":[""44""],""mapped"":false,""safe"":true,""state"":""MATCHED"",""reason"":""Existing mapping, exact marker or unique exact normalized customer identity.""}","CLEAR_CANONICAL_CANDIDATE","284","MATCHING_PAYMENT_STATE","","","","","[]","KEEP_HISTORICAL_ITEM_DESCRIPTION_FORMAT_AND_NUMBER_FORMAT"
"INV-0216","servicem8-job-91a7d54a-9dc6-4ffa-80ea-24540255e10d:invoice","Melcorp","2026-06-19","85000","8500","93500","93500","0","","MISSING_IN_QB","REVIEW_CONFLICT","NOT_IN_DIFFERENT_COHORT","","","","","","","","","","","","","","","","","","","","","","","","","","","","","","","","","","","","","","","","","","","","{""id"":"""",""candidates"":[""22""],""mapped"":false,""safe"":false,""state"":""AMBIGUOUS"",""reason"":""Customer name/email candidates conflict or are not unique.""}","REVIEW_REQUIRED","","OTHER","POSSIBLE_EXISTING_QB_RECORD","Weak number/content/amount evidence could represent an existing invoice. Resolve every candidate before creating.","Only uncorroborated legacy number candidates; no mapped, marked, exact-number or sufficiently corroborated content counterpart.","[{""qbId"":""245"",""qbDocNumber"":""216"",""qbCustomerId"":""70"",""qbCustomer"":""DTV Construction Group PTY LTD"",""qbDate"":""2026-06-23"",""qbDueDate"":""2026-06-30"",""qbSubtotalCents"":400000,""qbGstCents"":40000,""qbTotalCents"":440000,""qbBalanceCents"":0,""qbInferredPaidCents"":440000,""elsetBalanceCents"":0,""elsetPaymentState"":""PAID"",""qbPaymentState"":""PAID"",""linkedTransactions"":[{""type"":""Payment"",""id"":""270"",""via"":""payment allocation""}],""linkedTransactionTypes"":[""Payment""],""linkedPayments"":[{""id"":""270"",""date"":""2026-06-24"",""customerId"":""70"",""totalCents"":440000,""unappliedCents"":0,""allocations"":[{""amountCents"":440000,""links"":[{""TxnId"":""245"",""TxnType"":""Invoice""}]}],""metadata"":{""CreateTime"":""2026-08-06T17:30:50-07:00"",""LastUpdatedTime"":""2026-08-06T17:30:50-07:00""}}],""qbDepositCents"":0,""protectedAccountingState"":true,""createdAt"":""2026-06-22T23:01:17-07:00"",""updatedAt"":""2026-08-06T17:32:43-07:00"",""syncToken"":""2"",""existingLocalMappings"":[],""otherLocalClaims"":[{""invoiceNumber"":""INV-0218"",""mapped"":false,""evidence"":[""EXACT_CUSTOMER_DATE_LINES_TOTALS"",""SAME_CUSTOMER_DATE_TOTAL_DESCRIPTIONS""],""businessContentMatch"":true}],""mappedToThisInvoice"":false,""firstPassEvidence"":[""NUMBER_VARIANT_ONLY""],""businessMatch"":false,""identitySafe"":false,""flags"":{""CUSTOMER_DIFF"":true,""DATE_DIFF"":true,""DOC_NUMBER_DIFF"":true,""DOC_NUMBER_FORMAT_ONLY"":true,""DOC_NUMBER_CONTENT_DIFF"":false,""LINE_COUNT_DIFF"":true,""LINE_ORDER_DIFF"":false,""PRODUCT_SERVICE_DIFF"":true,""PRODUCT_SERVICE_COMPARISON_UNKNOWN"":true,""INCOME_ACCOUNT_DIFF"":true,""DESCRIPTION_DIFF"":true,""DESCRIPTION_CONTENT_DIFF"":true,""QTY_DIFF"":true,""UNIT_PRICE_DIFF"":true,""LINE_AMOUNT_DIFF"":true,""DESCRIPTION_FORMAT_ONLY"":false,""HAS_DESCRIPTION_FORMAT_DIFFERENCE"":false,""SUBTOTAL_DIFF"":true,""GST_DIFF"":true,""TOTAL_DIFF"":true,""BALANCE_DIFF"":false,""PAYMENT_STATE_DIFF"":false,""CURRENCY_DIFF"":false,""UNSUPPORTED_CONTENT"":false,""HISTORICAL_ITEM_DIFFERENCE_ONLY"":false,""STRICT_ITEM_ONLY"":false},""bucket"":""MULTIPLE_DIFF_TYPES"",""discrepancyTypes"":[""CUSTOMER_OR_DATE_DIFF"",""FINANCIAL_DIFF"",""CONTENT_DIFF_NO_FINANCIAL_CHANGE""],""fieldMatches"":{""CUSTOMER_MATCH"":false,""DATE_MATCH"":false,""DOC_NUMBER_MATCH"":false,""LINE_COUNT_MATCH"":false,""PRODUCT_SERVICE_MATCH"":null,""DESCRIPTION_MATCH"":false,""QTY_MATCH"":false,""UNIT_PRICE_MATCH"":false,""LINE_AMOUNT_MATCH"":false,""SUBTOTAL_MATCH"":false,""GST_MATCH"":false,""TOTAL_MATCH"":false,""BALANCE_MATCH"":true,""PAYMENT_STATE_MATCH"":true},""customerComparison"":""UNRESOLVED_ELSET_CUSTOMER_NOT_CONFIRMED_WRONG_CUSTOMER"",""monetaryDifferences"":[{""field"":""subtotal"",""elset"":85000,""quickbooks"":400000,""unit"":""AUD cents""},{""field"":""gst"",""elset"":8500,""quickbooks"":40000,""unit"":""AUD cents""},{""field"":""total"",""elset"":93500,""quickbooks"":440000,""unit"":""AUD cents""},{""field"":""paid_vs_inferred_paid"",""elset"":93500,""quickbooks"":440000,""unit"":""AUD cents""},{""field"":""unit_price"",""position"":1,""elset"":450000000,""quickbooks"":2000000000,""unit"":""AUD millionths""},{""field"":""line_amount"",""position"":1,""elset"":45000,""quickbooks"":400000,""unit"":""AUD cents""},{""field"":""unit_price"",""position"":2,""elset"":400000000,""quickbooks"":null,""unit"":""AUD millionths""},{""field"":""line_amount"",""position"":2,""elset"":40000,""quickbooks"":null,""unit"":""AUD cents""}],""lines"":[{""position"":1,""qbPosition"":1,""lineAlignment"":""POSITION_REQUIRES_REVIEW"",""elsetLineId"":""servicem8-material-be3694ca-cc82-46bd-956a-24540c8e811d"",""priceListItemId"":"""",""elsetDescription"":""Supply and installation of weatherproof gpo"",""qbDescription"":""Supply and installation of Automation system for SLIDING GATE . 24v DEA LIVI x incl. 4 handsets ."",""expectedItem"":{""id"":""123"",""name"":""ELSET Services"",""incomeAccountId"":""9"",""status"":""FALLBACK"",""reason"":""Saved line has no priceListItemId; the new model uses the configured fallback."",""comparisonKnown"":true,""accountEligibility"":""NOT_REVALIDATED_ARCHIVE_HAS_NO_ACCOUNT_ENTITY""},""qbItemId"":""98"",""qbItemName"":""DEA LIVI X"",""qbIncomeAccountId"":""16"",""qbIncomeAccountName"":""Billable Expense Income ( 16 )"",""elsetQuantityMicros"":1000000,""qbQuantityMicros"":2000000,""elsetUnitPriceMicros"":450000000,""qbUnitPriceMicros"":2000000000,""elsetLineAmountCents"":45000,""qbLineAmountCents"":400000,""DESCRIPTION_DIFF"":true,""DESCRIPTION_FORMAT_ONLY"":false,""DESCRIPTION_CONTENT_DIFF"":true,""PRODUCT_SERVICE_DIFF"":true,""PRODUCT_SERVICE_COMPARISON_UNKNOWN"":false,""INCOME_ACCOUNT_DIFF"":true,""QTY_DIFF"":true,""UNIT_PRICE_DIFF"":true,""LINE_AMOUNT_DIFF"":true},{""position"":2,""qbPosition"":2,""lineAlignment"":""POSITION_REQUIRES_REVIEW"",""elsetLineId"":""servicem8-material-f856a5a6-532f-46fb-b66a-2454012105cd"",""priceListItemId"":"""",""elsetDescription"":""Supply and installation of key switch"",""qbDescription"":null,""expectedItem"":{""id"":""123"",""name"":""ELSET Services"",""incomeAccountId"":""9"",""status"":""FALLBACK"",""reason"":""Saved line has no priceListItemId; the new model uses the configured fallback."",""comparisonKnown"":true,""accountEligibility"":""NOT_REVALIDATED_ARCHIVE_HAS_NO_ACCOUNT_ENTITY""},""qbItemId"":"""",""qbItemName"":"""",""qbIncomeAccountId"":"""",""qbIncomeAccountName"":"""",""elsetQuantityMicros"":1000000,""qbQuantityMicros"":null,""elsetUnitPriceMicros"":400000000,""qbUnitPriceMicros"":null,""elsetLineAmountCents"":40000,""qbLineAmountCents"":null,""DESCRIPTION_DIFF"":true,""DESCRIPTION_FORMAT_ONLY"":false,""DESCRIPTION_CONTENT_DIFF"":true,""PRODUCT_SERVICE_DIFF"":false,""PRODUCT_SERVICE_COMPARISON_UNKNOWN"":true,""INCOME_ACCOUNT_DIFF"":false,""QTY_DIFF"":true,""UNIT_PRICE_DIFF"":true,""LINE_AMOUNT_DIFF"":true}],""qbPrivateNote"":"""",""qbCustomerMemo"":""Supply and install 2x DEA LIVI X automatic gate openers to sliding gates."",""qbEmailStatus"":""EmailSent"",""weakReasons"":[""FIRST_PASS_NUMBER_VARIANT_ONLY""]},{""qbId"":""243"",""qbDocNumber"":""214"",""qbCustomerId"":""22"",""qbCustomer"":""Melcorp"",""qbDate"":""2026-06-19"",""qbDueDate"":""2026-06-26"",""qbSubtotalCents"":85000,""qbGstCents"":8500,""qbTotalCents"":93500,""qbBalanceCents"":0,""qbInferredPaidCents"":93500,""elsetBalanceCents"":0,""elsetPaymentState"":""PAID"",""qbPaymentState"":""PAID"",""linkedTransactions"":[{""type"":""Payment"",""id"":""268"",""via"":""payment allocation""}],""linkedTransactionTypes"":[""Payment""],""linkedPayments"":[{""id"":""268"",""date"":""2026-06-26"",""customerId"":""22"",""totalCents"":93500,""unappliedCents"":0,""allocations"":[{""amountCents"":93500,""links"":[{""TxnId"":""243"",""TxnType"":""Invoice""}]}],""metadata"":{""CreateTime"":""2026-08-06T17:30:50-07:00"",""LastUpdatedTime"":""2026-08-06T17:30:50-07:00""}}],""qbDepositCents"":0,""protectedAccountingState"":true,""createdAt"":""2026-06-19T00:31:58-07:00"",""updatedAt"":""2026-08-06T17:32:24-07:00"",""syncToken"":""2"",""existingLocalMappings"":[],""otherLocalClaims"":[{""invoiceNumber"":""INV-0214"",""mapped"":false,""evidence"":[""NUMBER_VARIANT_ONLY""],""businessContentMatch"":false}],""mappedToThisInvoice"":false,""firstPassEvidence"":[],""businessMatch"":false,""identitySafe"":false,""flags"":{""CUSTOMER_DIFF"":true,""DATE_DIFF"":false,""DOC_NUMBER_DIFF"":true,""DOC_NUMBER_FORMAT_ONLY"":false,""DOC_NUMBER_CONTENT_DIFF"":true,""LINE_COUNT_DIFF"":false,""LINE_ORDER_DIFF"":false,""PRODUCT_SERVICE_DIFF"":true,""PRODUCT_SERVICE_COMPARISON_UNKNOWN"":false,""INCOME_ACCOUNT_DIFF"":true,""DESCRIPTION_DIFF"":false,""DESCRIPTION_CONTENT_DIFF"":false,""QTY_DIFF"":false,""UNIT_PRICE_DIFF"":false,""LINE_AMOUNT_DIFF"":false,""DESCRIPTION_FORMAT_ONLY"":false,""HAS_DESCRIPTION_FORMAT_DIFFERENCE"":false,""SUBTOTAL_DIFF"":false,""GST_DIFF"":false,""TOTAL_DIFF"":false,""BALANCE_DIFF"":false,""PAYMENT_STATE_DIFF"":false,""CURRENCY_DIFF"":false,""UNSUPPORTED_CONTENT"":false,""HISTORICAL_ITEM_DIFFERENCE_ONLY"":false,""STRICT_ITEM_ONLY"":false},""bucket"":""MULTIPLE_DIFF_TYPES"",""discrepancyTypes"":[""CUSTOMER_OR_DATE_DIFF"",""CONTENT_DIFF_NO_FINANCIAL_CHANGE""],""fieldMatches"":{""CUSTOMER_MATCH"":false,""DATE_MATCH"":true,""DOC_NUMBER_MATCH"":false,""LINE_COUNT_MATCH"":true,""PRODUCT_SERVICE_MATCH"":false,""DESCRIPTION_MATCH"":true,""QTY_MATCH"":true,""UNIT_PRICE_MATCH"":true,""LINE_AMOUNT_MATCH"":true,""SUBTOTAL_MATCH"":true,""GST_MATCH"":true,""TOTAL_MATCH"":true,""BALANCE_MATCH"":true,""PAYMENT_STATE_MATCH"":true},""customerComparison"":""UNRESOLVED_ELSET_CUSTOMER_NOT_CONFIRMED_WRONG_CUSTOMER"",""monetaryDifferences"":[],""lines"":[{""position"":1,""qbPosition"":1,""lineAlignment"":""EXACT_CONTENT_BIJECTION"",""elsetLineId"":""servicem8-material-be3694ca-cc82-46bd-956a-24540c8e811d"",""priceListItemId"":"""",""elsetDescription"":""Supply and installation of weatherproof gpo"",""qbDescription"":""Supply and installation of weatherproof gpo"",""expectedItem"":{""id"":""123"",""name"":""ELSET Services"",""incomeAccountId"":""9"",""status"":""FALLBACK"",""reason"":""Saved line has no priceListItemId; the new model uses the configured fallback."",""comparisonKnown"":true,""accountEligibility"":""NOT_REVALIDATED_ARCHIVE_HAS_NO_ACCOUNT_ENTITY""},""qbItemId"":""96"",""qbItemName"":""WP-GPO"",""qbIncomeAccountId"":""16"",""qbIncomeAccountName"":""Billable Expense Income ( 16 )"",""elsetQuantityMicros"":1000000,""qbQuantityMicros"":1000000,""elsetUnitPriceMicros"":450000000,""qbUnitPriceMicros"":450000000,""elsetLineAmountCents"":45000,""qbLineAmountCents"":45000,""DESCRIPTION_DIFF"":false,""DESCRIPTION_FORMAT_ONLY"":false,""DESCRIPTION_CONTENT_DIFF"":false,""PRODUCT_SERVICE_DIFF"":true,""PRODUCT_SERVICE_COMPARISON_UNKNOWN"":false,""INCOME_ACCOUNT_DIFF"":true,""QTY_DIFF"":false,""UNIT_PRICE_DIFF"":false,""LINE_AMOUNT_DIFF"":false},{""position"":2,""qbPosition"":2,""lineAlignment"":""EXACT_CONTENT_BIJECTION"",""elsetLineId"":""servicem8-material-f856a5a6-532f-46fb-b66a-2454012105cd"",""priceListItemId"":"""",""elsetDescription"":""Supply and installation of key switch"",""qbDescription"":""Supply and installation of key switch"",""expectedItem"":{""id"":""123"",""name"":""ELSET Services"",""incomeAccountId"":""9"",""status"":""FALLBACK"",""reason"":""Saved line has no priceListItemId; the new model uses the configured fallback."",""comparisonKnown"":true,""accountEligibility"":""NOT_REVALIDATED_ARCHIVE_HAS_NO_ACCOUNT_ENTITY""},""qbItemId"":""97"",""qbItemName"":""KEY SWTICH"",""qbIncomeAccountId"":""16"",""qbIncomeAccountName"":""Billable Expense Income ( 16 )"",""elsetQuantityMicros"":1000000,""qbQuantityMicros"":1000000,""elsetUnitPriceMicros"":400000000,""qbUnitPriceMicros"":400000000,""elsetLineAmountCents"":40000,""qbLineAmountCents"":40000,""DESCRIPTION_DIFF"":false,""DESCRIPTION_FORMAT_ONLY"":false,""DESCRIPTION_CONTENT_DIFF"":false,""PRODUCT_SERVICE_DIFF"":true,""PRODUCT_SERVICE_COMPARISON_UNKNOWN"":false,""INCOME_ACCOUNT_DIFF"":true,""QTY_DIFF"":false,""UNIT_PRICE_DIFF"":false,""LINE_AMOUNT_DIFF"":false}],""qbPrivateNote"":"""",""qbCustomerMemo"":""Supply and installation of Double weatherproof GPO\nSupply and installation of KEY SWTICH for manual and auto on a sliding gate system."",""qbEmailStatus"":""EmailSent"",""weakReasons"":[""SAME_DATE_AND_TOTAL"",""SAME_LINES_REGARDLESS_OF_CUSTOMER_OR_DATE""]}]","[""PHASE_4""]","RESOLVE_MISSING_INVOICE_REVIEW"
"INV-0217","servicem8-job-c33b6eaa-9686-436c-9efc-245400a6cb4d:invoice","Tom Gorog","2026-06-19","72800","7280","80080","80080","0","","MISSING_IN_QB","REVIEW_CONFLICT","NOT_IN_DIFFERENT_COHORT","","","","","","","","","","","","","","","","","","","","","","","","","","","","","","","","","","","","","","","","","","","","{""id"":""69"",""candidates"":[""69""],""mapped"":false,""safe"":true,""state"":""MATCHED"",""reason"":""Existing mapping, exact marker or unique exact normalized customer identity.""}","REVIEW_REQUIRED","","OTHER","POSSIBLE_EXISTING_QB_RECORD","Weak number/content/amount evidence could represent an existing invoice. Resolve every candidate before creating.","Only uncorroborated legacy number candidates; no mapped, marked, exact-number or sufficiently corroborated content counterpart.","[{""qbId"":""241"",""qbDocNumber"":""211"",""qbCustomerId"":""69"",""qbCustomer"":""Tom Gorog"",""qbDate"":""2026-06-19"",""qbDueDate"":""2026-06-26"",""qbSubtotalCents"":72800,""qbGstCents"":7280,""qbTotalCents"":80080,""qbBalanceCents"":0,""qbInferredPaidCents"":80080,""elsetBalanceCents"":0,""elsetPaymentState"":""PAID"",""qbPaymentState"":""PAID"",""linkedTransactions"":[{""type"":""Payment"",""id"":""272"",""via"":""payment allocation""}],""linkedTransactionTypes"":[""Payment""],""linkedPayments"":[{""id"":""272"",""date"":""2026-06-22"",""customerId"":""69"",""totalCents"":80080,""unappliedCents"":0,""allocations"":[{""amountCents"":80080,""links"":[{""TxnId"":""241"",""TxnType"":""Invoice""}]}],""metadata"":{""CreateTime"":""2026-08-06T17:30:51-07:00"",""LastUpdatedTime"":""2026-08-06T17:30:51-07:00""}}],""qbDepositCents"":0,""protectedAccountingState"":true,""createdAt"":""2026-06-19T00:25:41-07:00"",""updatedAt"":""2026-08-06T17:32:52-07:00"",""syncToken"":""2"",""existingLocalMappings"":[],""otherLocalClaims"":[],""mappedToThisInvoice"":false,""firstPassEvidence"":[],""businessMatch"":true,""identitySafe"":true,""flags"":{""CUSTOMER_DIFF"":false,""DATE_DIFF"":false,""DOC_NUMBER_DIFF"":true,""DOC_NUMBER_FORMAT_ONLY"":false,""DOC_NUMBER_CONTENT_DIFF"":true,""LINE_COUNT_DIFF"":false,""LINE_ORDER_DIFF"":true,""PRODUCT_SERVICE_DIFF"":true,""PRODUCT_SERVICE_COMPARISON_UNKNOWN"":false,""INCOME_ACCOUNT_DIFF"":true,""DESCRIPTION_DIFF"":false,""DESCRIPTION_CONTENT_DIFF"":false,""QTY_DIFF"":false,""UNIT_PRICE_DIFF"":false,""LINE_AMOUNT_DIFF"":false,""DESCRIPTION_FORMAT_ONLY"":false,""HAS_DESCRIPTION_FORMAT_DIFFERENCE"":false,""SUBTOTAL_DIFF"":false,""GST_DIFF"":false,""TOTAL_DIFF"":false,""BALANCE_DIFF"":false,""PAYMENT_STATE_DIFF"":false,""CURRENCY_DIFF"":false,""UNSUPPORTED_CONTENT"":false,""HISTORICAL_ITEM_DIFFERENCE_ONLY"":false,""STRICT_ITEM_ONLY"":false},""bucket"":""CONTENT_DIFF_NO_FINANCIAL_CHANGE"",""discrepancyTypes"":[""CONTENT_DIFF_NO_FINANCIAL_CHANGE""],""fieldMatches"":{""CUSTOMER_MATCH"":true,""DATE_MATCH"":true,""DOC_NUMBER_MATCH"":false,""LINE_COUNT_MATCH"":true,""PRODUCT_SERVICE_MATCH"":false,""DESCRIPTION_MATCH"":true,""QTY_MATCH"":true,""UNIT_PRICE_MATCH"":true,""LINE_AMOUNT_MATCH"":true,""SUBTOTAL_MATCH"":true,""GST_MATCH"":true,""TOTAL_MATCH"":true,""BALANCE_MATCH"":true,""PAYMENT_STATE_MATCH"":true},""customerComparison"":""RESOLVED_ID_COMPARISON"",""monetaryDifferences"":[],""lines"":[{""position"":1,""qbPosition"":2,""lineAlignment"":""EXACT_CONTENT_BIJECTION"",""elsetLineId"":""servicem8-material-59d681fb-c0bf-4dc3-b99e-24540033562d"",""priceListItemId"":"""",""elsetDescription"":""DEA NET 24 control board"",""qbDescription"":""DEA NET 24 control board"",""expectedItem"":{""id"":""123"",""name"":""ELSET Services"",""incomeAccountId"":""9"",""status"":""FALLBACK"",""reason"":""Saved line has no priceListItemId; the new model uses the configured fallback."",""comparisonKnown"":true,""accountEligibility"":""NOT_REVALIDATED_ARCHIVE_HAS_NO_ACCOUNT_ENTITY""},""qbItemId"":""94"",""qbItemName"":""NET24"",""qbIncomeAccountId"":""16"",""qbIncomeAccountName"":""Billable Expense Income ( 16 )"",""elsetQuantityMicros"":1000000,""qbQuantityMicros"":1000000,""elsetUnitPriceMicros"":478000000,""qbUnitPriceMicros"":478000000,""elsetLineAmountCents"":47800,""qbLineAmountCents"":47800,""DESCRIPTION_DIFF"":false,""DESCRIPTION_FORMAT_ONLY"":false,""DESCRIPTION_CONTENT_DIFF"":false,""PRODUCT_SERVICE_DIFF"":true,""PRODUCT_SERVICE_COMPARISON_UNKNOWN"":false,""INCOME_ACCOUNT_DIFF"":true,""QTY_DIFF"":false,""UNIT_PRICE_DIFF"":false,""LINE_AMOUNT_DIFF"":false},{""position"":2,""qbPosition"":1,""lineAlignment"":""EXACT_CONTENT_BIJECTION"",""elsetLineId"":""servicem8-material-f613908c-520e-42f2-8e2a-245400c5de8d"",""priceListItemId"":"""",""elsetDescription"":""Maintenance"",""qbDescription"":""Maintenance"",""expectedItem"":{""id"":""123"",""name"":""ELSET Services"",""incomeAccountId"":""9"",""status"":""FALLBACK"",""reason"":""Saved line has no priceListItemId; the new model uses the configured fallback."",""comparisonKnown"":true,""accountEligibility"":""NOT_REVALIDATED_ARCHIVE_HAS_NO_ACCOUNT_ENTITY""},""qbItemId"":""8"",""qbItemName"":""SCO-001"",""qbIncomeAccountId"":""16"",""qbIncomeAccountName"":""Billable Expense Income ( 16 )"",""elsetQuantityMicros"":1000000,""qbQuantityMicros"":1000000,""elsetUnitPriceMicros"":250000000,""qbUnitPriceMicros"":250000000,""elsetLineAmountCents"":25000,""qbLineAmountCents"":25000,""DESCRIPTION_DIFF"":false,""DESCRIPTION_FORMAT_ONLY"":false,""DESCRIPTION_CONTENT_DIFF"":false,""PRODUCT_SERVICE_DIFF"":true,""PRODUCT_SERVICE_COMPARISON_UNKNOWN"":false,""INCOME_ACCOUNT_DIFF"":true,""QTY_DIFF"":false,""UNIT_PRICE_DIFF"":false,""LINE_AMOUNT_DIFF"":false}],""qbPrivateNote"":"""",""qbCustomerMemo"":""Supply and installation of new DEA NET 24 control board.\nCall out fee including service"",""qbEmailStatus"":""EmailSent"",""weakReasons"":[""SAME_CUSTOMER_AND_TOTAL"",""SAME_DATE_AND_TOTAL""]},{""qbId"":""246"",""qbDocNumber"":""217"",""qbCustomerId"":""9"",""qbCustomer"":""OCPS 514657D  C/- MICM"",""qbDate"":""2026-07-22"",""qbDueDate"":""2026-07-29"",""qbSubtotalCents"":470000,""qbGstCents"":47000,""qbTotalCents"":517000,""qbBalanceCents"":400400,""qbInferredPaidCents"":116600,""elsetBalanceCents"":0,""elsetPaymentState"":""PAID"",""qbPaymentState"":""PARTIAL"",""linkedTransactions"":[{""type"":""Payment"",""id"":""25"",""via"":""payment allocation""}],""linkedTransactionTypes"":[""Payment""],""linkedPayments"":[{""id"":""25"",""date"":""2025-10-03"",""customerId"":""9"",""totalCents"":154000,""unappliedCents"":0,""allocations"":[{""amountCents"":116600,""links"":[{""TxnId"":""246"",""TxnType"":""Invoice""}]}],""metadata"":{""CreateTime"":""2025-10-07T16:30:33-07:00"",""LastUpdatedTime"":""2026-07-21T18:51:29-07:00""}}],""qbDepositCents"":0,""protectedAccountingState"":true,""createdAt"":""2026-07-21T18:51:28-07:00"",""updatedAt"":""2026-07-21T18:51:29-07:00"",""syncToken"":""1"",""existingLocalMappings"":[],""otherLocalClaims"":[{""invoiceNumber"":""INV-0219"",""mapped"":false,""evidence"":[""EXACT_CUSTOMER_DATE_LINES_TOTALS"",""SAME_CUSTOMER_DATE_TOTAL_DESCRIPTIONS""],""businessContentMatch"":true}],""mappedToThisInvoice"":false,""firstPassEvidence"":[""NUMBER_VARIANT_ONLY""],""businessMatch"":false,""identitySafe"":false,""flags"":{""CUSTOMER_DIFF"":true,""DATE_DIFF"":true,""DOC_NUMBER_DIFF"":true,""DOC_NUMBER_FORMAT_ONLY"":true,""DOC_NUMBER_CONTENT_DIFF"":false,""LINE_COUNT_DIFF"":false,""LINE_ORDER_DIFF"":false,""PRODUCT_SERVICE_DIFF"":true,""PRODUCT_SERVICE_COMPARISON_UNKNOWN"":false,""INCOME_ACCOUNT_DIFF"":true,""DESCRIPTION_DIFF"":true,""DESCRIPTION_CONTENT_DIFF"":true,""QTY_DIFF"":true,""UNIT_PRICE_DIFF"":true,""LINE_AMOUNT_DIFF"":true,""DESCRIPTION_FORMAT_ONLY"":false,""HAS_DESCRIPTION_FORMAT_DIFFERENCE"":false,""SUBTOTAL_DIFF"":true,""GST_DIFF"":true,""TOTAL_DIFF"":true,""BALANCE_DIFF"":true,""PAYMENT_STATE_DIFF"":true,""CURRENCY_DIFF"":false,""UNSUPPORTED_CONTENT"":false,""HISTORICAL_ITEM_DIFFERENCE_ONLY"":false,""STRICT_ITEM_ONLY"":false},""bucket"":""MULTIPLE_DIFF_TYPES"",""discrepancyTypes"":[""CUSTOMER_OR_DATE_DIFF"",""FINANCIAL_DIFF"",""CONTENT_DIFF_NO_FINANCIAL_CHANGE"",""PAYMENT_ONLY_DIFF""],""fieldMatches"":{""CUSTOMER_MATCH"":false,""DATE_MATCH"":false,""DOC_NUMBER_MATCH"":false,""LINE_COUNT_MATCH"":true,""PRODUCT_SERVICE_MATCH"":false,""DESCRIPTION_MATCH"":false,""QTY_MATCH"":false,""UNIT_PRICE_MATCH"":false,""LINE_AMOUNT_MATCH"":false,""SUBTOTAL_MATCH"":false,""GST_MATCH"":false,""TOTAL_MATCH"":false,""BALANCE_MATCH"":false,""PAYMENT_STATE_MATCH"":false},""customerComparison"":""RESOLVED_ID_COMPARISON"",""monetaryDifferences"":[{""field"":""subtotal"",""elset"":72800,""quickbooks"":470000,""unit"":""AUD cents""},{""field"":""gst"",""elset"":7280,""quickbooks"":47000,""unit"":""AUD cents""},{""field"":""total"",""elset"":80080,""quickbooks"":517000,""unit"":""AUD cents""},{""field"":""balance"",""elset"":0,""quickbooks"":400400,""unit"":""AUD cents""},{""field"":""paid_vs_inferred_paid"",""elset"":80080,""quickbooks"":116600,""unit"":""AUD cents""},{""field"":""unit_price"",""position"":1,""elset"":478000000,""quickbooks"":3300000000,""unit"":""AUD millionths""},{""field"":""line_amount"",""position"":1,""elset"":47800,""quickbooks"":330000,""unit"":""AUD cents""},{""field"":""unit_price"",""position"":2,""elset"":250000000,""quickbooks"":70000000,""unit"":""AUD millionths""},{""field"":""line_amount"",""position"":2,""elset"":25000,""quickbooks"":140000,""unit"":""AUD cents""}],""lines"":[{""position"":1,""qbPosition"":1,""lineAlignment"":""POSITION_REQUIRES_REVIEW"",""elsetLineId"":""servicem8-material-59d681fb-c0bf-4dc3-b99e-24540033562d"",""priceListItemId"":"""",""elsetDescription"":""DEA NET 24 control board"",""qbDescription"":""DEA LIVI X 24V SLIDING GATE MOTOR."",""expectedItem"":{""id"":""123"",""name"":""ELSET Services"",""incomeAccountId"":""9"",""status"":""FALLBACK"",""reason"":""Saved line has no priceListItemId; the new model uses the configured fallback."",""comparisonKnown"":true,""accountEligibility"":""NOT_REVALIDATED_ARCHIVE_HAS_NO_ACCOUNT_ENTITY""},""qbItemId"":""49"",""qbItemName"":""DEAG"",""qbIncomeAccountId"":""16"",""qbIncomeAccountName"":""Billable Expense Income ( 16 )"",""elsetQuantityMicros"":1000000,""qbQuantityMicros"":1000000,""elsetUnitPriceMicros"":478000000,""qbUnitPriceMicros"":3300000000,""elsetLineAmountCents"":47800,""qbLineAmountCents"":330000,""DESCRIPTION_DIFF"":true,""DESCRIPTION_FORMAT_ONLY"":false,""DESCRIPTION_CONTENT_DIFF"":true,""PRODUCT_SERVICE_DIFF"":true,""PRODUCT_SERVICE_COMPARISON_UNKNOWN"":false,""INCOME_ACCOUNT_DIFF"":true,""QTY_DIFF"":false,""UNIT_PRICE_DIFF"":true,""LINE_AMOUNT_DIFF"":true},{""position"":2,""qbPosition"":2,""lineAlignment"":""POSITION_REQUIRES_REVIEW"",""elsetLineId"":""servicem8-material-f613908c-520e-42f2-8e2a-245400c5de8d"",""priceListItemId"":"""",""elsetDescription"":""Maintenance"",""qbDescription"":""Remote control"",""expectedItem"":{""id"":""123"",""name"":""ELSET Services"",""incomeAccountId"":""9"",""status"":""FALLBACK"",""reason"":""Saved line has no priceListItemId; the new model uses the configured fallback."",""comparisonKnown"":true,""accountEligibility"":""NOT_REVALIDATED_ARCHIVE_HAS_NO_ACCOUNT_ENTITY""},""qbItemId"":""4"",""qbItemName"":""RC-001"",""qbIncomeAccountId"":""16"",""qbIncomeAccountName"":""Billable Expense Income ( 16 )"",""elsetQuantityMicros"":1000000,""qbQuantityMicros"":20000000,""elsetUnitPriceMicros"":250000000,""qbUnitPriceMicros"":70000000,""elsetLineAmountCents"":25000,""qbLineAmountCents"":140000,""DESCRIPTION_DIFF"":true,""DESCRIPTION_FORMAT_ONLY"":false,""DESCRIPTION_CONTENT_DIFF"":true,""PRODUCT_SERVICE_DIFF"":true,""PRODUCT_SERVICE_COMPARISON_UNKNOWN"":false,""INCOME_ACCOUNT_DIFF"":true,""QTY_DIFF"":true,""UNIT_PRICE_DIFF"":true,""LINE_AMOUNT_DIFF"":true}],""qbPrivateNote"":"""",""qbCustomerMemo"":""15 BEACH ST.\n\nNew DEA sliding gate motor for automatic sliding gate on middle garage.\nSupply and program 20 new remotes"",""qbEmailStatus"":""EmailSent"",""weakReasons"":[""FIRST_PASS_NUMBER_VARIANT_ONLY""]}]","[""PHASE_4""]","RESOLVE_MISSING_INVOICE_REVIEW"
"INV-0218","servicem8-job-da5e0b69-d4e7-4781-b72b-2458563fff2d:invoice","DTV Construction Group PTY LTD","2026-06-23","400000","40000","440000","440000","0","","MULTIPLE_QB_CANDIDATES","REVIEW_CONFLICT","NOT_IN_DIFFERENT_COHORT","","","","","","","","","","","","","","","","","","","","","","","","","","","","","","","","","","","","","","","","","","","","{""id"":""70"",""candidates"":[""70""],""mapped"":false,""safe"":true,""state"":""MATCHED"",""reason"":""Existing mapping, exact marker or unique exact normalized customer identity.""}","CLEAR_CANONICAL_CANDIDATE","245","MATCHING_PAYMENT_STATE","","","","","[""PHASE_3"",""PHASE_4""]","REVIEW_ONLY"
"INV-0219","servicem8-job-019f8778-d21d-7eaa-947d-1256238f456d:invoice","OCPS 514657D C/- MICM","2026-07-22","470000","47000","517000","517000","0","","MULTIPLE_QB_CANDIDATES","REVIEW_CONFLICT","NOT_IN_DIFFERENT_COHORT","","","","","","","","","","","","","","","","","","","","","","","","","","","","","","","","","","","","","","","","","","","","{""id"":""9"",""candidates"":[""9""],""mapped"":false,""safe"":true,""state"":""MATCHED"",""reason"":""Existing mapping, exact marker or unique exact normalized customer identity.""}","CLEAR_CANONICAL_CANDIDATE","246","PAYMENT_AMOUNT_DIFF","","","","","[""PHASE_3"",""PHASE_4""]","REVIEW_ONLY"
"INV-0220","servicem8-job-019f8785-2c11-7eaa-947c-6a4d8ef8aead:invoice","OCPS 514657D C/- MICM","2026-07-22","37500","3750","41250","41250","0","","MULTIPLE_QB_CANDIDATES","REVIEW_CONFLICT","NOT_IN_DIFFERENT_COHORT","","","","","","","","","","","","","","","","","","","","","","","","","","","","","","","","","","","","","","","","","","","","{""id"":""9"",""candidates"":[""9""],""mapped"":false,""safe"":true,""state"":""MATCHED"",""reason"":""Existing mapping, exact marker or unique exact normalized customer identity.""}","CLEAR_CANONICAL_CANDIDATE","247","MATCHING_PAYMENT_STATE","","","","","[""PHASE_3"",""PHASE_4""]","REVIEW_ONLY"
"INV-0221","servicem8-job-019f8787-a531-7eaa-947d-470b6936811d:invoice","Igot Goldshtien","2026-07-23","45000","4500","49500","49500","0","","MULTIPLE_QB_CANDIDATES","REVIEW_CONFLICT","NOT_IN_DIFFERENT_COHORT","","","","","","","","","","","","","","","","","","","","","","","","","","","","","","","","","","","","","","","","","","","","{""id"":""80"",""candidates"":[""80""],""mapped"":false,""safe"":true,""state"":""MATCHED"",""reason"":""Existing mapping, exact marker or unique exact normalized customer identity.""}","CLEAR_CANONICAL_CANDIDATE","285","MATCHING_PAYMENT_STATE","","","","","[""PHASE_3"",""PHASE_4""]","REVIEW_ONLY"
"INV-0222","servicem8-job-019f8cb6-6866-7eaa-947c-d041956a7fbd:invoice","Eddy Chang","2026-07-23","80000","8000","88000","88000","0","","MULTIPLE_QB_CANDIDATES","REVIEW_CONFLICT","NOT_IN_DIFFERENT_COHORT","","","","","","","","","","","","","","","","","","","","","","","","","","","","","","","","","","","","","","","","","","","","{""id"":""71"",""candidates"":[""71""],""mapped"":false,""safe"":true,""state"":""MATCHED"",""reason"":""Existing mapping, exact marker or unique exact normalized customer identity.""}","CLEAR_CANONICAL_CANDIDATE","248","MATCHING_PAYMENT_STATE","","","","","[""PHASE_3"",""PHASE_4""]","REVIEW_ONLY"
"INV-0224","servicem8-job-019fa6fe-75ea-7eaa-947c-cd445028051d:invoice","Dream Napasrisoingoen","2026-07-28","97000","9700","106700","106700","0","","MULTIPLE_QB_CANDIDATES","REVIEW_CONFLICT","NOT_IN_DIFFERENT_COHORT","","","","","","","","","","","","","","","","","","","","","","","","","","","","","","","","","","","","","","","","","","","","{""id"":""72"",""candidates"":[""72""],""mapped"":false,""safe"":true,""state"":""MATCHED"",""reason"":""Existing mapping, exact marker or unique exact normalized customer identity.""}","CLEAR_CANONICAL_CANDIDATE","249","MATCHING_PAYMENT_STATE","","","","","[""PHASE_3"",""PHASE_4""]","REVIEW_ONLY"
"INV-0150","servicem8-job-f4fb3f45-a59d-474d-b838-23e6f9f9481d:invoice","Ben Jones","2026-07-28","500000","50000","550000","550000","0","","DIFFERENT_IN_QB","REVIEW_PAYMENT","COSMETIC_ONLY","false","false","true","false","true","false","false","false","false","false","false","false","false","false","false","true","false","false","false","true","false","false","true","281","150","Ben Jones","78","2026-07-28","500000","50000","550000","0","550000","[""Payment""]","[{""type"":""Payment"",""id"":""282"",""via"":""payment allocation""}]","[{""id"":""282"",""date"":""2026-07-29"",""customerId"":""78"",""totalCents"":550000,""unappliedCents"":0,""allocations"":[{""amountCents"":550000,""links"":[{""TxnId"":""281"",""TxnType"":""Invoice""}]}],""metadata"":{""CreateTime"":""2026-08-11T16:26:51-07:00"",""LastUpdatedTime"":""2026-08-11T16:26:51-07:00""}}]","2026-08-11T16:26:37-07:00","2026-08-11T16:28:09-07:00","[]","[]","{""CUSTOMER_MATCH"":true,""DATE_MATCH"":true,""DOC_NUMBER_MATCH"":false,""LINE_COUNT_MATCH"":true,""PRODUCT_SERVICE_MATCH"":false,""DESCRIPTION_MATCH"":true,""QTY_MATCH"":true,""UNIT_PRICE_MATCH"":true,""LINE_AMOUNT_MATCH"":true,""SUBTOTAL_MATCH"":true,""GST_MATCH"":true,""TOTAL_MATCH"":true,""BALANCE_MATCH"":true,""PAYMENT_STATE_MATCH"":true}","[]","[{""position"":1,""qbPosition"":1,""lineAlignment"":""EXACT_CONTENT_BIJECTION"",""elsetLineId"":""servicem8-material-f8cca9b3-8dc2-4305-aff5-23e6f4de235d"",""priceListItemId"":"""",""elsetDescription"":""Supply and installation of DEA GHOST 200 underground automation system."",""qbDescription"":""Supply and installation of DEA GHOST 200 underground automation system."",""expectedItem"":{""id"":""123"",""name"":""ELSET Services"",""incomeAccountId"":""9"",""status"":""FALLBACK"",""reason"":""Saved line has no priceListItemId; the new model uses the configured fallback."",""comparisonKnown"":true,""accountEligibility"":""NOT_REVALIDATED_ARCHIVE_HAS_NO_ACCOUNT_ENTITY""},""qbItemId"":""35"",""qbItemName"":""DEA GHOST"",""qbIncomeAccountId"":""16"",""qbIncomeAccountName"":""Billable Expense Income ( 16 )"",""elsetQuantityMicros"":1000000,""qbQuantityMicros"":1000000,""elsetUnitPriceMicros"":5000000000,""qbUnitPriceMicros"":5000000000,""elsetLineAmountCents"":500000,""qbLineAmountCents"":500000,""DESCRIPTION_DIFF"":false,""DESCRIPTION_FORMAT_ONLY"":false,""DESCRIPTION_CONTENT_DIFF"":false,""PRODUCT_SERVICE_DIFF"":true,""PRODUCT_SERVICE_COMPARISON_UNKNOWN"":false,""INCOME_ACCOUNT_DIFF"":true,""QTY_DIFF"":false,""UNIT_PRICE_DIFF"":false,""LINE_AMOUNT_DIFF"":false}]","{""id"":""78"",""candidates"":[""78""],""mapped"":false,""safe"":true,""state"":""MATCHED"",""reason"":""Existing mapping, exact marker or unique exact normalized customer identity.""}","CLEAR_CANONICAL_CANDIDATE","281","MATCHING_PAYMENT_STATE","","","","","[]","KEEP_HISTORICAL_ITEM_DESCRIPTION_FORMAT_AND_NUMBER_FORMAT"
"INV-0223","servicem8-job-019fa6ef-3492-7eaa-947d-471ec516c3ed:invoice","Vera Mascaro","2026-08-04","74700","7470","82170","82170","0","","MULTIPLE_QB_CANDIDATES","REVIEW_CONFLICT","NOT_IN_DIFFERENT_COHORT","","","","","","","","","","","","","","","","","","","","","","","","","","","","","","","","","","","","","","","","","","","","{""id"":""87"",""candidates"":[""87""],""mapped"":true,""safe"":true,""state"":""MATCHED"",""reason"":""Existing mapping, exact marker or unique exact normalized customer identity.""}","CLEAR_CANONICAL_CANDIDATE","312","MATCHING_PAYMENT_STATE","","","","","[""PHASE_3"",""PHASE_4""]","REVIEW_ONLY"
"INV-0225","servicem8-job-019fc9f6-6810-7eaa-947d-f3289182bafd:invoice","Jason Kisielis","2026-08-04","25000","2500","27500","27500","0","","MULTIPLE_QB_CANDIDATES","REVIEW_CONFLICT","NOT_IN_DIFFERENT_COHORT","","","","","","","","","","","","","","","","","","","","","","","","","","","","","","","","","","","","","","","","","","","","{""id"":""28"",""candidates"":[""28""],""mapped"":false,""safe"":true,""state"":""MATCHED"",""reason"":""Existing mapping, exact marker or unique exact normalized customer identity.""}","CLEAR_CANONICAL_CANDIDATE","250","MATCHING_PAYMENT_STATE","","","","","[""PHASE_3"",""PHASE_4""]","REVIEW_ONLY"
"INV-0226","servicem8-job-019fc9f8-caf8-7eaa-947c-ec40b2a77a7d:invoice","Great Ocean Road RV","2026-08-04","44000","4400","48400","48400","0","","MULTIPLE_QB_CANDIDATES","REVIEW_CONFLICT","NOT_IN_DIFFERENT_COHORT","","","","","","","","","","","","","","","","","","","","","","","","","","","","","","","","","","","","","","","","","","","","{""id"":""63"",""candidates"":[""63""],""mapped"":false,""safe"":true,""state"":""MATCHED"",""reason"":""Existing mapping, exact marker or unique exact normalized customer identity.""}","CLEAR_CANONICAL_CANDIDATE","251","MATCHING_PAYMENT_STATE","","","","","[""PHASE_3"",""PHASE_4""]","REVIEW_ONLY"
"INV-0228","servicem8-job-019fc9fa-abb2-7eaa-947d-15a30962826d:invoice","Lisa Dumbrell","2026-08-04","73500","7350","80850","80850","0","","MULTIPLE_QB_CANDIDATES","REVIEW_CONFLICT","NOT_IN_DIFFERENT_COHORT","","","","","","","","","","","","","","","","","","","","","","","","","","","","","","","","","","","","","","","","","","","","{""id"":""38"",""candidates"":[""38""],""mapped"":false,""safe"":true,""state"":""MATCHED"",""reason"":""Existing mapping, exact marker or unique exact normalized customer identity.""}","CLEAR_CANONICAL_CANDIDATE","309","MATCHING_PAYMENT_STATE","","","","","[""PHASE_3"",""PHASE_4""]","REVIEW_ONLY"
"INV-0229","servicem8-job-019fca43-5cb6-7eaa-947c-8614f0cdc32d:invoice","Bessel Sleiman","2026-08-04","35000","3500","38500","38500","0","","MULTIPLE_QB_CANDIDATES","REVIEW_CONFLICT","NOT_IN_DIFFERENT_COHORT","","","","","","","","","","","","","","","","","","","","","","","","","","","","","","","","","","","","","","","","","","","","{""id"":""73"",""candidates"":[""73""],""mapped"":false,""safe"":true,""state"":""MATCHED"",""reason"":""Existing mapping, exact marker or unique exact normalized customer identity.""}","CLEAR_CANONICAL_CANDIDATE","252","MATCHING_PAYMENT_STATE","","","","","[""PHASE_3"",""PHASE_4""]","REVIEW_ONLY"
"INV-0230","servicem8-job-019fca47-907b-7eaa-947d-021bf6618efd:invoice","Vinay Samuel","2026-08-04","153500","15350","168850","168850","0","","MISSING_IN_QB","REVIEW_CONFLICT","NOT_IN_DIFFERENT_COHORT","","","","","","","","","","","","","","","","","","","","","","","","","","","","","","","","","","","","","","","","","","","","{""id"":"""",""candidates"":[],""mapped"":false,""safe"":true,""state"":""NEW"",""reason"":""No exact customer candidate; new customer would be needed.""}","REVIEW_REQUIRED","","OTHER","POSSIBLE_EXISTING_QB_RECORD","Weak number/content/amount evidence could represent an existing invoice. Resolve every candidate before creating.","Only uncorroborated legacy number candidates; no mapped, marked, exact-number or sufficiently corroborated content counterpart.","[{""qbId"":""253"",""qbDocNumber"":""230"",""qbCustomerId"":""74"",""qbCustomer"":""Jian Zhou"",""qbDate"":""2026-08-04"",""qbDueDate"":""2026-08-11"",""qbSubtotalCents"":110000,""qbGstCents"":11000,""qbTotalCents"":121000,""qbBalanceCents"":0,""qbInferredPaidCents"":121000,""elsetBalanceCents"":0,""elsetPaymentState"":""PAID"",""qbPaymentState"":""PAID"",""linkedTransactions"":[{""type"":""Payment"",""id"":""259"",""via"":""payment allocation""}],""linkedTransactionTypes"":[""Payment""],""linkedPayments"":[{""id"":""259"",""date"":""2026-08-04"",""customerId"":""74"",""totalCents"":121000,""unappliedCents"":0,""allocations"":[{""amountCents"":121000,""links"":[{""TxnId"":""253"",""TxnType"":""Invoice""}]}],""metadata"":{""CreateTime"":""2026-08-06T17:30:48-07:00"",""LastUpdatedTime"":""2026-08-06T17:30:48-07:00""}}],""qbDepositCents"":0,""protectedAccountingState"":true,""createdAt"":""2026-08-03T18:08:58-07:00"",""updatedAt"":""2026-08-06T17:32:43-07:00"",""syncToken"":""2"",""existingLocalMappings"":[],""otherLocalClaims"":[{""invoiceNumber"":""INV-0231"",""mapped"":false,""evidence"":[""EXACT_CUSTOMER_DATE_LINES_TOTALS"",""SAME_CUSTOMER_DATE_TOTAL_DESCRIPTIONS""],""businessContentMatch"":true}],""mappedToThisInvoice"":false,""firstPassEvidence"":[""NUMBER_VARIANT_ONLY""],""businessMatch"":false,""identitySafe"":false,""flags"":{""CUSTOMER_DIFF"":true,""DATE_DIFF"":false,""DOC_NUMBER_DIFF"":true,""DOC_NUMBER_FORMAT_ONLY"":true,""DOC_NUMBER_CONTENT_DIFF"":false,""LINE_COUNT_DIFF"":true,""LINE_ORDER_DIFF"":false,""PRODUCT_SERVICE_DIFF"":true,""PRODUCT_SERVICE_COMPARISON_UNKNOWN"":true,""INCOME_ACCOUNT_DIFF"":true,""DESCRIPTION_DIFF"":true,""DESCRIPTION_CONTENT_DIFF"":true,""QTY_DIFF"":true,""UNIT_PRICE_DIFF"":true,""LINE_AMOUNT_DIFF"":true,""DESCRIPTION_FORMAT_ONLY"":false,""HAS_DESCRIPTION_FORMAT_DIFFERENCE"":false,""SUBTOTAL_DIFF"":true,""GST_DIFF"":true,""TOTAL_DIFF"":true,""BALANCE_DIFF"":false,""PAYMENT_STATE_DIFF"":false,""CURRENCY_DIFF"":false,""UNSUPPORTED_CONTENT"":false,""HISTORICAL_ITEM_DIFFERENCE_ONLY"":false,""STRICT_ITEM_ONLY"":false},""bucket"":""MULTIPLE_DIFF_TYPES"",""discrepancyTypes"":[""CUSTOMER_OR_DATE_DIFF"",""FINANCIAL_DIFF"",""CONTENT_DIFF_NO_FINANCIAL_CHANGE""],""fieldMatches"":{""CUSTOMER_MATCH"":false,""DATE_MATCH"":true,""DOC_NUMBER_MATCH"":false,""LINE_COUNT_MATCH"":false,""PRODUCT_SERVICE_MATCH"":null,""DESCRIPTION_MATCH"":false,""QTY_MATCH"":false,""UNIT_PRICE_MATCH"":false,""LINE_AMOUNT_MATCH"":false,""SUBTOTAL_MATCH"":false,""GST_MATCH"":false,""TOTAL_MATCH"":false,""BALANCE_MATCH"":true,""PAYMENT_STATE_MATCH"":true},""customerComparison"":""UNRESOLVED_ELSET_CUSTOMER_NOT_CONFIRMED_WRONG_CUSTOMER"",""monetaryDifferences"":[{""field"":""subtotal"",""elset"":153500,""quickbooks"":110000,""unit"":""AUD cents""},{""field"":""gst"",""elset"":15350,""quickbooks"":11000,""unit"":""AUD cents""},{""field"":""total"",""elset"":168850,""quickbooks"":121000,""unit"":""AUD cents""},{""field"":""paid_vs_inferred_paid"",""elset"":168850,""quickbooks"":121000,""unit"":""AUD cents""},{""field"":""unit_price"",""position"":1,""elset"":220000000,""quickbooks"":340000000,""unit"":""AUD millionths""},{""field"":""line_amount"",""position"":1,""elset"":44000,""quickbooks"":68000,""unit"":""AUD cents""},{""field"":""unit_price"",""position"":2,""elset"":240000000,""quickbooks"":420000000,""unit"":""AUD millionths""},{""field"":""line_amount"",""position"":2,""elset"":24000,""quickbooks"":42000,""unit"":""AUD cents""},{""field"":""unit_price"",""position"":3,""elset"":70000000,""quickbooks"":null,""unit"":""AUD millionths""},{""field"":""line_amount"",""position"":3,""elset"":35000,""quickbooks"":null,""unit"":""AUD cents""},{""field"":""unit_price"",""position"":4,""elset"":155000000,""quickbooks"":null,""unit"":""AUD millionths""},{""field"":""line_amount"",""position"":4,""elset"":15500,""quickbooks"":null,""unit"":""AUD cents""},{""field"":""unit_price"",""position"":5,""elset"":350000000,""quickbooks"":null,""unit"":""AUD millionths""},{""field"":""line_amount"",""position"":5,""elset"":35000,""quickbooks"":null,""unit"":""AUD cents""}],""lines"":[{""position"":1,""qbPosition"":1,""lineAlignment"":""POSITION_REQUIRES_REVIEW"",""elsetLineId"":""servicem8-material-019fca47-9087-7eaa-947c-7730d873e62d"",""priceListItemId"":"""",""elsetDescription"":""Maintenance service on 2 sliding gates"",""qbDescription"":""Maintenance Service on 2 automatic gates"",""expectedItem"":{""id"":""123"",""name"":""ELSET Services"",""incomeAccountId"":""9"",""status"":""FALLBACK"",""reason"":""Saved line has no priceListItemId; the new model uses the configured fallback."",""comparisonKnown"":true,""accountEligibility"":""NOT_REVALIDATED_ARCHIVE_HAS_NO_ACCOUNT_ENTITY""},""qbItemId"":""1"",""qbItemName"":""Services"",""qbIncomeAccountId"":""9"",""qbIncomeAccountName"":""Services"",""elsetQuantityMicros"":2000000,""qbQuantityMicros"":2000000,""elsetUnitPriceMicros"":220000000,""qbUnitPriceMicros"":340000000,""elsetLineAmountCents"":44000,""qbLineAmountCents"":68000,""DESCRIPTION_DIFF"":true,""DESCRIPTION_FORMAT_ONLY"":false,""DESCRIPTION_CONTENT_DIFF"":true,""PRODUCT_SERVICE_DIFF"":true,""PRODUCT_SERVICE_COMPARISON_UNKNOWN"":false,""INCOME_ACCOUNT_DIFF"":false,""QTY_DIFF"":false,""UNIT_PRICE_DIFF"":true,""LINE_AMOUNT_DIFF"":true},{""position"":2,""qbPosition"":2,""lineAlignment"":""POSITION_REQUIRES_REVIEW"",""elsetLineId"":""servicem8-material-019fca49-d050-7eaa-947c-404ba05e438d"",""priceListItemId"":"""",""elsetDescription"":""Repairs on nylon rack"",""qbDescription"":""New ST7control board for sliding gate"",""expectedItem"":{""id"":""123"",""name"":""ELSET Services"",""incomeAccountId"":""9"",""status"":""FALLBACK"",""reason"":""Saved line has no priceListItemId; the new model uses the configured fallback."",""comparisonKnown"":true,""accountEligibility"":""NOT_REVALIDATED_ARCHIVE_HAS_NO_ACCOUNT_ENTITY""},""qbItemId"":""83"",""qbItemName"":""CONTROL- BOARD"",""qbIncomeAccountId"":""16"",""qbIncomeAccountName"":""Billable Expense Income ( 16 )"",""elsetQuantityMicros"":1000000,""qbQuantityMicros"":1000000,""elsetUnitPriceMicros"":240000000,""qbUnitPriceMicros"":420000000,""elsetLineAmountCents"":24000,""qbLineAmountCents"":42000,""DESCRIPTION_DIFF"":true,""DESCRIPTION_FORMAT_ONLY"":false,""DESCRIPTION_CONTENT_DIFF"":true,""PRODUCT_SERVICE_DIFF"":true,""PRODUCT_SERVICE_COMPARISON_UNKNOWN"":false,""INCOME_ACCOUNT_DIFF"":true,""QTY_DIFF"":false,""UNIT_PRICE_DIFF"":true,""LINE_AMOUNT_DIFF"":true},{""position"":3,""qbPosition"":3,""lineAlignment"":""POSITION_REQUIRES_REVIEW"",""elsetLineId"":""servicem8-material-019fca4a-ae16-7eaa-947d-7dead448fecd"",""priceListItemId"":"""",""elsetDescription"":""Remote control"",""qbDescription"":null,""expectedItem"":{""id"":""123"",""name"":""ELSET Services"",""incomeAccountId"":""9"",""status"":""FALLBACK"",""reason"":""Saved line has no priceListItemId; the new model uses the configured fallback."",""comparisonKnown"":true,""accountEligibility"":""NOT_REVALIDATED_ARCHIVE_HAS_NO_ACCOUNT_ENTITY""},""qbItemId"":"""",""qbItemName"":"""",""qbIncomeAccountId"":"""",""qbIncomeAccountName"":"""",""elsetQuantityMicros"":5000000,""qbQuantityMicros"":null,""elsetUnitPriceMicros"":70000000,""qbUnitPriceMicros"":null,""elsetLineAmountCents"":35000,""qbLineAmountCents"":null,""DESCRIPTION_DIFF"":true,""DESCRIPTION_FORMAT_ONLY"":false,""DESCRIPTION_CONTENT_DIFF"":true,""PRODUCT_SERVICE_DIFF"":false,""PRODUCT_SERVICE_COMPARISON_UNKNOWN"":true,""INCOME_ACCOUNT_DIFF"":false,""QTY_DIFF"":true,""UNIT_PRICE_DIFF"":true,""LINE_AMOUNT_DIFF"":true},{""position"":4,""qbPosition"":4,""lineAlignment"":""POSITION_REQUIRES_REVIEW"",""elsetLineId"":""servicem8-material-019fca4a-edb3-7eaa-947c-e0b76970585d"",""priceListItemId"":"""",""elsetDescription"":""Remote control receiver"",""qbDescription"":null,""expectedItem"":{""id"":""123"",""name"":""ELSET Services"",""incomeAccountId"":""9"",""status"":""FALLBACK"",""reason"":""Saved line has no priceListItemId; the new model uses the configured fallback."",""comparisonKnown"":true,""accountEligibility"":""NOT_REVALIDATED_ARCHIVE_HAS_NO_ACCOUNT_ENTITY""},""qbItemId"":"""",""qbItemName"":"""",""qbIncomeAccountId"":"""",""qbIncomeAccountName"":"""",""elsetQuantityMicros"":1000000,""qbQuantityMicros"":null,""elsetUnitPriceMicros"":155000000,""qbUnitPriceMicros"":null,""elsetLineAmountCents"":15500,""qbLineAmountCents"":null,""DESCRIPTION_DIFF"":true,""DESCRIPTION_FORMAT_ONLY"":false,""DESCRIPTION_CONTENT_DIFF"":true,""PRODUCT_SERVICE_DIFF"":false,""PRODUCT_SERVICE_COMPARISON_UNKNOWN"":true,""INCOME_ACCOUNT_DIFF"":false,""QTY_DIFF"":true,""UNIT_PRICE_DIFF"":true,""LINE_AMOUNT_DIFF"":true},{""position"":5,""qbPosition"":5,""lineAlignment"":""POSITION_REQUIRES_REVIEW"",""elsetLineId"":""servicem8-material-019fca4b-0fa1-7eaa-947d-060d21c55cad"",""priceListItemId"":"""",""elsetDescription"":""Repairs on water tap"",""qbDescription"":null,""expectedItem"":{""id"":""123"",""name"":""ELSET Services"",""incomeAccountId"":""9"",""status"":""FALLBACK"",""reason"":""Saved line has no priceListItemId; the new model uses the configured fallback."",""comparisonKnown"":true,""accountEligibility"":""NOT_REVALIDATED_ARCHIVE_HAS_NO_ACCOUNT_ENTITY""},""qbItemId"":"""",""qbItemName"":"""",""qbIncomeAccountId"":"""",""qbIncomeAccountName"":"""",""elsetQuantityMicros"":1000000,""qbQuantityMicros"":null,""elsetUnitPriceMicros"":350000000,""qbUnitPriceMicros"":null,""elsetLineAmountCents"":35000,""qbLineAmountCents"":null,""DESCRIPTION_DIFF"":true,""DESCRIPTION_FORMAT_ONLY"":false,""DESCRIPTION_CONTENT_DIFF"":true,""PRODUCT_SERVICE_DIFF"":false,""PRODUCT_SERVICE_COMPARISON_UNKNOWN"":true,""INCOME_ACCOUNT_DIFF"":false,""QTY_DIFF"":true,""UNIT_PRICE_DIFF"":true,""LINE_AMOUNT_DIFF"":true}],""qbPrivateNote"":"""",""qbCustomerMemo"":""yearly service on 2 gates\nSupply and program new Control board"",""qbEmailStatus"":""EmailSent"",""weakReasons"":[""FIRST_PASS_NUMBER_VARIANT_ONLY""]}]","[""PHASE_4""]","RESOLVE_MISSING_INVOICE_REVIEW"
"INV-0231","servicem8-job-019fca4c-0fa5-7eaa-947c-38dffb0f865d:invoice","Jian Zhou","2026-08-04","110000","11000","121000","121000","0","","MULTIPLE_QB_CANDIDATES","REVIEW_CONFLICT","NOT_IN_DIFFERENT_COHORT","","","","","","","","","","","","","","","","","","","","","","","","","","","","","","","","","","","","","","","","","","","","{""id"":""74"",""candidates"":[""74""],""mapped"":false,""safe"":true,""state"":""MATCHED"",""reason"":""Existing mapping, exact marker or unique exact normalized customer identity.""}","CLEAR_CANONICAL_CANDIDATE","253","MATCHING_PAYMENT_STATE","","","","","[""PHASE_3"",""PHASE_4""]","REVIEW_ONLY"
"INV-0232","servicem8-job-019fca50-f9ea-7eaa-947d-39e96b11f4bd:invoice","Rocco Colangelo","2026-08-04","105000","10500","115500","115500","0","","MULTIPLE_QB_CANDIDATES","REVIEW_CONFLICT","NOT_IN_DIFFERENT_COHORT","","","","","","","","","","","","","","","","","","","","","","","","","","","","","","","","","","","","","","","","","","","","{""id"":""88"",""candidates"":[""88""],""mapped"":false,""safe"":true,""state"":""MATCHED"",""reason"":""Existing mapping, exact marker or unique exact normalized customer identity.""}","CLEAR_CANONICAL_CANDIDATE","311","MATCHING_PAYMENT_STATE","","","","","[""PHASE_3"",""PHASE_4""]","REVIEW_ONLY"
"INV-0234","servicem8-job-019fcb12-92b2-7eaa-947d-d503e20f1a8d:invoice","ROSS-HUNT real estate","2026-08-04","60000","6000","66000","66000","0","","MULTIPLE_QB_CANDIDATES","REVIEW_CONFLICT","NOT_IN_DIFFERENT_COHORT","","","","","","","","","","","","","","","","","","","","","","","","","","","","","","","","","","","","","","","","","","","","{""id"":""75"",""candidates"":[""75""],""mapped"":false,""safe"":true,""state"":""MATCHED"",""reason"":""Existing mapping, exact marker or unique exact normalized customer identity.""}","CLEAR_CANONICAL_CANDIDATE","254","MATCHING_PAYMENT_STATE","","","","","[""PHASE_3"",""PHASE_4""]","REVIEW_ONLY"
"INV-0214","servicem8-job-39e5a529-a955-4df1-9809-2454026ca45d:invoice","LEONIE SZABO","2026-08-04","189500","18950","208450","208450","0","","DIFFERENT_IN_QB","REVIEW_PAYMENT","CONTENT_DIFF_NO_FINANCIAL_CHANGE","false","false","true","false","true","false","false","false","false","false","false","false","false","false","false","false","true","false","false","true","false","false","true","307","212","LEONIE SZABO","52","2026-08-04","189500","18950","208450","0","208450","[""Payment""]","[{""type"":""Payment"",""id"":""324"",""via"":""payment allocation""}]","[{""id"":""324"",""date"":""2026-06-24"",""customerId"":""52"",""totalCents"":208450,""unappliedCents"":0,""allocations"":[{""amountCents"":208450,""links"":[{""TxnId"":""307"",""TxnType"":""Invoice""}]}],""metadata"":{""CreateTime"":""2026-08-11T16:48:07-07:00"",""LastUpdatedTime"":""2026-08-11T16:48:07-07:00""}}]","2026-08-11T16:29:23-07:00","2026-08-11T16:50:07-07:00","[]","[]","{""CUSTOMER_MATCH"":true,""DATE_MATCH"":true,""DOC_NUMBER_MATCH"":false,""LINE_COUNT_MATCH"":true,""PRODUCT_SERVICE_MATCH"":false,""DESCRIPTION_MATCH"":true,""QTY_MATCH"":true,""UNIT_PRICE_MATCH"":true,""LINE_AMOUNT_MATCH"":true,""SUBTOTAL_MATCH"":true,""GST_MATCH"":true,""TOTAL_MATCH"":true,""BALANCE_MATCH"":true,""PAYMENT_STATE_MATCH"":true}","[]","[{""position"":1,""qbPosition"":1,""lineAlignment"":""EXACT_CONTENT_BIJECTION"",""elsetLineId"":""servicem8-material-2e4b4897-e7ff-481f-83b3-2454000a398d"",""priceListItemId"":"""",""elsetDescription"":""Electric lock installation on automation system for double swing gate."",""qbDescription"":""Electric lock installation on automation system for double swing gate."",""expectedItem"":{""id"":""123"",""name"":""ELSET Services"",""incomeAccountId"":""9"",""status"":""FALLBACK"",""reason"":""Saved line has no priceListItemId; the new model uses the configured fallback."",""comparisonKnown"":true,""accountEligibility"":""NOT_REVALIDATED_ARCHIVE_HAS_NO_ACCOUNT_ENTITY""},""qbItemId"":""71"",""qbItemName"":""ESL001"",""qbIncomeAccountId"":""16"",""qbIncomeAccountName"":""Billable Expense Income ( 16 )"",""elsetQuantityMicros"":1000000,""qbQuantityMicros"":1000000,""elsetUnitPriceMicros"":1895000000,""qbUnitPriceMicros"":1895000000,""elsetLineAmountCents"":189500,""qbLineAmountCents"":189500,""DESCRIPTION_DIFF"":false,""DESCRIPTION_FORMAT_ONLY"":false,""DESCRIPTION_CONTENT_DIFF"":false,""PRODUCT_SERVICE_DIFF"":true,""PRODUCT_SERVICE_COMPARISON_UNKNOWN"":false,""INCOME_ACCOUNT_DIFF"":true,""QTY_DIFF"":false,""UNIT_PRICE_DIFF"":false,""LINE_AMOUNT_DIFF"":false}]","{""id"":""52"",""candidates"":[""52""],""mapped"":false,""safe"":true,""state"":""MATCHED"",""reason"":""Existing mapping, exact marker or unique exact normalized customer identity.""}","CLEAR_CANONICAL_CANDIDATE","307","MATCHING_PAYMENT_STATE","","","","","[]","REVIEW_ONLY"
"INV-0235","servicem8-job-019fcf1c-3dc1-7eaa-947c-db183bd14e7d:invoice","Paul Rosen","2026-08-05","68000","6800","74800","74800","0","","MULTIPLE_QB_CANDIDATES","REVIEW_CONFLICT","NOT_IN_DIFFERENT_COHORT","","","","","","","","","","","","","","","","","","","","","","","","","","","","","","","","","","","","","","","","","","","","{""id"":""30"",""candidates"":[""30""],""mapped"":false,""safe"":true,""state"":""MATCHED"",""reason"":""Existing mapping, exact marker or unique exact normalized customer identity.""}","CLEAR_CANONICAL_CANDIDATE","255","MATCHING_PAYMENT_STATE","","","","","[""PHASE_3"",""PHASE_4""]","REVIEW_ONLY"
"INV-0236","servicem8-job-019fd52e-16ac-7eaa-947c-0fb356f9bf1d:invoice","Kate Collins","2026-08-06","25000","2500","27500","27500","0","","MULTIPLE_QB_CANDIDATES","REVIEW_CONFLICT","NOT_IN_DIFFERENT_COHORT","","","","","","","","","","","","","","","","","","","","","","","","","","","","","","","","","","","","","","","","","","","","{""id"":""60"",""candidates"":[""60""],""mapped"":false,""safe"":true,""state"":""MATCHED"",""reason"":""Existing mapping, exact marker or unique exact normalized customer identity.""}","CLEAR_CANONICAL_CANDIDATE","256","ELSET_PAID_QB_UNPAID","","","","","[""PHASE_3"",""PHASE_4""]","REVIEW_ONLY"
"INV-0237","servicem8-job-019fd532-ec91-7eaa-947d-b1068581566d:invoice","NORTHEN INVESTMENT ENTERPRISES","2026-08-06","55300","5530","60830","60830","0","","MULTIPLE_QB_CANDIDATES","REVIEW_CONFLICT","NOT_IN_DIFFERENT_COHORT","","","","","","","","","","","","","","","","","","","","","","","","","","","","","","","","","","","","","","","","","","","","{""id"":""85"",""candidates"":[""85""],""mapped"":false,""safe"":true,""state"":""MATCHED"",""reason"":""Existing mapping, exact marker or unique exact normalized customer identity.""}","CLEAR_CANONICAL_CANDIDATE","291","MATCHING_PAYMENT_STATE","","","","","[""PHASE_3"",""PHASE_4""]","REVIEW_ONLY"
"INV-0239","servicem8-job-019fefd5-4259-7eaa-947c-916e46df6a3d:invoice","Nick Nesci","2026-08-11","186000","18600","204600","204600","0","","MISSING_IN_QB","REVIEW_CONFLICT","NOT_IN_DIFFERENT_COHORT","","","","","","","","","","","","","","","","","","","","","","","","","","","","","","","","","","","","","","","","","","","","{""id"":"""",""candidates"":[""32"",""67"",""76""],""mapped"":false,""safe"":false,""state"":""AMBIGUOUS"",""reason"":""Customer name/email candidates conflict or are not unique.""}","REVIEW_REQUIRED","","OTHER","POSSIBLE_EXISTING_QB_RECORD","Weak number/content/amount evidence could represent an existing invoice. Resolve every candidate before creating.","Only uncorroborated legacy number candidates; no mapped, marked, exact-number or sufficiently corroborated content counterpart.","[{""qbId"":""277"",""qbDocNumber"":""238"",""qbCustomerId"":""76"",""qbCustomer"":""Nick Nesci"",""qbDate"":""2026-08-11"",""qbDueDate"":""2026-08-18"",""qbSubtotalCents"":186000,""qbGstCents"":18600,""qbTotalCents"":204600,""qbBalanceCents"":0,""qbInferredPaidCents"":204600,""elsetBalanceCents"":0,""elsetPaymentState"":""PAID"",""qbPaymentState"":""PAID"",""linkedTransactions"":[{""type"":""Payment"",""id"":""350"",""via"":""payment allocation""}],""linkedTransactionTypes"":[""Payment""],""linkedPayments"":[{""id"":""350"",""date"":""2026-08-24"",""customerId"":""76"",""totalCents"":204600,""unappliedCents"":0,""allocations"":[{""amountCents"":204600,""links"":[{""TxnId"":""277"",""TxnType"":""Invoice""}]}],""metadata"":{""CreateTime"":""2026-09-09T20:26:23-07:00"",""LastUpdatedTime"":""2026-09-09T20:26:23-07:00""}}],""qbDepositCents"":0,""protectedAccountingState"":true,""createdAt"":""2026-08-11T01:03:06-07:00"",""updatedAt"":""2026-09-09T21:32:15-07:00"",""syncToken"":""3"",""existingLocalMappings"":[],""otherLocalClaims"":[],""mappedToThisInvoice"":false,""firstPassEvidence"":[],""businessMatch"":false,""identitySafe"":false,""flags"":{""CUSTOMER_DIFF"":true,""DATE_DIFF"":false,""DOC_NUMBER_DIFF"":true,""DOC_NUMBER_FORMAT_ONLY"":false,""DOC_NUMBER_CONTENT_DIFF"":true,""LINE_COUNT_DIFF"":false,""LINE_ORDER_DIFF"":false,""PRODUCT_SERVICE_DIFF"":true,""PRODUCT_SERVICE_COMPARISON_UNKNOWN"":false,""INCOME_ACCOUNT_DIFF"":true,""DESCRIPTION_DIFF"":false,""DESCRIPTION_CONTENT_DIFF"":false,""QTY_DIFF"":false,""UNIT_PRICE_DIFF"":false,""LINE_AMOUNT_DIFF"":false,""DESCRIPTION_FORMAT_ONLY"":false,""HAS_DESCRIPTION_FORMAT_DIFFERENCE"":false,""SUBTOTAL_DIFF"":false,""GST_DIFF"":false,""TOTAL_DIFF"":false,""BALANCE_DIFF"":false,""PAYMENT_STATE_DIFF"":false,""CURRENCY_DIFF"":false,""UNSUPPORTED_CONTENT"":false,""HISTORICAL_ITEM_DIFFERENCE_ONLY"":false,""STRICT_ITEM_ONLY"":false},""bucket"":""MULTIPLE_DIFF_TYPES"",""discrepancyTypes"":[""CUSTOMER_OR_DATE_DIFF"",""CONTENT_DIFF_NO_FINANCIAL_CHANGE""],""fieldMatches"":{""CUSTOMER_MATCH"":false,""DATE_MATCH"":true,""DOC_NUMBER_MATCH"":false,""LINE_COUNT_MATCH"":true,""PRODUCT_SERVICE_MATCH"":false,""DESCRIPTION_MATCH"":true,""QTY_MATCH"":true,""UNIT_PRICE_MATCH"":true,""LINE_AMOUNT_MATCH"":true,""SUBTOTAL_MATCH"":true,""GST_MATCH"":true,""TOTAL_MATCH"":true,""BALANCE_MATCH"":true,""PAYMENT_STATE_MATCH"":true},""customerComparison"":""UNRESOLVED_ELSET_CUSTOMER_NOT_CONFIRMED_WRONG_CUSTOMER"",""monetaryDifferences"":[],""lines"":[{""position"":1,""qbPosition"":1,""lineAlignment"":""EXACT_CONTENT_BIJECTION"",""elsetLineId"":""servicem8-material-019fefd5-425d-7eaa-947c-086c0b03417d"",""priceListItemId"":"""",""elsetDescription"":""Supply and install New DEA 24N control board"",""qbDescription"":""Supply and install New DEA 24N control board"",""expectedItem"":{""id"":""123"",""name"":""ELSET Services"",""incomeAccountId"":""9"",""status"":""FALLBACK"",""reason"":""Saved line has no priceListItemId; the new model uses the configured fallback."",""comparisonKnown"":true,""accountEligibility"":""NOT_REVALIDATED_ARCHIVE_HAS_NO_ACCOUNT_ENTITY""},""qbItemId"":""83"",""qbItemName"":""CONTROL- BOARD"",""qbIncomeAccountId"":""16"",""qbIncomeAccountName"":""Billable Expense Income ( 16 )"",""elsetQuantityMicros"":1000000,""qbQuantityMicros"":1000000,""elsetUnitPriceMicros"":470000000,""qbUnitPriceMicros"":470000000,""elsetLineAmountCents"":47000,""qbLineAmountCents"":47000,""DESCRIPTION_DIFF"":false,""DESCRIPTION_FORMAT_ONLY"":false,""DESCRIPTION_CONTENT_DIFF"":false,""PRODUCT_SERVICE_DIFF"":true,""PRODUCT_SERVICE_COMPARISON_UNKNOWN"":false,""INCOME_ACCOUNT_DIFF"":true,""QTY_DIFF"":false,""UNIT_PRICE_DIFF"":false,""LINE_AMOUNT_DIFF"":false},{""position"":2,""qbPosition"":2,""lineAlignment"":""EXACT_CONTENT_BIJECTION"",""elsetLineId"":""servicem8-material-019fefd5-c188-7eaa-947d-d568b795a75d"",""priceListItemId"":"""",""elsetDescription"":""Supply and installation of Automation system for garage doo2 24v DEA LIVI 502"",""qbDescription"":""Supply and installation of Automation system for garage doo2 24v DEA LIVI 502"",""expectedItem"":{""id"":""123"",""name"":""ELSET Services"",""incomeAccountId"":""9"",""status"":""FALLBACK"",""reason"":""Saved line has no priceListItemId; the new model uses the configured fallback."",""comparisonKnown"":true,""accountEligibility"":""NOT_REVALIDATED_ARCHIVE_HAS_NO_ACCOUNT_ENTITY""},""qbItemId"":""73"",""qbItemName"":""DEA LIVI"",""qbIncomeAccountId"":""16"",""qbIncomeAccountName"":""Billable Expense Income ( 16 )"",""elsetQuantityMicros"":1000000,""qbQuantityMicros"":1000000,""elsetUnitPriceMicros"":1390000000,""qbUnitPriceMicros"":1390000000,""elsetLineAmountCents"":139000,""qbLineAmountCents"":139000,""DESCRIPTION_DIFF"":false,""DESCRIPTION_FORMAT_ONLY"":false,""DESCRIPTION_CONTENT_DIFF"":false,""PRODUCT_SERVICE_DIFF"":true,""PRODUCT_SERVICE_COMPARISON_UNKNOWN"":false,""INCOME_ACCOUNT_DIFF"":true,""QTY_DIFF"":false,""UNIT_PRICE_DIFF"":false,""LINE_AMOUNT_DIFF"":false}],""qbPrivateNote"":"""",""qbCustomerMemo"":""Service and repairs on automatic tilt up garage door.\nInstall and program new DEA BOARD and LIVI 502 motor"",""qbEmailStatus"":""EmailSent"",""weakReasons"":[""SAME_DATE_AND_TOTAL"",""SAME_LINES_REGARDLESS_OF_CUSTOMER_OR_DATE""]},{""qbId"":""278"",""qbDocNumber"":""239"",""qbCustomerId"":""77"",""qbCustomer"":""Smile Constructions Pty Ltd"",""qbDate"":""2026-08-11"",""qbDueDate"":""2026-08-18"",""qbSubtotalCents"":65000,""qbGstCents"":6500,""qbTotalCents"":71500,""qbBalanceCents"":0,""qbInferredPaidCents"":71500,""elsetBalanceCents"":0,""elsetPaymentState"":""PAID"",""qbPaymentState"":""PAID"",""linkedTransactions"":[{""type"":""Payment"",""id"":""280"",""via"":""payment allocation""}],""linkedTransactionTypes"":[""Payment""],""linkedPayments"":[{""id"":""280"",""date"":""2026-08-12"",""customerId"":""77"",""totalCents"":71500,""unappliedCents"":0,""allocations"":[{""amountCents"":71500,""links"":[{""TxnId"":""278"",""TxnType"":""Invoice""}]}],""metadata"":{""CreateTime"":""2026-08-11T16:26:32-07:00"",""LastUpdatedTime"":""2026-08-11T16:26:32-07:00""}}],""qbDepositCents"":0,""protectedAccountingState"":true,""createdAt"":""2026-08-11T01:11:10-07:00"",""updatedAt"":""2026-08-11T16:26:58-07:00"",""syncToken"":""2"",""existingLocalMappings"":[],""otherLocalClaims"":[{""invoiceNumber"":""INV-0240"",""mapped"":false,""evidence"":[""EXACT_CUSTOMER_DATE_LINES_TOTALS"",""SAME_CUSTOMER_DATE_TOTAL_DESCRIPTIONS""],""businessContentMatch"":true}],""mappedToThisInvoice"":false,""firstPassEvidence"":[""NUMBER_VARIANT_ONLY""],""businessMatch"":false,""identitySafe"":false,""flags"":{""CUSTOMER_DIFF"":true,""DATE_DIFF"":false,""DOC_NUMBER_DIFF"":true,""DOC_NUMBER_FORMAT_ONLY"":true,""DOC_NUMBER_CONTENT_DIFF"":false,""LINE_COUNT_DIFF"":true,""LINE_ORDER_DIFF"":false,""PRODUCT_SERVICE_DIFF"":true,""PRODUCT_SERVICE_COMPARISON_UNKNOWN"":true,""INCOME_ACCOUNT_DIFF"":true,""DESCRIPTION_DIFF"":true,""DESCRIPTION_CONTENT_DIFF"":true,""QTY_DIFF"":true,""UNIT_PRICE_DIFF"":true,""LINE_AMOUNT_DIFF"":true,""DESCRIPTION_FORMAT_ONLY"":false,""HAS_DESCRIPTION_FORMAT_DIFFERENCE"":false,""SUBTOTAL_DIFF"":true,""GST_DIFF"":true,""TOTAL_DIFF"":true,""BALANCE_DIFF"":false,""PAYMENT_STATE_DIFF"":false,""CURRENCY_DIFF"":false,""UNSUPPORTED_CONTENT"":false,""HISTORICAL_ITEM_DIFFERENCE_ONLY"":false,""STRICT_ITEM_ONLY"":false},""bucket"":""MULTIPLE_DIFF_TYPES"",""discrepancyTypes"":[""CUSTOMER_OR_DATE_DIFF"",""FINANCIAL_DIFF"",""CONTENT_DIFF_NO_FINANCIAL_CHANGE""],""fieldMatches"":{""CUSTOMER_MATCH"":false,""DATE_MATCH"":true,""DOC_NUMBER_MATCH"":false,""LINE_COUNT_MATCH"":false,""PRODUCT_SERVICE_MATCH"":null,""DESCRIPTION_MATCH"":false,""QTY_MATCH"":false,""UNIT_PRICE_MATCH"":false,""LINE_AMOUNT_MATCH"":false,""SUBTOTAL_MATCH"":false,""GST_MATCH"":false,""TOTAL_MATCH"":false,""BALANCE_MATCH"":true,""PAYMENT_STATE_MATCH"":true},""customerComparison"":""UNRESOLVED_ELSET_CUSTOMER_NOT_CONFIRMED_WRONG_CUSTOMER"",""monetaryDifferences"":[{""field"":""subtotal"",""elset"":186000,""quickbooks"":65000,""unit"":""AUD cents""},{""field"":""gst"",""elset"":18600,""quickbooks"":6500,""unit"":""AUD cents""},{""field"":""total"",""elset"":204600,""quickbooks"":71500,""unit"":""AUD cents""},{""field"":""paid_vs_inferred_paid"",""elset"":204600,""quickbooks"":71500,""unit"":""AUD cents""},{""field"":""unit_price"",""position"":1,""elset"":470000000,""quickbooks"":650000000,""unit"":""AUD millionths""},{""field"":""line_amount"",""position"":1,""elset"":47000,""quickbooks"":65000,""unit"":""AUD cents""},{""field"":""unit_price"",""position"":2,""elset"":1390000000,""quickbooks"":null,""unit"":""AUD millionths""},{""field"":""line_amount"",""position"":2,""elset"":139000,""quickbooks"":null,""unit"":""AUD cents""}],""lines"":[{""position"":1,""qbPosition"":1,""lineAlignment"":""POSITION_REQUIRES_REVIEW"",""elsetLineId"":""servicem8-material-019fefd5-425d-7eaa-947c-086c0b03417d"",""priceListItemId"":"""",""elsetDescription"":""Supply and install New DEA 24N control board"",""qbDescription"":""Eco RDO - INCL 2x handsets and 1 wall remote"",""expectedItem"":{""id"":""123"",""name"":""ELSET Services"",""incomeAccountId"":""9"",""status"":""FALLBACK"",""reason"":""Saved line has no priceListItemId; the new model uses the configured fallback."",""comparisonKnown"":true,""accountEligibility"":""NOT_REVALIDATED_ARCHIVE_HAS_NO_ACCOUNT_ENTITY""},""qbItemId"":""101"",""qbItemName"":""ECO-RDO"",""qbIncomeAccountId"":""16"",""qbIncomeAccountName"":""Billable Expense Income ( 16 )"",""elsetQuantityMicros"":1000000,""qbQuantityMicros"":1000000,""elsetUnitPriceMicros"":470000000,""qbUnitPriceMicros"":650000000,""elsetLineAmountCents"":47000,""qbLineAmountCents"":65000,""DESCRIPTION_DIFF"":true,""DESCRIPTION_FORMAT_ONLY"":false,""DESCRIPTION_CONTENT_DIFF"":true,""PRODUCT_SERVICE_DIFF"":true,""PRODUCT_SERVICE_COMPARISON_UNKNOWN"":false,""INCOME_ACCOUNT_DIFF"":true,""QTY_DIFF"":false,""UNIT_PRICE_DIFF"":true,""LINE_AMOUNT_DIFF"":true},{""position"":2,""qbPosition"":2,""lineAlignment"":""POSITION_REQUIRES_REVIEW"",""elsetLineId"":""servicem8-material-019fefd5-c188-7eaa-947d-d568b795a75d"",""priceListItemId"":"""",""elsetDescription"":""Supply and installation of Automation system for garage doo2 24v DEA LIVI 502"",""qbDescription"":null,""expectedItem"":{""id"":""123"",""name"":""ELSET Services"",""incomeAccountId"":""9"",""status"":""FALLBACK"",""reason"":""Saved line has no priceListItemId; the new model uses the configured fallback."",""comparisonKnown"":true,""accountEligibility"":""NOT_REVALIDATED_ARCHIVE_HAS_NO_ACCOUNT_ENTITY""},""qbItemId"":"""",""qbItemName"":"""",""qbIncomeAccountId"":"""",""qbIncomeAccountName"":"""",""elsetQuantityMicros"":1000000,""qbQuantityMicros"":null,""elsetUnitPriceMicros"":1390000000,""qbUnitPriceMicros"":null,""elsetLineAmountCents"":139000,""qbLineAmountCents"":null,""DESCRIPTION_DIFF"":true,""DESCRIPTION_FORMAT_ONLY"":false,""DESCRIPTION_CONTENT_DIFF"":true,""PRODUCT_SERVICE_DIFF"":false,""PRODUCT_SERVICE_COMPARISON_UNKNOWN"":true,""INCOME_ACCOUNT_DIFF"":false,""QTY_DIFF"":true,""UNIT_PRICE_DIFF"":true,""LINE_AMOUNT_DIFF"":true}],""qbPrivateNote"":"""",""qbCustomerMemo"":""Supply and Install new ECO roller door opener INCL 2 handsets and one wall remote"",""qbEmailStatus"":""EmailSent"",""weakReasons"":[""FIRST_PASS_NUMBER_VARIANT_ONLY""]}]","[""PHASE_4""]","RESOLVE_MISSING_INVOICE_REVIEW"
"INV-0240","servicem8-job-019fefdc-664c-7eaa-947d-031b5a443e3d:invoice","Smile Constructions Pty Ltd","2026-08-11","65000","6500","71500","71500","0","","MULTIPLE_QB_CANDIDATES","REVIEW_CONFLICT","NOT_IN_DIFFERENT_COHORT","","","","","","","","","","","","","","","","","","","","","","","","","","","","","","","","","","","","","","","","","","","","{""id"":""77"",""candidates"":[""77""],""mapped"":false,""safe"":true,""state"":""MATCHED"",""reason"":""Existing mapping, exact marker or unique exact normalized customer identity.""}","CLEAR_CANONICAL_CANDIDATE","278","MATCHING_PAYMENT_STATE","","","","","[""PHASE_3"",""PHASE_4""]","REVIEW_ONLY"
"INV-0242","servicem8-job-019ff849-8b27-7eaa-947d-0b2d7b5753dd:invoice","YOUR owners corporation","2026-08-13","136000","13600","149600","149600","0","","MULTIPLE_QB_CANDIDATES","REVIEW_CONFLICT","NOT_IN_DIFFERENT_COHORT","","","","","","","","","","","","","","","","","","","","","","","","","","","","","","","","","","","","","","","","","","","","{""id"":""6"",""candidates"":[""6""],""mapped"":true,""safe"":true,""state"":""MATCHED"",""reason"":""Existing mapping, exact marker or unique exact normalized customer identity.""}","REVIEW_REQUIRED","","OTHER","","","","","[""PHASE_3"",""PHASE_4""]","REVIEW_ONLY"
"INV-0243","servicem8-job-019ff96c-f7e2-7eaa-947c-ac7fb547723d:invoice","YOUR owners corporation","2026-08-13","67000","6700","73700","73700","0","","MULTIPLE_QB_CANDIDATES","REVIEW_CONFLICT","NOT_IN_DIFFERENT_COHORT","","","","","","","","","","","","","","","","","","","","","","","","","","","","","","","","","","","","","","","","","","","","{""id"":""6"",""candidates"":[""6""],""mapped"":true,""safe"":true,""state"":""MATCHED"",""reason"":""Existing mapping, exact marker or unique exact normalized customer identity.""}","CLEAR_CANONICAL_CANDIDATE","343","MATCHING_PAYMENT_STATE","","","","","[""PHASE_3"",""PHASE_4""]","REVIEW_ONLY"
"INV-0244","servicem8-job-019ff96e-b8a4-7eaa-947c-f700c4a1c8dd:invoice","YOUR owners corporation","2026-08-13","90500","9050","99550","99550","0","","MISSING_IN_QB","REVIEW_CONFLICT","NOT_IN_DIFFERENT_COHORT","","","","","","","","","","","","","","","","","","","","","","","","","","","","","","","","","","","","","","","","","","","","{""id"":""6"",""candidates"":[""6""],""mapped"":true,""safe"":true,""state"":""MATCHED"",""reason"":""Existing mapping, exact marker or unique exact normalized customer identity.""}","REVIEW_REQUIRED","","OTHER","POSSIBLE_EXISTING_QB_RECORD","Weak number/content/amount evidence could represent an existing invoice. Resolve every candidate before creating.","Only uncorroborated legacy number candidates; no mapped, marked, exact-number or sufficiently corroborated content counterpart.","[{""qbId"":""344"",""qbDocNumber"":""244"",""qbCustomerId"":""93"",""qbCustomer"":""MKS PROJECTS"",""qbDate"":""2026-08-13"",""qbDueDate"":""2026-08-20"",""qbSubtotalCents"":400000,""qbGstCents"":40000,""qbTotalCents"":440000,""qbBalanceCents"":0,""qbInferredPaidCents"":440000,""elsetBalanceCents"":0,""elsetPaymentState"":""PAID"",""qbPaymentState"":""PAID"",""linkedTransactions"":[{""type"":""Payment"",""id"":""345"",""via"":""payment allocation""}],""linkedTransactionTypes"":[""Payment""],""linkedPayments"":[{""id"":""345"",""date"":""2026-08-18"",""customerId"":""93"",""totalCents"":440000,""unappliedCents"":0,""allocations"":[{""amountCents"":440000,""links"":[{""TxnId"":""344"",""TxnType"":""Invoice""}]}],""metadata"":{""CreateTime"":""2026-08-19T00:27:19-07:00"",""LastUpdatedTime"":""2026-08-19T00:27:19-07:00""}}],""qbDepositCents"":0,""protectedAccountingState"":true,""createdAt"":""2026-08-12T21:49:46-07:00"",""updatedAt"":""2026-08-19T00:27:29-07:00"",""syncToken"":""2"",""existingLocalMappings"":[],""otherLocalClaims"":[{""invoiceNumber"":""INV-0245"",""mapped"":false,""evidence"":[""EXACT_CUSTOMER_DATE_LINES_TOTALS"",""SAME_CUSTOMER_DATE_TOTAL_DESCRIPTIONS""],""businessContentMatch"":true}],""mappedToThisInvoice"":false,""firstPassEvidence"":[""NUMBER_VARIANT_ONLY""],""businessMatch"":false,""identitySafe"":false,""flags"":{""CUSTOMER_DIFF"":true,""DATE_DIFF"":false,""DOC_NUMBER_DIFF"":true,""DOC_NUMBER_FORMAT_ONLY"":true,""DOC_NUMBER_CONTENT_DIFF"":false,""LINE_COUNT_DIFF"":true,""LINE_ORDER_DIFF"":false,""PRODUCT_SERVICE_DIFF"":true,""PRODUCT_SERVICE_COMPARISON_UNKNOWN"":true,""INCOME_ACCOUNT_DIFF"":true,""DESCRIPTION_DIFF"":true,""DESCRIPTION_CONTENT_DIFF"":true,""QTY_DIFF"":true,""UNIT_PRICE_DIFF"":true,""LINE_AMOUNT_DIFF"":true,""DESCRIPTION_FORMAT_ONLY"":false,""HAS_DESCRIPTION_FORMAT_DIFFERENCE"":false,""SUBTOTAL_DIFF"":true,""GST_DIFF"":true,""TOTAL_DIFF"":true,""BALANCE_DIFF"":false,""PAYMENT_STATE_DIFF"":false,""CURRENCY_DIFF"":false,""UNSUPPORTED_CONTENT"":false,""HISTORICAL_ITEM_DIFFERENCE_ONLY"":false,""STRICT_ITEM_ONLY"":false},""bucket"":""MULTIPLE_DIFF_TYPES"",""discrepancyTypes"":[""CUSTOMER_OR_DATE_DIFF"",""FINANCIAL_DIFF"",""CONTENT_DIFF_NO_FINANCIAL_CHANGE""],""fieldMatches"":{""CUSTOMER_MATCH"":false,""DATE_MATCH"":true,""DOC_NUMBER_MATCH"":false,""LINE_COUNT_MATCH"":false,""PRODUCT_SERVICE_MATCH"":null,""DESCRIPTION_MATCH"":false,""QTY_MATCH"":false,""UNIT_PRICE_MATCH"":false,""LINE_AMOUNT_MATCH"":false,""SUBTOTAL_MATCH"":false,""GST_MATCH"":false,""TOTAL_MATCH"":false,""BALANCE_MATCH"":true,""PAYMENT_STATE_MATCH"":true},""customerComparison"":""RESOLVED_ID_COMPARISON"",""monetaryDifferences"":[{""field"":""subtotal"",""elset"":90500,""quickbooks"":400000,""unit"":""AUD cents""},{""field"":""gst"",""elset"":9050,""quickbooks"":40000,""unit"":""AUD cents""},{""field"":""total"",""elset"":99550,""quickbooks"":440000,""unit"":""AUD cents""},{""field"":""paid_vs_inferred_paid"",""elset"":99550,""quickbooks"":440000,""unit"":""AUD cents""},{""field"":""unit_price"",""position"":1,""elset"":585000000,""quickbooks"":4000000000,""unit"":""AUD millionths""},{""field"":""line_amount"",""position"":1,""elset"":58500,""quickbooks"":400000,""unit"":""AUD cents""},{""field"":""unit_price"",""position"":2,""elset"":320000000,""quickbooks"":null,""unit"":""AUD millionths""},{""field"":""line_amount"",""position"":2,""elset"":32000,""quickbooks"":null,""unit"":""AUD cents""}],""lines"":[{""position"":1,""qbPosition"":1,""lineAlignment"":""POSITION_REQUIRES_REVIEW"",""elsetLineId"":""servicem8-material-019ff96e-b8b2-7eaa-947c-0992e2b5ad6d"",""priceListItemId"":"""",""elsetDescription"":""Replace damaged electronic module of P.E beams."",""qbDescription"":""Double swing gate automation system, 5 X REMOTE CONTROLS and RECIEVER."",""expectedItem"":{""id"":""123"",""name"":""ELSET Services"",""incomeAccountId"":""9"",""status"":""FALLBACK"",""reason"":""Saved line has no priceListItemId; the new model uses the configured fallback."",""comparisonKnown"":true,""accountEligibility"":""NOT_REVALIDATED_ARCHIVE_HAS_NO_ACCOUNT_ENTITY""},""qbItemId"":""120"",""qbItemName"":""DEA GEKO"",""qbIncomeAccountId"":""16"",""qbIncomeAccountName"":""Billable Expense Income ( 16 )"",""elsetQuantityMicros"":1000000,""qbQuantityMicros"":1000000,""elsetUnitPriceMicros"":585000000,""qbUnitPriceMicros"":4000000000,""elsetLineAmountCents"":58500,""qbLineAmountCents"":400000,""DESCRIPTION_DIFF"":true,""DESCRIPTION_FORMAT_ONLY"":false,""DESCRIPTION_CONTENT_DIFF"":true,""PRODUCT_SERVICE_DIFF"":true,""PRODUCT_SERVICE_COMPARISON_UNKNOWN"":false,""INCOME_ACCOUNT_DIFF"":true,""QTY_DIFF"":false,""UNIT_PRICE_DIFF"":true,""LINE_AMOUNT_DIFF"":true},{""position"":2,""qbPosition"":2,""lineAlignment"":""POSITION_REQUIRES_REVIEW"",""elsetLineId"":""servicem8-material-019ff96f-940e-7eaa-947c-d5e42e8995bd"",""priceListItemId"":"""",""elsetDescription"":""Repairs on pedestrian door , fixed with new reinforced metal plate on handle."",""qbDescription"":null,""expectedItem"":{""id"":""123"",""name"":""ELSET Services"",""incomeAccountId"":""9"",""status"":""FALLBACK"",""reason"":""Saved line has no priceListItemId; the new model uses the configured fallback."",""comparisonKnown"":true,""accountEligibility"":""NOT_REVALIDATED_ARCHIVE_HAS_NO_ACCOUNT_ENTITY""},""qbItemId"":"""",""qbItemName"":"""",""qbIncomeAccountId"":"""",""qbIncomeAccountName"":"""",""elsetQuantityMicros"":1000000,""qbQuantityMicros"":null,""elsetUnitPriceMicros"":320000000,""qbUnitPriceMicros"":null,""elsetLineAmountCents"":32000,""qbLineAmountCents"":null,""DESCRIPTION_DIFF"":true,""DESCRIPTION_FORMAT_ONLY"":false,""DESCRIPTION_CONTENT_DIFF"":true,""PRODUCT_SERVICE_DIFF"":false,""PRODUCT_SERVICE_COMPARISON_UNKNOWN"":true,""INCOME_ACCOUNT_DIFF"":false,""QTY_DIFF"":true,""UNIT_PRICE_DIFF"":true,""LINE_AMOUNT_DIFF"":true}],""qbPrivateNote"":"""",""qbCustomerMemo"":""Supply and installation of double swing gate automation system.\nRemote control receiver for garage door.\n5x remote controls\n2 years guarantee"",""qbEmailStatus"":""EmailSent"",""weakReasons"":[""FIRST_PASS_NUMBER_VARIANT_ONLY""]}]","[""PHASE_4""]","RESOLVE_MISSING_INVOICE_REVIEW"
"INV-0245","servicem8-job-019ff971-6e3b-7eaa-947d-befdddc0b51d:invoice","MKS PROJECTS","2026-08-13","400000","40000","440000","440000","0","","MULTIPLE_QB_CANDIDATES","REVIEW_CONFLICT","NOT_IN_DIFFERENT_COHORT","","","","","","","","","","","","","","","","","","","","","","","","","","","","","","","","","","","","","","","","","","","","{""id"":""93"",""candidates"":[""93""],""mapped"":false,""safe"":true,""state"":""MATCHED"",""reason"":""Existing mapping, exact marker or unique exact normalized customer identity.""}","CLEAR_CANONICAL_CANDIDATE","344","MATCHING_PAYMENT_STATE","","","","","[""PHASE_3"",""PHASE_4""]","REVIEW_ONLY"
"INV-0246","servicem8-job-019ff975-b4f8-7eaa-947d-f292538d600d:invoice","YOUR owners corporation","2026-08-17","420000","42000","462000","462000","0","","MISSING_IN_QB","CREATE_QB_INVOICE","NOT_IN_DIFFERENT_COHORT","","","","","","","","","","","","","","","","","","","","","","","","","","","","","","","","","","","","","","","","","","","","{""id"":""6"",""candidates"":[""6""],""mapped"":true,""safe"":true,""state"":""MATCHED"",""reason"":""Existing mapping, exact marker or unique exact normalized customer identity.""}","REVIEW_REQUIRED","","OTHER","REVIEW_BEFORE_CREATE","No archived counterpart found, but ELSET has recorded payments. Creating an unpaid QB invoice needs accounting/payment review first.","No mapped, marked, exact-number or sufficiently corroborated content counterpart in the first pass.","[]","[""PHASE_4""]","RESOLVE_MISSING_INVOICE_REVIEW"
"INV-0233","servicem8-job-019fcb0f-7498-7eaa-947d-5e2753b3896d:invoice","ROSS-HUNT real estate","2026-08-19","62000","6200","68200","68200","0","","MISSING_IN_QB","REVIEW_CONFLICT","NOT_IN_DIFFERENT_COHORT","","","","","","","","","","","","","","","","","","","","","","","","","","","","","","","","","","","","","","","","","","","","{""id"":""75"",""candidates"":[""75""],""mapped"":false,""safe"":true,""state"":""MATCHED"",""reason"":""Existing mapping, exact marker or unique exact normalized customer identity.""}","REVIEW_REQUIRED","","OTHER","POSSIBLE_EXISTING_QB_RECORD","Weak number/content/amount evidence could represent an existing invoice. Resolve every candidate before creating.","Only uncorroborated legacy number candidates; no mapped, marked, exact-number or sufficiently corroborated content counterpart.","[{""qbId"":""254"",""qbDocNumber"":""233"",""qbCustomerId"":""75"",""qbCustomer"":""ROSS-HUNT real estate"",""qbDate"":""2026-08-04"",""qbDueDate"":""2026-08-11"",""qbSubtotalCents"":60000,""qbGstCents"":6000,""qbTotalCents"":66000,""qbBalanceCents"":0,""qbInferredPaidCents"":66000,""elsetBalanceCents"":0,""elsetPaymentState"":""PAID"",""qbPaymentState"":""PAID"",""linkedTransactions"":[{""type"":""Payment"",""id"":""258"",""via"":""payment allocation""}],""linkedTransactionTypes"":[""Payment""],""linkedPayments"":[{""id"":""258"",""date"":""2026-08-06"",""customerId"":""75"",""totalCents"":66000,""unappliedCents"":0,""allocations"":[{""amountCents"":66000,""links"":[{""TxnId"":""254"",""TxnType"":""Invoice""}]}],""metadata"":{""CreateTime"":""2026-08-06T17:30:48-07:00"",""LastUpdatedTime"":""2026-08-06T17:30:48-07:00""}}],""qbDepositCents"":0,""protectedAccountingState"":true,""createdAt"":""2026-08-03T21:43:55-07:00"",""updatedAt"":""2026-08-06T17:32:43-07:00"",""syncToken"":""2"",""existingLocalMappings"":[],""otherLocalClaims"":[{""invoiceNumber"":""INV-0234"",""mapped"":false,""evidence"":[""EXACT_CUSTOMER_DATE_LINES_TOTALS"",""SAME_CUSTOMER_DATE_TOTAL_DESCRIPTIONS""],""businessContentMatch"":true}],""mappedToThisInvoice"":false,""firstPassEvidence"":[""NUMBER_VARIANT_ONLY""],""businessMatch"":false,""identitySafe"":false,""flags"":{""CUSTOMER_DIFF"":false,""DATE_DIFF"":true,""DOC_NUMBER_DIFF"":true,""DOC_NUMBER_FORMAT_ONLY"":true,""DOC_NUMBER_CONTENT_DIFF"":false,""LINE_COUNT_DIFF"":true,""LINE_ORDER_DIFF"":false,""PRODUCT_SERVICE_DIFF"":true,""PRODUCT_SERVICE_COMPARISON_UNKNOWN"":true,""INCOME_ACCOUNT_DIFF"":true,""DESCRIPTION_DIFF"":true,""DESCRIPTION_CONTENT_DIFF"":true,""QTY_DIFF"":true,""UNIT_PRICE_DIFF"":true,""LINE_AMOUNT_DIFF"":true,""DESCRIPTION_FORMAT_ONLY"":false,""HAS_DESCRIPTION_FORMAT_DIFFERENCE"":false,""SUBTOTAL_DIFF"":true,""GST_DIFF"":true,""TOTAL_DIFF"":true,""BALANCE_DIFF"":false,""PAYMENT_STATE_DIFF"":false,""CURRENCY_DIFF"":false,""UNSUPPORTED_CONTENT"":false,""HISTORICAL_ITEM_DIFFERENCE_ONLY"":false,""STRICT_ITEM_ONLY"":false},""bucket"":""MULTIPLE_DIFF_TYPES"",""discrepancyTypes"":[""CUSTOMER_OR_DATE_DIFF"",""FINANCIAL_DIFF"",""CONTENT_DIFF_NO_FINANCIAL_CHANGE""],""fieldMatches"":{""CUSTOMER_MATCH"":true,""DATE_MATCH"":false,""DOC_NUMBER_MATCH"":false,""LINE_COUNT_MATCH"":false,""PRODUCT_SERVICE_MATCH"":null,""DESCRIPTION_MATCH"":false,""QTY_MATCH"":false,""UNIT_PRICE_MATCH"":false,""LINE_AMOUNT_MATCH"":false,""SUBTOTAL_MATCH"":false,""GST_MATCH"":false,""TOTAL_MATCH"":false,""BALANCE_MATCH"":true,""PAYMENT_STATE_MATCH"":true},""customerComparison"":""RESOLVED_ID_COMPARISON"",""monetaryDifferences"":[{""field"":""subtotal"",""elset"":62000,""quickbooks"":60000,""unit"":""AUD cents""},{""field"":""gst"",""elset"":6200,""quickbooks"":6000,""unit"":""AUD cents""},{""field"":""total"",""elset"":68200,""quickbooks"":66000,""unit"":""AUD cents""},{""field"":""paid_vs_inferred_paid"",""elset"":68200,""quickbooks"":66000,""unit"":""AUD cents""},{""field"":""line_amount"",""position"":2,""elset"":28000,""quickbooks"":35000,""unit"":""AUD cents""},{""field"":""unit_price"",""position"":3,""elset"":90000000,""quickbooks"":null,""unit"":""AUD millionths""},{""field"":""line_amount"",""position"":3,""elset"":9000,""quickbooks"":null,""unit"":""AUD cents""}],""lines"":[{""position"":1,""qbPosition"":1,""lineAlignment"":""POSITION_REQUIRES_REVIEW"",""elsetLineId"":""servicem8-material-019fcb0f-e6bc-7eaa-947c-f2056e34f23d"",""priceListItemId"":"""",""elsetDescription"":""Service Call out ."",""qbDescription"":""Service Call out ."",""expectedItem"":{""id"":""123"",""name"":""ELSET Services"",""incomeAccountId"":""9"",""status"":""FALLBACK"",""reason"":""Saved line has no priceListItemId; the new model uses the configured fallback."",""comparisonKnown"":true,""accountEligibility"":""NOT_REVALIDATED_ARCHIVE_HAS_NO_ACCOUNT_ENTITY""},""qbItemId"":""8"",""qbItemName"":""SCO-001"",""qbIncomeAccountId"":""16"",""qbIncomeAccountName"":""Billable Expense Income ( 16 )"",""elsetQuantityMicros"":1000000,""qbQuantityMicros"":1000000,""elsetUnitPriceMicros"":250000000,""qbUnitPriceMicros"":250000000,""elsetLineAmountCents"":25000,""qbLineAmountCents"":25000,""DESCRIPTION_DIFF"":false,""DESCRIPTION_FORMAT_ONLY"":false,""DESCRIPTION_CONTENT_DIFF"":false,""PRODUCT_SERVICE_DIFF"":true,""PRODUCT_SERVICE_COMPARISON_UNKNOWN"":false,""INCOME_ACCOUNT_DIFF"":true,""QTY_DIFF"":false,""UNIT_PRICE_DIFF"":false,""LINE_AMOUNT_DIFF"":false},{""position"":2,""qbPosition"":2,""lineAlignment"":""POSITION_REQUIRES_REVIEW"",""elsetLineId"":""servicem8-material-019fcb11-96b8-7eaa-947c-1f699c28aead"",""priceListItemId"":"""",""elsetDescription"":""Remote control"",""qbDescription"":""Remote control"",""expectedItem"":{""id"":""123"",""name"":""ELSET Services"",""incomeAccountId"":""9"",""status"":""FALLBACK"",""reason"":""Saved line has no priceListItemId; the new model uses the configured fallback."",""comparisonKnown"":true,""accountEligibility"":""NOT_REVALIDATED_ARCHIVE_HAS_NO_ACCOUNT_ENTITY""},""qbItemId"":""4"",""qbItemName"":""RC-001"",""qbIncomeAccountId"":""16"",""qbIncomeAccountName"":""Billable Expense Income ( 16 )"",""elsetQuantityMicros"":4000000,""qbQuantityMicros"":5000000,""elsetUnitPriceMicros"":70000000,""qbUnitPriceMicros"":70000000,""elsetLineAmountCents"":28000,""qbLineAmountCents"":35000,""DESCRIPTION_DIFF"":false,""DESCRIPTION_FORMAT_ONLY"":false,""DESCRIPTION_CONTENT_DIFF"":false,""PRODUCT_SERVICE_DIFF"":true,""PRODUCT_SERVICE_COMPARISON_UNKNOWN"":false,""INCOME_ACCOUNT_DIFF"":true,""QTY_DIFF"":true,""UNIT_PRICE_DIFF"":false,""LINE_AMOUNT_DIFF"":true},{""position"":3,""qbPosition"":3,""lineAlignment"":""POSITION_REQUIRES_REVIEW"",""elsetLineId"":""servicem8-material-01a018e2-ca59-7eaa-947d-03d4329a92dd"",""priceListItemId"":"""",""elsetDescription"":""Services"",""qbDescription"":null,""expectedItem"":{""id"":""123"",""name"":""ELSET Services"",""incomeAccountId"":""9"",""status"":""FALLBACK"",""reason"":""Saved line has no priceListItemId; the new model uses the configured fallback."",""comparisonKnown"":true,""accountEligibility"":""NOT_REVALIDATED_ARCHIVE_HAS_NO_ACCOUNT_ENTITY""},""qbItemId"":"""",""qbItemName"":"""",""qbIncomeAccountId"":"""",""qbIncomeAccountName"":"""",""elsetQuantityMicros"":1000000,""qbQuantityMicros"":null,""elsetUnitPriceMicros"":90000000,""qbUnitPriceMicros"":null,""elsetLineAmountCents"":9000,""qbLineAmountCents"":null,""DESCRIPTION_DIFF"":true,""DESCRIPTION_FORMAT_ONLY"":false,""DESCRIPTION_CONTENT_DIFF"":true,""PRODUCT_SERVICE_DIFF"":false,""PRODUCT_SERVICE_COMPARISON_UNKNOWN"":true,""INCOME_ACCOUNT_DIFF"":false,""QTY_DIFF"":true,""UNIT_PRICE_DIFF"":true,""LINE_AMOUNT_DIFF"":true}],""qbPrivateNote"":"""",""qbCustomerMemo"":""Service call out\nCheck over system\nLubricate \nPostage\nSupply and program 5 x remote controls"",""qbEmailStatus"":""EmailSent"",""weakReasons"":[""FIRST_PASS_NUMBER_VARIANT_ONLY""]}]","[""PHASE_4""]","RESOLVE_MISSING_INVOICE_REVIEW"
"INV-0249","servicem8-job-01a03b51-3c9c-7eaa-947c-e9540b3cbd9d:invoice","George & Heidi Koumantatakis","2026-08-26","538000","53800","591800","385000","206800","352","EXACT_MATCH","NONE","PAYMENT_ONLY_DIFF","false","false","false","false","false","false","false","false","false","false","false","false","true","true","false","false","false","false","false","false","false","false","false","352","INV-0249","George & Heidi Koumantatakis [93bb5b84cdb4f3d0]","96","2026-08-26","538000","53800","591800","591800","0","[]","[]","[]","2026-09-21T19:05:33-07:00","2026-09-21T19:05:33-07:00","[{""invoiceId"":""servicem8-job-01a03b51-3c9c-7eaa-947c-e9540b3cbd9d:invoice"",""invoiceNumber"":""INV-0249""}]","[]","{""CUSTOMER_MATCH"":true,""DATE_MATCH"":true,""DOC_NUMBER_MATCH"":true,""LINE_COUNT_MATCH"":true,""PRODUCT_SERVICE_MATCH"":true,""DESCRIPTION_MATCH"":true,""QTY_MATCH"":true,""UNIT_PRICE_MATCH"":true,""LINE_AMOUNT_MATCH"":true,""SUBTOTAL_MATCH"":true,""GST_MATCH"":true,""TOTAL_MATCH"":true,""BALANCE_MATCH"":false,""PAYMENT_STATE_MATCH"":false}","[{""field"":""balance"",""elset"":206800,""quickbooks"":591800,""unit"":""AUD cents""},{""field"":""paid_vs_inferred_paid"",""elset"":385000,""quickbooks"":0,""unit"":""AUD cents""}]","[{""position"":1,""qbPosition"":1,""lineAlignment"":""EXACT_CONTENT_BIJECTION"",""elsetLineId"":""servicem8-material-01a03b51-3ca8-7eaa-947d-f88471278e0d"",""priceListItemId"":"""",""elsetDescription"":""Repair and update access security system."",""qbDescription"":""Repair and update access security system."",""expectedItem"":{""id"":""123"",""name"":""ELSET Services"",""incomeAccountId"":""9"",""status"":""FALLBACK"",""reason"":""Saved line has no priceListItemId; the new model uses the configured fallback."",""comparisonKnown"":true,""accountEligibility"":""NOT_REVALIDATED_ARCHIVE_HAS_NO_ACCOUNT_ENTITY""},""qbItemId"":""123"",""qbItemName"":""ELSET Services"",""qbIncomeAccountId"":""9"",""qbIncomeAccountName"":""Services"",""elsetQuantityMicros"":1000000,""qbQuantityMicros"":1000000,""elsetUnitPriceMicros"":5380000000,""qbUnitPriceMicros"":5380000000,""elsetLineAmountCents"":538000,""qbLineAmountCents"":538000,""DESCRIPTION_DIFF"":false,""DESCRIPTION_FORMAT_ONLY"":false,""DESCRIPTION_CONTENT_DIFF"":false,""PRODUCT_SERVICE_DIFF"":false,""PRODUCT_SERVICE_COMPARISON_UNKNOWN"":false,""INCOME_ACCOUNT_DIFF"":false,""QTY_DIFF"":false,""UNIT_PRICE_DIFF"":false,""LINE_AMOUNT_DIFF"":false},{""position"":2,""qbPosition"":2,""lineAlignment"":""EXACT_CONTENT_BIJECTION"",""elsetLineId"":""servicem8-material-01a03b55-0e47-7eaa-947d-73793963051d"",""priceListItemId"":"""",""elsetDescription"":""Replace vadalised secuirty keypad"",""qbDescription"":""Replace vadalised secuirty keypad"",""expectedItem"":{""id"":""123"",""name"":""ELSET Services"",""incomeAccountId"":""9"",""status"":""FALLBACK"",""reason"":""Saved line has no priceListItemId; the new model uses the configured fallback."",""comparisonKnown"":true,""accountEligibility"":""NOT_REVALIDATED_ARCHIVE_HAS_NO_ACCOUNT_ENTITY""},""qbItemId"":""123"",""qbItemName"":""ELSET Services"",""qbIncomeAccountId"":""9"",""qbIncomeAccountName"":""Services"",""elsetQuantityMicros"":1000000,""qbQuantityMicros"":1000000,""elsetUnitPriceMicros"":0,""qbUnitPriceMicros"":0,""elsetLineAmountCents"":0,""qbLineAmountCents"":0,""DESCRIPTION_DIFF"":false,""DESCRIPTION_FORMAT_ONLY"":false,""DESCRIPTION_CONTENT_DIFF"":false,""PRODUCT_SERVICE_DIFF"":false,""PRODUCT_SERVICE_COMPARISON_UNKNOWN"":false,""INCOME_ACCOUNT_DIFF"":false,""QTY_DIFF"":false,""UNIT_PRICE_DIFF"":false,""LINE_AMOUNT_DIFF"":false},{""position"":3,""qbPosition"":3,""lineAlignment"":""EXACT_CONTENT_BIJECTION"",""elsetLineId"":""servicem8-material-01a03b55-d8ef-7eaa-947d-b750a0decdad"",""priceListItemId"":"""",""elsetDescription"":""Remote control and recievers on 2 gates and garage door."",""qbDescription"":""Remote control and recievers on 2 gates and garage door."",""expectedItem"":{""id"":""123"",""name"":""ELSET Services"",""incomeAccountId"":""9"",""status"":""FALLBACK"",""reason"":""Saved line has no priceListItemId; the new model uses the configured fallback."",""comparisonKnown"":true,""accountEligibility"":""NOT_REVALIDATED_ARCHIVE_HAS_NO_ACCOUNT_ENTITY""},""qbItemId"":""123"",""qbItemName"":""ELSET Services"",""qbIncomeAccountId"":""9"",""qbIncomeAccountName"":""Services"",""elsetQuantityMicros"":6000000,""qbQuantityMicros"":6000000,""elsetUnitPriceMicros"":0,""qbUnitPriceMicros"":0,""elsetLineAmountCents"":0,""qbLineAmountCents"":0,""DESCRIPTION_DIFF"":false,""DESCRIPTION_FORMAT_ONLY"":false,""DESCRIPTION_CONTENT_DIFF"":false,""PRODUCT_SERVICE_DIFF"":false,""PRODUCT_SERVICE_COMPARISON_UNKNOWN"":false,""INCOME_ACCOUNT_DIFF"":false,""QTY_DIFF"":false,""UNIT_PRICE_DIFF"":false,""LINE_AMOUNT_DIFF"":false},{""position"":4,""qbPosition"":4,""lineAlignment"":""EXACT_CONTENT_BIJECTION"",""elsetLineId"":""servicem8-material-01a03b56-09fa-7eaa-947c-4160dfe436dd"",""priceListItemId"":"""",""elsetDescription"":""Repair garage door automation system. Replace chain drive runner."",""qbDescription"":""Repair garage door automation system. Replace chain drive runner."",""expectedItem"":{""id"":""123"",""name"":""ELSET Services"",""incomeAccountId"":""9"",""status"":""FALLBACK"",""reason"":""Saved line has no priceListItemId; the new model uses the configured fallback."",""comparisonKnown"":true,""accountEligibility"":""NOT_REVALIDATED_ARCHIVE_HAS_NO_ACCOUNT_ENTITY""},""qbItemId"":""123"",""qbItemName"":""ELSET Services"",""qbIncomeAccountId"":""9"",""qbIncomeAccountName"":""Services"",""elsetQuantityMicros"":1000000,""qbQuantityMicros"":1000000,""elsetUnitPriceMicros"":0,""qbUnitPriceMicros"":0,""elsetLineAmountCents"":0,""qbLineAmountCents"":0,""DESCRIPTION_DIFF"":false,""DESCRIPTION_FORMAT_ONLY"":false,""DESCRIPTION_CONTENT_DIFF"":false,""PRODUCT_SERVICE_DIFF"":false,""PRODUCT_SERVICE_COMPARISON_UNKNOWN"":false,""INCOME_ACCOUNT_DIFF"":false,""QTY_DIFF"":false,""UNIT_PRICE_DIFF"":false,""LINE_AMOUNT_DIFF"":false},{""position"":5,""qbPosition"":5,""lineAlignment"":""EXACT_CONTENT_BIJECTION"",""elsetLineId"":""servicem8-material-01a03b56-6de6-7eaa-947d-c34eaf43756d"",""priceListItemId"":"""",""elsetDescription"":""Replace 2 garage door balancing cables."",""qbDescription"":""Replace 2 garage door balancing cables."",""expectedItem"":{""id"":""123"",""name"":""ELSET Services"",""incomeAccountId"":""9"",""status"":""FALLBACK"",""reason"":""Saved line has no priceListItemId; the new model uses the configured fallback."",""comparisonKnown"":true,""accountEligibility"":""NOT_REVALIDATED_ARCHIVE_HAS_NO_ACCOUNT_ENTITY""},""qbItemId"":""123"",""qbItemName"":""ELSET Services"",""qbIncomeAccountId"":""9"",""qbIncomeAccountName"":""Services"",""elsetQuantityMicros"":1000000,""qbQuantityMicros"":1000000,""elsetUnitPriceMicros"":0,""qbUnitPriceMicros"":0,""elsetLineAmountCents"":0,""qbLineAmountCents"":0,""DESCRIPTION_DIFF"":false,""DESCRIPTION_FORMAT_ONLY"":false,""DESCRIPTION_CONTENT_DIFF"":false,""PRODUCT_SERVICE_DIFF"":false,""PRODUCT_SERVICE_COMPARISON_UNKNOWN"":false,""INCOME_ACCOUNT_DIFF"":false,""QTY_DIFF"":false,""UNIT_PRICE_DIFF"":false,""LINE_AMOUNT_DIFF"":false}]","{""id"":""96"",""candidates"":[""96""],""mapped"":true,""safe"":true,""state"":""MATCHED"",""reason"":""Existing mapping, exact marker or unique exact normalized customer identity.""}","CLEAR_CANONICAL_CANDIDATE","352","ELSET_PARTIAL_QB_UNPAID","","","","","[""PHASE_4""]","REVIEW_ONLY"
"INV-0252","servicem8-job-01a0423e-832f-7eaa-947c-46e77ebb612d:invoice","Melbourne Auto Rental & Repairs Pty Ltd","2026-08-27","48000","4800","52800","52800","0","353","EXACT_MATCH","NONE","PAYMENT_ONLY_DIFF","false","false","false","false","false","false","false","false","false","false","false","false","true","true","false","false","false","false","false","false","false","false","false","353","INV-0252","Melbourne Auto Rental & Repairs Pty Ltd","94","2026-08-27","48000","4800","52800","52800","0","[]","[]","[]","2026-09-21T19:05:40-07:00","2026-09-21T19:05:40-07:00","[{""invoiceId"":""servicem8-job-01a0423e-832f-7eaa-947c-46e77ebb612d:invoice"",""invoiceNumber"":""INV-0252""}]","[]","{""CUSTOMER_MATCH"":true,""DATE_MATCH"":true,""DOC_NUMBER_MATCH"":true,""LINE_COUNT_MATCH"":true,""PRODUCT_SERVICE_MATCH"":true,""DESCRIPTION_MATCH"":true,""QTY_MATCH"":true,""UNIT_PRICE_MATCH"":true,""LINE_AMOUNT_MATCH"":true,""SUBTOTAL_MATCH"":true,""GST_MATCH"":true,""TOTAL_MATCH"":true,""BALANCE_MATCH"":false,""PAYMENT_STATE_MATCH"":false}","[{""field"":""balance"",""elset"":0,""quickbooks"":52800,""unit"":""AUD cents""},{""field"":""paid_vs_inferred_paid"",""elset"":52800,""quickbooks"":0,""unit"":""AUD cents""}]","[{""position"":1,""qbPosition"":1,""lineAlignment"":""EXACT_CONTENT_BIJECTION"",""elsetLineId"":""servicem8-material-01a0423e-8339-7eaa-947d-56a4d337e20d"",""priceListItemId"":"""",""elsetDescription"":""Double power point"",""qbDescription"":""Double power point"",""expectedItem"":{""id"":""123"",""name"":""ELSET Services"",""incomeAccountId"":""9"",""status"":""FALLBACK"",""reason"":""Saved line has no priceListItemId; the new model uses the configured fallback."",""comparisonKnown"":true,""accountEligibility"":""NOT_REVALIDATED_ARCHIVE_HAS_NO_ACCOUNT_ENTITY""},""qbItemId"":""123"",""qbItemName"":""ELSET Services"",""qbIncomeAccountId"":""9"",""qbIncomeAccountName"":""Services"",""elsetQuantityMicros"":3000000,""qbQuantityMicros"":3000000,""elsetUnitPriceMicros"":160000000,""qbUnitPriceMicros"":160000000,""elsetLineAmountCents"":48000,""qbLineAmountCents"":48000,""DESCRIPTION_DIFF"":false,""DESCRIPTION_FORMAT_ONLY"":false,""DESCRIPTION_CONTENT_DIFF"":false,""PRODUCT_SERVICE_DIFF"":false,""PRODUCT_SERVICE_COMPARISON_UNKNOWN"":false,""INCOME_ACCOUNT_DIFF"":false,""QTY_DIFF"":false,""UNIT_PRICE_DIFF"":false,""LINE_AMOUNT_DIFF"":false}]","{""id"":""94"",""candidates"":[""94""],""mapped"":true,""safe"":true,""state"":""MATCHED"",""reason"":""Existing mapping, exact marker or unique exact normalized customer identity.""}","REVIEW_REQUIRED","","ELSET_PAID_QB_UNPAID","","","","","[""PHASE_3"",""PHASE_4""]","REVIEW_ONLY"
"INV-0251","servicem8-job-01a03d67-0dec-7eaa-947d-747bbfb1ee1d:invoice","Barbara M","2026-08-28","910000","91000","1001000","500000","501000","354","EXACT_MATCH","NONE","PAYMENT_ONLY_DIFF","false","false","false","false","false","false","false","false","false","false","false","false","true","true","false","false","false","false","false","false","false","false","false","354","INV-0251","Barbara M [5e8cfea2765e1140]","97","2026-08-28","910000","91000","1001000","1001000","0","[]","[]","[]","2026-09-21T19:05:45-07:00","2026-09-21T19:05:45-07:00","[{""invoiceId"":""servicem8-job-01a03d67-0dec-7eaa-947d-747bbfb1ee1d:invoice"",""invoiceNumber"":""INV-0251""}]","[]","{""CUSTOMER_MATCH"":true,""DATE_MATCH"":true,""DOC_NUMBER_MATCH"":true,""LINE_COUNT_MATCH"":true,""PRODUCT_SERVICE_MATCH"":true,""DESCRIPTION_MATCH"":true,""QTY_MATCH"":true,""UNIT_PRICE_MATCH"":true,""LINE_AMOUNT_MATCH"":true,""SUBTOTAL_MATCH"":true,""GST_MATCH"":true,""TOTAL_MATCH"":true,""BALANCE_MATCH"":false,""PAYMENT_STATE_MATCH"":false}","[{""field"":""balance"",""elset"":501000,""quickbooks"":1001000,""unit"":""AUD cents""},{""field"":""paid_vs_inferred_paid"",""elset"":500000,""quickbooks"":0,""unit"":""AUD cents""}]","[{""position"":1,""qbPosition"":1,""lineAlignment"":""EXACT_CONTENT_BIJECTION"",""elsetLineId"":""servicem8-material-01a04684-281f-7eaa-947d-99e01afa905d"",""priceListItemId"":"""",""elsetDescription"":""Supply and fabricate swing gate, with in post automation system and pedestrian gate to suit."",""qbDescription"":""Supply and fabricate swing gate, with in post automation system and pedestrian gate to suit."",""expectedItem"":{""id"":""123"",""name"":""ELSET Services"",""incomeAccountId"":""9"",""status"":""FALLBACK"",""reason"":""Saved line has no priceListItemId; the new model uses the configured fallback."",""comparisonKnown"":true,""accountEligibility"":""NOT_REVALIDATED_ARCHIVE_HAS_NO_ACCOUNT_ENTITY""},""qbItemId"":""123"",""qbItemName"":""ELSET Services"",""qbIncomeAccountId"":""9"",""qbIncomeAccountName"":""Services"",""elsetQuantityMicros"":1000000,""qbQuantityMicros"":1000000,""elsetUnitPriceMicros"":9100000000,""qbUnitPriceMicros"":9100000000,""elsetLineAmountCents"":910000,""qbLineAmountCents"":910000,""DESCRIPTION_DIFF"":false,""DESCRIPTION_FORMAT_ONLY"":false,""DESCRIPTION_CONTENT_DIFF"":false,""PRODUCT_SERVICE_DIFF"":false,""PRODUCT_SERVICE_COMPARISON_UNKNOWN"":false,""INCOME_ACCOUNT_DIFF"":false,""QTY_DIFF"":false,""UNIT_PRICE_DIFF"":false,""LINE_AMOUNT_DIFF"":false}]","{""id"":""97"",""candidates"":[""97""],""mapped"":true,""safe"":true,""state"":""MATCHED"",""reason"":""Existing mapping, exact marker or unique exact normalized customer identity.""}","CLEAR_CANONICAL_CANDIDATE","354","ELSET_PARTIAL_QB_UNPAID","","","","","[""PHASE_4""]","REVIEW_ONLY"
"INV-0255","servicem8-job-01a05a13-ea71-7eaa-947d-006b0a76aa7d:invoice","YOUR owners corporation","2026-09-01","52000","5200","57200","57200","0","355","EXACT_MATCH","NONE","PAYMENT_ONLY_DIFF","false","false","false","false","false","false","false","false","false","false","false","false","true","true","false","false","false","false","false","false","false","false","false","355","INV-0255","YOUR owners corporation","6","2026-09-01","52000","5200","57200","57200","0","[]","[]","[]","2026-09-21T19:05:51-07:00","2026-09-21T19:05:51-07:00","[{""invoiceId"":""servicem8-job-01a05a13-ea71-7eaa-947d-006b0a76aa7d:invoice"",""invoiceNumber"":""INV-0255""}]","[]","{""CUSTOMER_MATCH"":true,""DATE_MATCH"":true,""DOC_NUMBER_MATCH"":true,""LINE_COUNT_MATCH"":true,""PRODUCT_SERVICE_MATCH"":true,""DESCRIPTION_MATCH"":true,""QTY_MATCH"":true,""UNIT_PRICE_MATCH"":true,""LINE_AMOUNT_MATCH"":true,""SUBTOTAL_MATCH"":true,""GST_MATCH"":true,""TOTAL_MATCH"":true,""BALANCE_MATCH"":false,""PAYMENT_STATE_MATCH"":false}","[{""field"":""balance"",""elset"":0,""quickbooks"":57200,""unit"":""AUD cents""},{""field"":""paid_vs_inferred_paid"",""elset"":57200,""quickbooks"":0,""unit"":""AUD cents""}]","[{""position"":1,""qbPosition"":1,""lineAlignment"":""EXACT_CONTENT_BIJECTION"",""elsetLineId"":""servicem8-material-01a05a13-ea7c-7eaa-947d-d1c90c98d33d"",""priceListItemId"":"""",""elsetDescription"":""After Hours Call-Out"",""qbDescription"":""After Hours Call-Out"",""expectedItem"":{""id"":""123"",""name"":""ELSET Services"",""incomeAccountId"":""9"",""status"":""FALLBACK"",""reason"":""Saved line has no priceListItemId; the new model uses the configured fallback."",""comparisonKnown"":true,""accountEligibility"":""NOT_REVALIDATED_ARCHIVE_HAS_NO_ACCOUNT_ENTITY""},""qbItemId"":""123"",""qbItemName"":""ELSET Services"",""qbIncomeAccountId"":""9"",""qbIncomeAccountName"":""Services"",""elsetQuantityMicros"":1000000,""qbQuantityMicros"":1000000,""elsetUnitPriceMicros"":520000000,""qbUnitPriceMicros"":520000000,""elsetLineAmountCents"":52000,""qbLineAmountCents"":52000,""DESCRIPTION_DIFF"":false,""DESCRIPTION_FORMAT_ONLY"":false,""DESCRIPTION_CONTENT_DIFF"":false,""PRODUCT_SERVICE_DIFF"":false,""PRODUCT_SERVICE_COMPARISON_UNKNOWN"":false,""INCOME_ACCOUNT_DIFF"":false,""QTY_DIFF"":false,""UNIT_PRICE_DIFF"":false,""LINE_AMOUNT_DIFF"":false}]","{""id"":""6"",""candidates"":[""6""],""mapped"":true,""safe"":true,""state"":""MATCHED"",""reason"":""Existing mapping, exact marker or unique exact normalized customer identity.""}","CLEAR_CANONICAL_CANDIDATE","355","ELSET_PAID_QB_UNPAID","","","","","[""PHASE_4""]","REVIEW_ONLY"
"INV-0258","servicem8-job-01a05a61-768a-7eaa-947d-0698f8819bad:invoice","YOUR owners corporation","2026-09-01","36000","3600","39600","39600","0","356","EXACT_MATCH","NONE","PAYMENT_ONLY_DIFF","false","false","false","false","false","false","false","false","false","false","false","false","true","true","false","false","false","false","false","false","false","false","false","356","INV-0258","YOUR owners corporation","6","2026-09-01","36000","3600","39600","39600","0","[]","[]","[]","2026-09-21T19:05:55-07:00","2026-09-21T19:05:55-07:00","[{""invoiceId"":""servicem8-job-01a05a61-768a-7eaa-947d-0698f8819bad:invoice"",""invoiceNumber"":""INV-0258""}]","[]","{""CUSTOMER_MATCH"":true,""DATE_MATCH"":true,""DOC_NUMBER_MATCH"":true,""LINE_COUNT_MATCH"":true,""PRODUCT_SERVICE_MATCH"":true,""DESCRIPTION_MATCH"":true,""QTY_MATCH"":true,""UNIT_PRICE_MATCH"":true,""LINE_AMOUNT_MATCH"":true,""SUBTOTAL_MATCH"":true,""GST_MATCH"":true,""TOTAL_MATCH"":true,""BALANCE_MATCH"":false,""PAYMENT_STATE_MATCH"":false}","[{""field"":""balance"",""elset"":0,""quickbooks"":39600,""unit"":""AUD cents""},{""field"":""paid_vs_inferred_paid"",""elset"":39600,""quickbooks"":0,""unit"":""AUD cents""}]","[{""position"":1,""qbPosition"":1,""lineAlignment"":""EXACT_CONTENT_BIJECTION"",""elsetLineId"":""servicem8-material-01a05a62-049f-7eaa-947c-4f0c2671692d"",""priceListItemId"":"""",""elsetDescription"":""Call out ."",""qbDescription"":""Call out ."",""expectedItem"":{""id"":""123"",""name"":""ELSET Services"",""incomeAccountId"":""9"",""status"":""FALLBACK"",""reason"":""Saved line has no priceListItemId; the new model uses the configured fallback."",""comparisonKnown"":true,""accountEligibility"":""NOT_REVALIDATED_ARCHIVE_HAS_NO_ACCOUNT_ENTITY""},""qbItemId"":""123"",""qbItemName"":""ELSET Services"",""qbIncomeAccountId"":""9"",""qbIncomeAccountName"":""Services"",""elsetQuantityMicros"":1000000,""qbQuantityMicros"":1000000,""elsetUnitPriceMicros"":250000000,""qbUnitPriceMicros"":250000000,""elsetLineAmountCents"":25000,""qbLineAmountCents"":25000,""DESCRIPTION_DIFF"":false,""DESCRIPTION_FORMAT_ONLY"":false,""DESCRIPTION_CONTENT_DIFF"":false,""PRODUCT_SERVICE_DIFF"":false,""PRODUCT_SERVICE_COMPARISON_UNKNOWN"":false,""INCOME_ACCOUNT_DIFF"":false,""QTY_DIFF"":false,""UNIT_PRICE_DIFF"":false,""LINE_AMOUNT_DIFF"":false},{""position"":2,""qbPosition"":2,""lineAlignment"":""EXACT_CONTENT_BIJECTION"",""elsetLineId"":""servicem8-material-01a05a62-9f13-7eaa-947d-cf57b080331d"",""priceListItemId"":"""",""elsetDescription"":""Labor for Repairs"",""qbDescription"":""Labor for Repairs"",""expectedItem"":{""id"":""123"",""name"":""ELSET Services"",""incomeAccountId"":""9"",""status"":""FALLBACK"",""reason"":""Saved line has no priceListItemId; the new model uses the configured fallback."",""comparisonKnown"":true,""accountEligibility"":""NOT_REVALIDATED_ARCHIVE_HAS_NO_ACCOUNT_ENTITY""},""qbItemId"":""123"",""qbItemName"":""ELSET Services"",""qbIncomeAccountId"":""9"",""qbIncomeAccountName"":""Services"",""elsetQuantityMicros"":1000000,""qbQuantityMicros"":1000000,""elsetUnitPriceMicros"":110000000,""qbUnitPriceMicros"":110000000,""elsetLineAmountCents"":11000,""qbLineAmountCents"":11000,""DESCRIPTION_DIFF"":false,""DESCRIPTION_FORMAT_ONLY"":false,""DESCRIPTION_CONTENT_DIFF"":false,""PRODUCT_SERVICE_DIFF"":false,""PRODUCT_SERVICE_COMPARISON_UNKNOWN"":false,""INCOME_ACCOUNT_DIFF"":false,""QTY_DIFF"":false,""UNIT_PRICE_DIFF"":false,""LINE_AMOUNT_DIFF"":false}]","{""id"":""6"",""candidates"":[""6""],""mapped"":true,""safe"":true,""state"":""MATCHED"",""reason"":""Existing mapping, exact marker or unique exact normalized customer identity.""}","CLEAR_CANONICAL_CANDIDATE","356","ELSET_PAID_QB_UNPAID","","","","","[""PHASE_4""]","REVIEW_ONLY"
"INV-0256","servicem8-job-01a05a5d-8eb0-7eaa-947c-2ee22c09341d:invoice","YOUR owners corporation","2026-09-02","93400","9340","102740","0","102740","357","EXACT_MATCH","NONE","COSMETIC_ONLY","false","false","false","false","false","false","false","false","false","false","false","false","false","false","false","false","false","false","false","false","false","false","false","357","INV-0256","YOUR owners corporation","6","2026-09-02","93400","9340","102740","102740","0","[]","[]","[]","2026-09-21T19:06:00-07:00","2026-09-21T19:06:00-07:00","[{""invoiceId"":""servicem8-job-01a05a5d-8eb0-7eaa-947c-2ee22c09341d:invoice"",""invoiceNumber"":""INV-0256""}]","[]","{""CUSTOMER_MATCH"":true,""DATE_MATCH"":true,""DOC_NUMBER_MATCH"":true,""LINE_COUNT_MATCH"":true,""PRODUCT_SERVICE_MATCH"":true,""DESCRIPTION_MATCH"":true,""QTY_MATCH"":true,""UNIT_PRICE_MATCH"":true,""LINE_AMOUNT_MATCH"":true,""SUBTOTAL_MATCH"":true,""GST_MATCH"":true,""TOTAL_MATCH"":true,""BALANCE_MATCH"":true,""PAYMENT_STATE_MATCH"":true}","[]","[{""position"":1,""qbPosition"":1,""lineAlignment"":""EXACT_CONTENT_BIJECTION"",""elsetLineId"":""servicem8-material-01a05a5d-8eb8-7eaa-947c-16032a1217cd"",""priceListItemId"":"""",""elsetDescription"":""Replace control board and box, reconnect all existing accessories"",""qbDescription"":""Replace control board and box, reconnect all existing accessories"",""expectedItem"":{""id"":""123"",""name"":""ELSET Services"",""incomeAccountId"":""9"",""status"":""FALLBACK"",""reason"":""Saved line has no priceListItemId; the new model uses the configured fallback."",""comparisonKnown"":true,""accountEligibility"":""NOT_REVALIDATED_ARCHIVE_HAS_NO_ACCOUNT_ENTITY""},""qbItemId"":""123"",""qbItemName"":""ELSET Services"",""qbIncomeAccountId"":""9"",""qbIncomeAccountName"":""Services"",""elsetQuantityMicros"":1000000,""qbQuantityMicros"":1000000,""elsetUnitPriceMicros"":789000000,""qbUnitPriceMicros"":789000000,""elsetLineAmountCents"":78900,""qbLineAmountCents"":78900,""DESCRIPTION_DIFF"":false,""DESCRIPTION_FORMAT_ONLY"":false,""DESCRIPTION_CONTENT_DIFF"":false,""PRODUCT_SERVICE_DIFF"":false,""PRODUCT_SERVICE_COMPARISON_UNKNOWN"":false,""INCOME_ACCOUNT_DIFF"":false,""QTY_DIFF"":false,""UNIT_PRICE_DIFF"":false,""LINE_AMOUNT_DIFF"":false},{""position"":2,""qbPosition"":2,""lineAlignment"":""EXACT_CONTENT_BIJECTION"",""elsetLineId"":""servicem8-material-01a05a5f-459d-7eaa-947d-7c41fde2c19d"",""priceListItemId"":"""",""elsetDescription"":""Repair damaged section of gate"",""qbDescription"":""Repair damaged section of gate"",""expectedItem"":{""id"":""123"",""name"":""ELSET Services"",""incomeAccountId"":""9"",""status"":""FALLBACK"",""reason"":""Saved line has no priceListItemId; the new model uses the configured fallback."",""comparisonKnown"":true,""accountEligibility"":""NOT_REVALIDATED_ARCHIVE_HAS_NO_ACCOUNT_ENTITY""},""qbItemId"":""123"",""qbItemName"":""ELSET Services"",""qbIncomeAccountId"":""9"",""qbIncomeAccountName"":""Services"",""elsetQuantityMicros"":1000000,""qbQuantityMicros"":1000000,""elsetUnitPriceMicros"":145000000,""qbUnitPriceMicros"":145000000,""elsetLineAmountCents"":14500,""qbLineAmountCents"":14500,""DESCRIPTION_DIFF"":false,""DESCRIPTION_FORMAT_ONLY"":false,""DESCRIPTION_CONTENT_DIFF"":false,""PRODUCT_SERVICE_DIFF"":false,""PRODUCT_SERVICE_COMPARISON_UNKNOWN"":false,""INCOME_ACCOUNT_DIFF"":false,""QTY_DIFF"":false,""UNIT_PRICE_DIFF"":false,""LINE_AMOUNT_DIFF"":false}]","{""id"":""6"",""candidates"":[""6""],""mapped"":true,""safe"":true,""state"":""MATCHED"",""reason"":""Existing mapping, exact marker or unique exact normalized customer identity.""}","CLEAR_CANONICAL_CANDIDATE","357","MATCHING_PAYMENT_STATE","","","","","[]","KEEP_HISTORICAL_ITEM_DESCRIPTION_FORMAT_AND_NUMBER_FORMAT"
"INV-0259","servicem8-job-01a05fd1-8a77-7eaa-947d-ae683845900d:invoice","Melbourne Auto Rental & Repairs Pty Ltd","2026-09-06","271400","27140","298540","298540","0","358","EXACT_MATCH","NONE","PAYMENT_ONLY_DIFF","false","false","false","false","false","false","false","false","false","false","false","false","true","true","false","false","false","false","false","false","false","false","false","358","INV-0259","Melbourne Auto Rental & Repairs Pty Ltd","94","2026-09-06","271400","27140","298540","298540","0","[]","[]","[]","2026-09-21T19:06:05-07:00","2026-09-21T19:06:05-07:00","[{""invoiceId"":""servicem8-job-01a05fd1-8a77-7eaa-947d-ae683845900d:invoice"",""invoiceNumber"":""INV-0259""}]","[]","{""CUSTOMER_MATCH"":true,""DATE_MATCH"":true,""DOC_NUMBER_MATCH"":true,""LINE_COUNT_MATCH"":true,""PRODUCT_SERVICE_MATCH"":true,""DESCRIPTION_MATCH"":true,""QTY_MATCH"":true,""UNIT_PRICE_MATCH"":true,""LINE_AMOUNT_MATCH"":true,""SUBTOTAL_MATCH"":true,""GST_MATCH"":true,""TOTAL_MATCH"":true,""BALANCE_MATCH"":false,""PAYMENT_STATE_MATCH"":false}","[{""field"":""balance"",""elset"":0,""quickbooks"":298540,""unit"":""AUD cents""},{""field"":""paid_vs_inferred_paid"",""elset"":298540,""quickbooks"":0,""unit"":""AUD cents""}]","[{""position"":1,""qbPosition"":1,""lineAlignment"":""EXACT_CONTENT_BIJECTION"",""elsetLineId"":""servicem8-material-01a05fd2-3423-7eaa-947c-6a6ecc87b92d"",""priceListItemId"":"""",""elsetDescription"":""3 PHASE CIRCUITS FOR HOISTS INCLUDING ISOLATORS AND RCBO INCLUDUING ISOLATORS AND RCBO"",""qbDescription"":""3 PHASE CIRCUITS FOR HOISTS INCLUDING ISOLATORS AND RCBO INCLUDUING ISOLATORS AND RCBO"",""expectedItem"":{""id"":""123"",""name"":""ELSET Services"",""incomeAccountId"":""9"",""status"":""FALLBACK"",""reason"":""Saved line has no priceListItemId; the new model uses the configured fallback."",""comparisonKnown"":true,""accountEligibility"":""NOT_REVALIDATED_ARCHIVE_HAS_NO_ACCOUNT_ENTITY""},""qbItemId"":""123"",""qbItemName"":""ELSET Services"",""qbIncomeAccountId"":""9"",""qbIncomeAccountName"":""Services"",""elsetQuantityMicros"":2000000,""qbQuantityMicros"":2000000,""elsetUnitPriceMicros"":360000000,""qbUnitPriceMicros"":360000000,""elsetLineAmountCents"":72000,""qbLineAmountCents"":72000,""DESCRIPTION_DIFF"":false,""DESCRIPTION_FORMAT_ONLY"":false,""DESCRIPTION_CONTENT_DIFF"":false,""PRODUCT_SERVICE_DIFF"":false,""PRODUCT_SERVICE_COMPARISON_UNKNOWN"":false,""INCOME_ACCOUNT_DIFF"":false,""QTY_DIFF"":false,""UNIT_PRICE_DIFF"":false,""LINE_AMOUNT_DIFF"":false},{""position"":2,""qbPosition"":2,""lineAlignment"":""EXACT_CONTENT_BIJECTION"",""elsetLineId"":""servicem8-material-01a05fd5-3430-7eaa-947c-e5844eed88dd"",""priceListItemId"":"""",""elsetDescription"":""3 PAHSE CIRCUIT FOR AIR COMPRESSOR INCLUDING ISOLATOR AND RCBO"",""qbDescription"":""3 PAHSE CIRCUIT FOR AIR COMPRESSOR INCLUDING ISOLATOR AND RCBO"",""expectedItem"":{""id"":""123"",""name"":""ELSET Services"",""incomeAccountId"":""9"",""status"":""FALLBACK"",""reason"":""Saved line has no priceListItemId; the new model uses the configured fallback."",""comparisonKnown"":true,""accountEligibility"":""NOT_REVALIDATED_ARCHIVE_HAS_NO_ACCOUNT_ENTITY""},""qbItemId"":""123"",""qbItemName"":""ELSET Services"",""qbIncomeAccountId"":""9"",""qbIncomeAccountName"":""Services"",""elsetQuantityMicros"":1000000,""qbQuantityMicros"":1000000,""elsetUnitPriceMicros"":320000000,""qbUnitPriceMicros"":320000000,""elsetLineAmountCents"":32000,""qbLineAmountCents"":32000,""DESCRIPTION_DIFF"":false,""DESCRIPTION_FORMAT_ONLY"":false,""DESCRIPTION_CONTENT_DIFF"":false,""PRODUCT_SERVICE_DIFF"":false,""PRODUCT_SERVICE_COMPARISON_UNKNOWN"":false,""INCOME_ACCOUNT_DIFF"":false,""QTY_DIFF"":false,""UNIT_PRICE_DIFF"":false,""LINE_AMOUNT_DIFF"":false},{""position"":3,""qbPosition"":3,""lineAlignment"":""EXACT_CONTENT_BIJECTION"",""elsetLineId"":""servicem8-material-01a05fd5-9d11-7eaa-947d-d2cd0786d6ad"",""priceListItemId"":"""",""elsetDescription"":""SWTICH BOARD ENCLSOURE"",""qbDescription"":""SWTICH BOARD ENCLSOURE"",""expectedItem"":{""id"":""123"",""name"":""ELSET Services"",""incomeAccountId"":""9"",""status"":""FALLBACK"",""reason"":""Saved line has no priceListItemId; the new model uses the configured fallback."",""comparisonKnown"":true,""accountEligibility"":""NOT_REVALIDATED_ARCHIVE_HAS_NO_ACCOUNT_ENTITY""},""qbItemId"":""123"",""qbItemName"":""ELSET Services"",""qbIncomeAccountId"":""9"",""qbIncomeAccountName"":""Services"",""elsetQuantityMicros"":1000000,""qbQuantityMicros"":1000000,""elsetUnitPriceMicros"":189000000,""qbUnitPriceMicros"":189000000,""elsetLineAmountCents"":18900,""qbLineAmountCents"":18900,""DESCRIPTION_DIFF"":false,""DESCRIPTION_FORMAT_ONLY"":false,""DESCRIPTION_CONTENT_DIFF"":false,""PRODUCT_SERVICE_DIFF"":false,""PRODUCT_SERVICE_COMPARISON_UNKNOWN"":false,""INCOME_ACCOUNT_DIFF"":false,""QTY_DIFF"":false,""UNIT_PRICE_DIFF"":false,""LINE_AMOUNT_DIFF"":false},{""position"":4,""qbPosition"":4,""lineAlignment"":""EXACT_CONTENT_BIJECTION"",""elsetLineId"":""servicem8-material-01a05fd5-e215-7eaa-947d-bb5fe5d60e7d"",""priceListItemId"":"""",""elsetDescription"":""PANEL LIGHTS FOR UPSTAIRS OFFICE AREA"",""qbDescription"":""PANEL LIGHTS FOR UPSTAIRS OFFICE AREA"",""expectedItem"":{""id"":""123"",""name"":""ELSET Services"",""incomeAccountId"":""9"",""status"":""FALLBACK"",""reason"":""Saved line has no priceListItemId; the new model uses the configured fallback."",""comparisonKnown"":true,""accountEligibility"":""NOT_REVALIDATED_ARCHIVE_HAS_NO_ACCOUNT_ENTITY""},""qbItemId"":""123"",""qbItemName"":""ELSET Services"",""qbIncomeAccountId"":""9"",""qbIncomeAccountName"":""Services"",""elsetQuantityMicros"":1000000,""qbQuantityMicros"":1000000,""elsetUnitPriceMicros"":225000000,""qbUnitPriceMicros"":225000000,""elsetLineAmountCents"":22500,""qbLineAmountCents"":22500,""DESCRIPTION_DIFF"":false,""DESCRIPTION_FORMAT_ONLY"":false,""DESCRIPTION_CONTENT_DIFF"":false,""PRODUCT_SERVICE_DIFF"":false,""PRODUCT_SERVICE_COMPARISON_UNKNOWN"":false,""INCOME_ACCOUNT_DIFF"":false,""QTY_DIFF"":false,""UNIT_PRICE_DIFF"":false,""LINE_AMOUNT_DIFF"":false},{""position"":5,""qbPosition"":5,""lineAlignment"":""EXACT_CONTENT_BIJECTION"",""elsetLineId"":""servicem8-material-01a05fd6-0dbd-7eaa-947c-6a0aef5b3ccd"",""priceListItemId"":"""",""elsetDescription"":""10 AMP GPOS 2X ON COMPRESSOR SIDE AND 1 ON BACK WALL"",""qbDescription"":""10 AMP GPOS 2X ON COMPRESSOR SIDE AND 1 ON BACK WALL"",""expectedItem"":{""id"":""123"",""name"":""ELSET Services"",""incomeAccountId"":""9"",""status"":""FALLBACK"",""reason"":""Saved line has no priceListItemId; the new model uses the configured fallback."",""comparisonKnown"":true,""accountEligibility"":""NOT_REVALIDATED_ARCHIVE_HAS_NO_ACCOUNT_ENTITY""},""qbItemId"":""123"",""qbItemName"":""ELSET Services"",""qbIncomeAccountId"":""9"",""qbIncomeAccountName"":""Services"",""elsetQuantityMicros"":3000000,""qbQuantityMicros"":3000000,""elsetUnitPriceMicros"":220000000,""qbUnitPriceMicros"":220000000,""elsetLineAmountCents"":66000,""qbLineAmountCents"":66000,""DESCRIPTION_DIFF"":false,""DESCRIPTION_FORMAT_ONLY"":false,""DESCRIPTION_CONTENT_DIFF"":false,""PRODUCT_SERVICE_DIFF"":false,""PRODUCT_SERVICE_COMPARISON_UNKNOWN"":false,""INCOME_ACCOUNT_DIFF"":false,""QTY_DIFF"":false,""UNIT_PRICE_DIFF"":false,""LINE_AMOUNT_DIFF"":false},{""position"":6,""qbPosition"":6,""lineAlignment"":""EXACT_CONTENT_BIJECTION"",""elsetLineId"":""servicem8-material-01a06694-977f-7eaa-947d-99fe24bcee5d"",""priceListItemId"":"""",""elsetDescription"":""2.7 M -LED excursions"",""qbDescription"":""2.7 M -LED excursions"",""expectedItem"":{""id"":""123"",""name"":""ELSET Services"",""incomeAccountId"":""9"",""status"":""FALLBACK"",""reason"":""Saved line has no priceListItemId; the new model uses the configured fallback."",""comparisonKnown"":true,""accountEligibility"":""NOT_REVALIDATED_ARCHIVE_HAS_NO_ACCOUNT_ENTITY""},""qbItemId"":""123"",""qbItemName"":""ELSET Services"",""qbIncomeAccountId"":""9"",""qbIncomeAccountName"":""Services"",""elsetQuantityMicros"":1000000,""qbQuantityMicros"":1000000,""elsetUnitPriceMicros"":600000000,""qbUnitPriceMicros"":600000000,""elsetLineAmountCents"":60000,""qbLineAmountCents"":60000,""DESCRIPTION_DIFF"":false,""DESCRIPTION_FORMAT_ONLY"":false,""DESCRIPTION_CONTENT_DIFF"":false,""PRODUCT_SERVICE_DIFF"":false,""PRODUCT_SERVICE_COMPARISON_UNKNOWN"":false,""INCOME_ACCOUNT_DIFF"":false,""QTY_DIFF"":false,""UNIT_PRICE_DIFF"":false,""LINE_AMOUNT_DIFF"":false}]","{""id"":""94"",""candidates"":[""94""],""mapped"":true,""safe"":true,""state"":""MATCHED"",""reason"":""Existing mapping, exact marker or unique exact normalized customer identity.""}","CLEAR_CANONICAL_CANDIDATE","358","ELSET_PAID_QB_UNPAID","","","","","[""PHASE_4""]","REVIEW_ONLY"
"INV-0260","servicem8-job-01a060c5-9400-7eaa-947c-9dbff4b932ed:invoice","YOUR owners corporation","2026-09-06","390500","39050","429550","0","429550","359","EXACT_MATCH","NONE","COSMETIC_ONLY","false","false","false","false","false","false","false","false","false","false","false","false","false","false","false","false","false","false","false","false","false","false","false","359","INV-0260","YOUR owners corporation","6","2026-09-06","390500","39050","429550","429550","0","[]","[]","[]","2026-09-21T19:06:09-07:00","2026-09-21T19:06:09-07:00","[{""invoiceId"":""servicem8-job-01a060c5-9400-7eaa-947c-9dbff4b932ed:invoice"",""invoiceNumber"":""INV-0260""}]","[]","{""CUSTOMER_MATCH"":true,""DATE_MATCH"":true,""DOC_NUMBER_MATCH"":true,""LINE_COUNT_MATCH"":true,""PRODUCT_SERVICE_MATCH"":true,""DESCRIPTION_MATCH"":true,""QTY_MATCH"":true,""UNIT_PRICE_MATCH"":true,""LINE_AMOUNT_MATCH"":true,""SUBTOTAL_MATCH"":true,""GST_MATCH"":true,""TOTAL_MATCH"":true,""BALANCE_MATCH"":true,""PAYMENT_STATE_MATCH"":true}","[]","[{""position"":1,""qbPosition"":1,""lineAlignment"":""EXACT_CONTENT_BIJECTION"",""elsetLineId"":""servicem8-material-01a060c5-9405-7eaa-947d-cc451f759c2d"",""priceListItemId"":"""",""elsetDescription"":""Heavy duty automation system for telescopic sliding gate."",""qbDescription"":""Heavy duty automation system for telescopic sliding gate."",""expectedItem"":{""id"":""123"",""name"":""ELSET Services"",""incomeAccountId"":""9"",""status"":""FALLBACK"",""reason"":""Saved line has no priceListItemId; the new model uses the configured fallback."",""comparisonKnown"":true,""accountEligibility"":""NOT_REVALIDATED_ARCHIVE_HAS_NO_ACCOUNT_ENTITY""},""qbItemId"":""123"",""qbItemName"":""ELSET Services"",""qbIncomeAccountId"":""9"",""qbIncomeAccountName"":""Services"",""elsetQuantityMicros"":1000000,""qbQuantityMicros"":1000000,""elsetUnitPriceMicros"":3390000000,""qbUnitPriceMicros"":3390000000,""elsetLineAmountCents"":339000,""qbLineAmountCents"":339000,""DESCRIPTION_DIFF"":false,""DESCRIPTION_FORMAT_ONLY"":false,""DESCRIPTION_CONTENT_DIFF"":false,""PRODUCT_SERVICE_DIFF"":false,""PRODUCT_SERVICE_COMPARISON_UNKNOWN"":false,""INCOME_ACCOUNT_DIFF"":false,""QTY_DIFF"":false,""UNIT_PRICE_DIFF"":false,""LINE_AMOUNT_DIFF"":false},{""position"":2,""qbPosition"":2,""lineAlignment"":""EXACT_CONTENT_BIJECTION"",""elsetLineId"":""servicem8-material-01a0668c-d987-7eaa-947d-c02a57b271fd"",""priceListItemId"":"""",""elsetDescription"":""Remote control"",""qbDescription"":""Remote control"",""expectedItem"":{""id"":""123"",""name"":""ELSET Services"",""incomeAccountId"":""9"",""status"":""FALLBACK"",""reason"":""Saved line has no priceListItemId; the new model uses the configured fallback."",""comparisonKnown"":true,""accountEligibility"":""NOT_REVALIDATED_ARCHIVE_HAS_NO_ACCOUNT_ENTITY""},""qbItemId"":""123"",""qbItemName"":""ELSET Services"",""qbIncomeAccountId"":""9"",""qbIncomeAccountName"":""Services"",""elsetQuantityMicros"":6000000,""qbQuantityMicros"":6000000,""elsetUnitPriceMicros"":60000000,""qbUnitPriceMicros"":60000000,""elsetLineAmountCents"":36000,""qbLineAmountCents"":36000,""DESCRIPTION_DIFF"":false,""DESCRIPTION_FORMAT_ONLY"":false,""DESCRIPTION_CONTENT_DIFF"":false,""PRODUCT_SERVICE_DIFF"":false,""PRODUCT_SERVICE_COMPARISON_UNKNOWN"":false,""INCOME_ACCOUNT_DIFF"":false,""QTY_DIFF"":false,""UNIT_PRICE_DIFF"":false,""LINE_AMOUNT_DIFF"":false},{""position"":3,""qbPosition"":3,""lineAlignment"":""EXACT_CONTENT_BIJECTION"",""elsetLineId"":""servicem8-material-01a075c3-12d3-7eaa-947c-c525d6aa635d"",""priceListItemId"":"""",""elsetDescription"":""Remote control reciever"",""qbDescription"":""Remote control reciever"",""expectedItem"":{""id"":""123"",""name"":""ELSET Services"",""incomeAccountId"":""9"",""status"":""FALLBACK"",""reason"":""Saved line has no priceListItemId; the new model uses the configured fallback."",""comparisonKnown"":true,""accountEligibility"":""NOT_REVALIDATED_ARCHIVE_HAS_NO_ACCOUNT_ENTITY""},""qbItemId"":""123"",""qbItemName"":""ELSET Services"",""qbIncomeAccountId"":""9"",""qbIncomeAccountName"":""Services"",""elsetQuantityMicros"":1000000,""qbQuantityMicros"":1000000,""elsetUnitPriceMicros"":155000000,""qbUnitPriceMicros"":155000000,""elsetLineAmountCents"":15500,""qbLineAmountCents"":15500,""DESCRIPTION_DIFF"":false,""DESCRIPTION_FORMAT_ONLY"":false,""DESCRIPTION_CONTENT_DIFF"":false,""PRODUCT_SERVICE_DIFF"":false,""PRODUCT_SERVICE_COMPARISON_UNKNOWN"":false,""INCOME_ACCOUNT_DIFF"":false,""QTY_DIFF"":false,""UNIT_PRICE_DIFF"":false,""LINE_AMOUNT_DIFF"":false}]","{""id"":""6"",""candidates"":[""6""],""mapped"":true,""safe"":true,""state"":""MATCHED"",""reason"":""Existing mapping, exact marker or unique exact normalized customer identity.""}","CLEAR_CANONICAL_CANDIDATE","359","MATCHING_PAYMENT_STATE","","","","","[]","KEEP_HISTORICAL_ITEM_DESCRIPTION_FORMAT_AND_NUMBER_FORMAT"
"INV-0265","7d6e49d1-af3a-4e11-aa6c-0672a31fe44e:invoice","Ming Li","2026-09-08","42500","4250","46750","46750","0","360","EXACT_MATCH","NONE","PAYMENT_ONLY_DIFF","false","false","false","false","false","false","false","false","false","false","false","false","true","true","false","false","false","false","false","false","false","false","false","360","INV-0265","Ming Li [d256f9d96e3d003c]","98","2026-09-08","42500","4250","46750","46750","0","[]","[]","[]","2026-09-21T19:06:15-07:00","2026-09-21T19:06:15-07:00","[{""invoiceId"":""7d6e49d1-af3a-4e11-aa6c-0672a31fe44e:invoice"",""invoiceNumber"":""INV-0265""}]","[]","{""CUSTOMER_MATCH"":true,""DATE_MATCH"":true,""DOC_NUMBER_MATCH"":true,""LINE_COUNT_MATCH"":true,""PRODUCT_SERVICE_MATCH"":true,""DESCRIPTION_MATCH"":true,""QTY_MATCH"":true,""UNIT_PRICE_MATCH"":true,""LINE_AMOUNT_MATCH"":true,""SUBTOTAL_MATCH"":true,""GST_MATCH"":true,""TOTAL_MATCH"":true,""BALANCE_MATCH"":false,""PAYMENT_STATE_MATCH"":false}","[{""field"":""balance"",""elset"":0,""quickbooks"":46750,""unit"":""AUD cents""},{""field"":""paid_vs_inferred_paid"",""elset"":46750,""quickbooks"":0,""unit"":""AUD cents""}]","[{""position"":1,""qbPosition"":1,""lineAlignment"":""EXACT_CONTENT_BIJECTION"",""elsetLineId"":""4fb4db6d-49e2-48b0-a481-66cf188c2d42"",""priceListItemId"":"""",""elsetDescription"":""Service for Underground motor and garage automation"",""qbDescription"":""Service for Underground motor and garage automation"",""expectedItem"":{""id"":""123"",""name"":""ELSET Services"",""incomeAccountId"":""9"",""status"":""FALLBACK"",""reason"":""Saved line has no priceListItemId; the new model uses the configured fallback."",""comparisonKnown"":true,""accountEligibility"":""NOT_REVALIDATED_ARCHIVE_HAS_NO_ACCOUNT_ENTITY""},""qbItemId"":""123"",""qbItemName"":""ELSET Services"",""qbIncomeAccountId"":""9"",""qbIncomeAccountName"":""Services"",""elsetQuantityMicros"":1000000,""qbQuantityMicros"":1000000,""elsetUnitPriceMicros"":425000000,""qbUnitPriceMicros"":425000000,""elsetLineAmountCents"":42500,""qbLineAmountCents"":42500,""DESCRIPTION_DIFF"":false,""DESCRIPTION_FORMAT_ONLY"":false,""DESCRIPTION_CONTENT_DIFF"":false,""PRODUCT_SERVICE_DIFF"":false,""PRODUCT_SERVICE_COMPARISON_UNKNOWN"":false,""INCOME_ACCOUNT_DIFF"":false,""QTY_DIFF"":false,""UNIT_PRICE_DIFF"":false,""LINE_AMOUNT_DIFF"":false}]","{""id"":""98"",""candidates"":[""98""],""mapped"":true,""safe"":true,""state"":""MATCHED"",""reason"":""Existing mapping, exact marker or unique exact normalized customer identity.""}","CLEAR_CANONICAL_CANDIDATE","360","ELSET_PAID_QB_UNPAID","","","","","[""PHASE_4""]","REVIEW_ONLY"
"INV-0263","cd50f1a4-7d4e-4902-9902-4b729d8d30f6:invoice","Quality Pharmacy Group","2026-09-08","63000","6300","69300","0","69300","361","EXACT_MATCH","NONE","COSMETIC_ONLY","false","false","false","false","false","false","false","false","false","false","false","false","false","false","false","false","false","false","false","false","false","false","false","361","INV-0263","Quality Pharmacy Group [b383d676910e3cd3]","99","2026-09-08","63000","6300","69300","69300","0","[]","[]","[]","2026-09-21T19:06:22-07:00","2026-09-21T19:06:22-07:00","[{""invoiceId"":""cd50f1a4-7d4e-4902-9902-4b729d8d30f6:invoice"",""invoiceNumber"":""INV-0263""}]","[]","{""CUSTOMER_MATCH"":true,""DATE_MATCH"":true,""DOC_NUMBER_MATCH"":true,""LINE_COUNT_MATCH"":true,""PRODUCT_SERVICE_MATCH"":true,""DESCRIPTION_MATCH"":true,""QTY_MATCH"":true,""UNIT_PRICE_MATCH"":true,""LINE_AMOUNT_MATCH"":true,""SUBTOTAL_MATCH"":true,""GST_MATCH"":true,""TOTAL_MATCH"":true,""BALANCE_MATCH"":true,""PAYMENT_STATE_MATCH"":true}","[]","[{""position"":1,""qbPosition"":1,""lineAlignment"":""EXACT_CONTENT_BIJECTION"",""elsetLineId"":""2fba7821-6c25-4d7b-99a2-3badd3670948"",""priceListItemId"":"""",""elsetDescription"":""Labour for Keypad Installation"",""qbDescription"":""Labour for Keypad Installation"",""expectedItem"":{""id"":""123"",""name"":""ELSET Services"",""incomeAccountId"":""9"",""status"":""FALLBACK"",""reason"":""Saved line has no priceListItemId; the new model uses the configured fallback."",""comparisonKnown"":true,""accountEligibility"":""NOT_REVALIDATED_ARCHIVE_HAS_NO_ACCOUNT_ENTITY""},""qbItemId"":""123"",""qbItemName"":""ELSET Services"",""qbIncomeAccountId"":""9"",""qbIncomeAccountName"":""Services"",""elsetQuantityMicros"":1000000,""qbQuantityMicros"":1000000,""elsetUnitPriceMicros"":630000000,""qbUnitPriceMicros"":630000000,""elsetLineAmountCents"":63000,""qbLineAmountCents"":63000,""DESCRIPTION_DIFF"":false,""DESCRIPTION_FORMAT_ONLY"":false,""DESCRIPTION_CONTENT_DIFF"":false,""PRODUCT_SERVICE_DIFF"":false,""PRODUCT_SERVICE_COMPARISON_UNKNOWN"":false,""INCOME_ACCOUNT_DIFF"":false,""QTY_DIFF"":false,""UNIT_PRICE_DIFF"":false,""LINE_AMOUNT_DIFF"":false}]","{""id"":""99"",""candidates"":[""99""],""mapped"":true,""safe"":true,""state"":""MATCHED"",""reason"":""Existing mapping, exact marker or unique exact normalized customer identity.""}","CLEAR_CANONICAL_CANDIDATE","361","MATCHING_PAYMENT_STATE","","","","","[]","KEEP_HISTORICAL_ITEM_DESCRIPTION_FORMAT_AND_NUMBER_FORMAT"
"INV-0266","3c064c27-5b05-4d06-a834-c5269c2a8417:invoice","Adrian","2026-09-09","35000","3500","38500","38500","0","362","EXACT_MATCH","NONE","PAYMENT_ONLY_DIFF","false","false","false","false","false","false","false","false","false","false","false","false","true","true","false","false","false","false","false","false","false","false","false","362","INV-0266","Adrian [619dcf25e923e75f]","100","2026-09-09","35000","3500","38500","38500","0","[]","[]","[]","2026-09-21T19:06:28-07:00","2026-09-21T19:06:28-07:00","[{""invoiceId"":""3c064c27-5b05-4d06-a834-c5269c2a8417:invoice"",""invoiceNumber"":""INV-0266""}]","[]","{""CUSTOMER_MATCH"":true,""DATE_MATCH"":true,""DOC_NUMBER_MATCH"":true,""LINE_COUNT_MATCH"":true,""PRODUCT_SERVICE_MATCH"":true,""DESCRIPTION_MATCH"":true,""QTY_MATCH"":true,""UNIT_PRICE_MATCH"":true,""LINE_AMOUNT_MATCH"":true,""SUBTOTAL_MATCH"":true,""GST_MATCH"":true,""TOTAL_MATCH"":true,""BALANCE_MATCH"":false,""PAYMENT_STATE_MATCH"":false}","[{""field"":""balance"",""elset"":0,""quickbooks"":38500,""unit"":""AUD cents""},{""field"":""paid_vs_inferred_paid"",""elset"":38500,""quickbooks"":0,""unit"":""AUD cents""}]","[{""position"":1,""qbPosition"":1,""lineAlignment"":""EXACT_CONTENT_BIJECTION"",""elsetLineId"":""d4cb8fcb-fd9d-48d8-acf1-5e798a3b4ac0"",""priceListItemId"":"""",""elsetDescription"":""Biannual Maintenance service on set of underground DEA automation systems"",""qbDescription"":""Biannual Maintenance service on set of underground DEA automation systems"",""expectedItem"":{""id"":""123"",""name"":""ELSET Services"",""incomeAccountId"":""9"",""status"":""FALLBACK"",""reason"":""Saved line has no priceListItemId; the new model uses the configured fallback."",""comparisonKnown"":true,""accountEligibility"":""NOT_REVALIDATED_ARCHIVE_HAS_NO_ACCOUNT_ENTITY""},""qbItemId"":""123"",""qbItemName"":""ELSET Services"",""qbIncomeAccountId"":""9"",""qbIncomeAccountName"":""Services"",""elsetQuantityMicros"":1000000,""qbQuantityMicros"":1000000,""elsetUnitPriceMicros"":350000000,""qbUnitPriceMicros"":350000000,""elsetLineAmountCents"":35000,""qbLineAmountCents"":35000,""DESCRIPTION_DIFF"":false,""DESCRIPTION_FORMAT_ONLY"":false,""DESCRIPTION_CONTENT_DIFF"":false,""PRODUCT_SERVICE_DIFF"":false,""PRODUCT_SERVICE_COMPARISON_UNKNOWN"":false,""INCOME_ACCOUNT_DIFF"":false,""QTY_DIFF"":false,""UNIT_PRICE_DIFF"":false,""LINE_AMOUNT_DIFF"":false}]","{""id"":""100"",""candidates"":[""100""],""mapped"":true,""safe"":true,""state"":""MATCHED"",""reason"":""Existing mapping, exact marker or unique exact normalized customer identity.""}","CLEAR_CANONICAL_CANDIDATE","362","ELSET_PAID_QB_UNPAID","","","","","[""PHASE_4""]","REVIEW_ONLY"
"INV-0272","2e4a7350-e712-46c4-b5d2-17edc63ecfe8:invoice","CHESTWELL PTY LTD","2026-09-10","324000","32400","356400","356400","0","363","EXACT_MATCH","NONE","PAYMENT_ONLY_DIFF","false","false","false","false","false","false","false","false","false","false","false","false","true","true","false","false","false","false","false","false","false","false","false","363","INV-0272","CHESTWELL PTY LTD [0cbcab79a5d41f3b]","101","2026-09-10","324000","32400","356400","356400","0","[]","[]","[]","2026-09-21T19:06:35-07:00","2026-09-21T19:06:35-07:00","[{""invoiceId"":""2e4a7350-e712-46c4-b5d2-17edc63ecfe8:invoice"",""invoiceNumber"":""INV-0272""}]","[]","{""CUSTOMER_MATCH"":true,""DATE_MATCH"":true,""DOC_NUMBER_MATCH"":true,""LINE_COUNT_MATCH"":true,""PRODUCT_SERVICE_MATCH"":true,""DESCRIPTION_MATCH"":true,""QTY_MATCH"":true,""UNIT_PRICE_MATCH"":true,""LINE_AMOUNT_MATCH"":true,""SUBTOTAL_MATCH"":true,""GST_MATCH"":true,""TOTAL_MATCH"":true,""BALANCE_MATCH"":false,""PAYMENT_STATE_MATCH"":false}","[{""field"":""balance"",""elset"":0,""quickbooks"":356400,""unit"":""AUD cents""},{""field"":""paid_vs_inferred_paid"",""elset"":356400,""quickbooks"":0,""unit"":""AUD cents""}]","[{""position"":1,""qbPosition"":1,""lineAlignment"":""EXACT_CONTENT_BIJECTION"",""elsetLineId"":""26b36d15-b383-4fd0-8f4e-76690cc2e2d6"",""priceListItemId"":"""",""elsetDescription"":""Repairs on two automatic sliding gates."",""qbDescription"":""Repairs on two automatic sliding gates."",""expectedItem"":{""id"":""123"",""name"":""ELSET Services"",""incomeAccountId"":""9"",""status"":""FALLBACK"",""reason"":""Saved line has no priceListItemId; the new model uses the configured fallback."",""comparisonKnown"":true,""accountEligibility"":""NOT_REVALIDATED_ARCHIVE_HAS_NO_ACCOUNT_ENTITY""},""qbItemId"":""123"",""qbItemName"":""ELSET Services"",""qbIncomeAccountId"":""9"",""qbIncomeAccountName"":""Services"",""elsetQuantityMicros"":1000000,""qbQuantityMicros"":1000000,""elsetUnitPriceMicros"":3240000000,""qbUnitPriceMicros"":3240000000,""elsetLineAmountCents"":324000,""qbLineAmountCents"":324000,""DESCRIPTION_DIFF"":false,""DESCRIPTION_FORMAT_ONLY"":false,""DESCRIPTION_CONTENT_DIFF"":false,""PRODUCT_SERVICE_DIFF"":false,""PRODUCT_SERVICE_COMPARISON_UNKNOWN"":false,""INCOME_ACCOUNT_DIFF"":false,""QTY_DIFF"":false,""UNIT_PRICE_DIFF"":false,""LINE_AMOUNT_DIFF"":false}]","{""id"":""101"",""candidates"":[""101""],""mapped"":true,""safe"":true,""state"":""MATCHED"",""reason"":""Existing mapping, exact marker or unique exact normalized customer identity.""}","CLEAR_CANONICAL_CANDIDATE","363","ELSET_PAID_QB_UNPAID","","","","","[""PHASE_4""]","REVIEW_ONLY"
"INV-0264","aad2b4ab-1d02-4673-9e97-c64a073bd954:invoice","Joe Crisara","2026-09-10","393636","39364","433000","433000","0","364","EXACT_MATCH","NONE","PAYMENT_ONLY_DIFF","false","false","false","false","false","false","false","false","false","false","false","false","true","true","false","false","false","false","false","false","false","false","false","364","INV-0264","Joe Crisara [85ab6aef00e394ff]","102","2026-09-10","393636","39364","433000","433000","0","[]","[]","[]","2026-09-21T19:06:42-07:00","2026-09-21T19:06:42-07:00","[{""invoiceId"":""aad2b4ab-1d02-4673-9e97-c64a073bd954:invoice"",""invoiceNumber"":""INV-0264""}]","[]","{""CUSTOMER_MATCH"":true,""DATE_MATCH"":true,""DOC_NUMBER_MATCH"":true,""LINE_COUNT_MATCH"":true,""PRODUCT_SERVICE_MATCH"":true,""DESCRIPTION_MATCH"":true,""QTY_MATCH"":true,""UNIT_PRICE_MATCH"":true,""LINE_AMOUNT_MATCH"":true,""SUBTOTAL_MATCH"":true,""GST_MATCH"":true,""TOTAL_MATCH"":true,""BALANCE_MATCH"":false,""PAYMENT_STATE_MATCH"":false}","[{""field"":""balance"",""elset"":0,""quickbooks"":433000,""unit"":""AUD cents""},{""field"":""paid_vs_inferred_paid"",""elset"":433000,""quickbooks"":0,""unit"":""AUD cents""}]","[{""position"":1,""qbPosition"":1,""lineAlignment"":""EXACT_CONTENT_BIJECTION"",""elsetLineId"":""a0dcc948-b77c-4cf8-bdc1-2a3505cb534d"",""priceListItemId"":"""",""elsetDescription"":""supply & Installation automation system for double swing gate"",""qbDescription"":""supply & Installation automation system for double swing gate"",""expectedItem"":{""id"":""123"",""name"":""ELSET Services"",""incomeAccountId"":""9"",""status"":""FALLBACK"",""reason"":""Saved line has no priceListItemId; the new model uses the configured fallback."",""comparisonKnown"":true,""accountEligibility"":""NOT_REVALIDATED_ARCHIVE_HAS_NO_ACCOUNT_ENTITY""},""qbItemId"":""123"",""qbItemName"":""ELSET Services"",""qbIncomeAccountId"":""9"",""qbIncomeAccountName"":""Services"",""elsetQuantityMicros"":1000000,""qbQuantityMicros"":1000000,""elsetUnitPriceMicros"":3636360000,""qbUnitPriceMicros"":3636360000,""elsetLineAmountCents"":363636,""qbLineAmountCents"":363636,""DESCRIPTION_DIFF"":false,""DESCRIPTION_FORMAT_ONLY"":false,""DESCRIPTION_CONTENT_DIFF"":false,""PRODUCT_SERVICE_DIFF"":false,""PRODUCT_SERVICE_COMPARISON_UNKNOWN"":false,""INCOME_ACCOUNT_DIFF"":false,""QTY_DIFF"":false,""UNIT_PRICE_DIFF"":false,""LINE_AMOUNT_DIFF"":false},{""position"":2,""qbPosition"":2,""lineAlignment"":""EXACT_CONTENT_BIJECTION"",""elsetLineId"":""d5dfd042-0500-441f-9218-61c4a69ac268"",""priceListItemId"":"""",""elsetDescription"":""supply & installation of external power point and low voltage wiring to gate"",""qbDescription"":""supply & installation of external power point and low voltage wiring to gate"",""expectedItem"":{""id"":""123"",""name"":""ELSET Services"",""incomeAccountId"":""9"",""status"":""FALLBACK"",""reason"":""Saved line has no priceListItemId; the new model uses the configured fallback."",""comparisonKnown"":true,""accountEligibility"":""NOT_REVALIDATED_ARCHIVE_HAS_NO_ACCOUNT_ENTITY""},""qbItemId"":""123"",""qbItemName"":""ELSET Services"",""qbIncomeAccountId"":""9"",""qbIncomeAccountName"":""Services"",""elsetQuantityMicros"":1000000,""qbQuantityMicros"":1000000,""elsetUnitPriceMicros"":300000000,""qbUnitPriceMicros"":300000000,""elsetLineAmountCents"":30000,""qbLineAmountCents"":30000,""DESCRIPTION_DIFF"":false,""DESCRIPTION_FORMAT_ONLY"":false,""DESCRIPTION_CONTENT_DIFF"":false,""PRODUCT_SERVICE_DIFF"":false,""PRODUCT_SERVICE_COMPARISON_UNKNOWN"":false,""INCOME_ACCOUNT_DIFF"":false,""QTY_DIFF"":false,""UNIT_PRICE_DIFF"":false,""LINE_AMOUNT_DIFF"":false}]","{""id"":""102"",""candidates"":[""102""],""mapped"":true,""safe"":true,""state"":""MATCHED"",""reason"":""Existing mapping, exact marker or unique exact normalized customer identity.""}","CLEAR_CANONICAL_CANDIDATE","364","ELSET_PAID_QB_UNPAID","","","","","[""PHASE_4""]","REVIEW_ONLY"
"INV-0273","fc8c9c4d-8ec0-4df4-8713-457c00583cff:invoice","Turnbullcook","2026-09-11","111000","11100","122100","122100","0","365","EXACT_MATCH","NONE","PAYMENT_ONLY_DIFF","false","false","false","false","false","false","false","false","false","false","false","false","true","true","false","false","false","false","false","false","false","false","false","365","INV-0273","Turnbullcook","95","2026-09-11","111000","11100","122100","122100","0","[]","[]","[]","2026-09-21T19:06:48-07:00","2026-09-21T19:06:48-07:00","[{""invoiceId"":""fc8c9c4d-8ec0-4df4-8713-457c00583cff:invoice"",""invoiceNumber"":""INV-0273""}]","[]","{""CUSTOMER_MATCH"":true,""DATE_MATCH"":true,""DOC_NUMBER_MATCH"":true,""LINE_COUNT_MATCH"":true,""PRODUCT_SERVICE_MATCH"":true,""DESCRIPTION_MATCH"":true,""QTY_MATCH"":true,""UNIT_PRICE_MATCH"":true,""LINE_AMOUNT_MATCH"":true,""SUBTOTAL_MATCH"":true,""GST_MATCH"":true,""TOTAL_MATCH"":true,""BALANCE_MATCH"":false,""PAYMENT_STATE_MATCH"":false}","[{""field"":""balance"",""elset"":0,""quickbooks"":122100,""unit"":""AUD cents""},{""field"":""paid_vs_inferred_paid"",""elset"":122100,""quickbooks"":0,""unit"":""AUD cents""}]","[{""position"":1,""qbPosition"":1,""lineAlignment"":""EXACT_CONTENT_BIJECTION"",""elsetLineId"":""ad37ee2f-c93a-4c57-a940-e02229997123"",""priceListItemId"":"""",""elsetDescription"":""Call out ."",""qbDescription"":""Call out ."",""expectedItem"":{""id"":""123"",""name"":""ELSET Services"",""incomeAccountId"":""9"",""status"":""FALLBACK"",""reason"":""Saved line has no priceListItemId; the new model uses the configured fallback."",""comparisonKnown"":true,""accountEligibility"":""NOT_REVALIDATED_ARCHIVE_HAS_NO_ACCOUNT_ENTITY""},""qbItemId"":""123"",""qbItemName"":""ELSET Services"",""qbIncomeAccountId"":""9"",""qbIncomeAccountName"":""Services"",""elsetQuantityMicros"":1000000,""qbQuantityMicros"":1000000,""elsetUnitPriceMicros"":250000000,""qbUnitPriceMicros"":250000000,""elsetLineAmountCents"":25000,""qbLineAmountCents"":25000,""DESCRIPTION_DIFF"":false,""DESCRIPTION_FORMAT_ONLY"":false,""DESCRIPTION_CONTENT_DIFF"":false,""PRODUCT_SERVICE_DIFF"":false,""PRODUCT_SERVICE_COMPARISON_UNKNOWN"":false,""INCOME_ACCOUNT_DIFF"":false,""QTY_DIFF"":false,""UNIT_PRICE_DIFF"":false,""LINE_AMOUNT_DIFF"":false},{""position"":2,""qbPosition"":2,""lineAlignment"":""EXACT_CONTENT_BIJECTION"",""elsetLineId"":""1c20ac42-2fb4-4ce9-b909-10c824730083"",""priceListItemId"":"""",""elsetDescription"":""Service on door and replacement of cables"",""qbDescription"":""Service on door and replacement of cables"",""expectedItem"":{""id"":""123"",""name"":""ELSET Services"",""incomeAccountId"":""9"",""status"":""FALLBACK"",""reason"":""Saved line has no priceListItemId; the new model uses the configured fallback."",""comparisonKnown"":true,""accountEligibility"":""NOT_REVALIDATED_ARCHIVE_HAS_NO_ACCOUNT_ENTITY""},""qbItemId"":""123"",""qbItemName"":""ELSET Services"",""qbIncomeAccountId"":""9"",""qbIncomeAccountName"":""Services"",""elsetQuantityMicros"":1000000,""qbQuantityMicros"":1000000,""elsetUnitPriceMicros"":860000000,""qbUnitPriceMicros"":860000000,""elsetLineAmountCents"":86000,""qbLineAmountCents"":86000,""DESCRIPTION_DIFF"":false,""DESCRIPTION_FORMAT_ONLY"":false,""DESCRIPTION_CONTENT_DIFF"":false,""PRODUCT_SERVICE_DIFF"":false,""PRODUCT_SERVICE_COMPARISON_UNKNOWN"":false,""INCOME_ACCOUNT_DIFF"":false,""QTY_DIFF"":false,""UNIT_PRICE_DIFF"":false,""LINE_AMOUNT_DIFF"":false}]","{""id"":""95"",""candidates"":[""95""],""mapped"":true,""safe"":true,""state"":""MATCHED"",""reason"":""Existing mapping, exact marker or unique exact normalized customer identity.""}","CLEAR_CANONICAL_CANDIDATE","365","ELSET_PAID_QB_UNPAID","","","","","[""PHASE_4""]","REVIEW_ONLY"
"INV-0227","servicem8-job-019fc9f9-ef4d-7eaa-947d-8337f9f9c4bd:invoice","Vera Mascaro","2026-09-11","74700","7470","82170","82170","0","366","EXACT_MATCH","NONE","PAYMENT_ONLY_DIFF","false","false","false","false","false","false","false","false","false","false","false","false","true","true","false","false","false","false","false","false","false","false","false","366","INV-0227","Vera Mascaro","87","2026-09-11","74700","7470","82170","82170","0","[]","[]","[]","2026-09-21T19:06:53-07:00","2026-09-21T19:06:53-07:00","[{""invoiceId"":""servicem8-job-019fc9f9-ef4d-7eaa-947d-8337f9f9c4bd:invoice"",""invoiceNumber"":""INV-0227""}]","[]","{""CUSTOMER_MATCH"":true,""DATE_MATCH"":true,""DOC_NUMBER_MATCH"":true,""LINE_COUNT_MATCH"":true,""PRODUCT_SERVICE_MATCH"":true,""DESCRIPTION_MATCH"":true,""QTY_MATCH"":true,""UNIT_PRICE_MATCH"":true,""LINE_AMOUNT_MATCH"":true,""SUBTOTAL_MATCH"":true,""GST_MATCH"":true,""TOTAL_MATCH"":true,""BALANCE_MATCH"":false,""PAYMENT_STATE_MATCH"":false}","[{""field"":""balance"",""elset"":0,""quickbooks"":82170,""unit"":""AUD cents""},{""field"":""paid_vs_inferred_paid"",""elset"":82170,""quickbooks"":0,""unit"":""AUD cents""}]","[{""position"":1,""qbPosition"":1,""lineAlignment"":""EXACT_CONTENT_BIJECTION"",""elsetLineId"":""807b3be2-f84b-438e-ad45-41307c69cbe5"",""priceListItemId"":"""",""elsetDescription"":""Control board ID200"",""qbDescription"":""Control board ID200"",""expectedItem"":{""id"":""123"",""name"":""ELSET Services"",""incomeAccountId"":""9"",""status"":""FALLBACK"",""reason"":""Saved line has no priceListItemId; the new model uses the configured fallback."",""comparisonKnown"":true,""accountEligibility"":""NOT_REVALIDATED_ARCHIVE_HAS_NO_ACCOUNT_ENTITY""},""qbItemId"":""123"",""qbItemName"":""ELSET Services"",""qbIncomeAccountId"":""9"",""qbIncomeAccountName"":""Services"",""elsetQuantityMicros"":1000000,""qbQuantityMicros"":1000000,""elsetUnitPriceMicros"":497000000,""qbUnitPriceMicros"":497000000,""elsetLineAmountCents"":49700,""qbLineAmountCents"":49700,""DESCRIPTION_DIFF"":false,""DESCRIPTION_FORMAT_ONLY"":false,""DESCRIPTION_CONTENT_DIFF"":false,""PRODUCT_SERVICE_DIFF"":false,""PRODUCT_SERVICE_COMPARISON_UNKNOWN"":false,""INCOME_ACCOUNT_DIFF"":false,""QTY_DIFF"":false,""UNIT_PRICE_DIFF"":false,""LINE_AMOUNT_DIFF"":false},{""position"":2,""qbPosition"":2,""lineAlignment"":""EXACT_CONTENT_BIJECTION"",""elsetLineId"":""1f7c4e88-319f-47a6-bfc8-2ec562d37860"",""priceListItemId"":"""",""elsetDescription"":""Service Call Out ."",""qbDescription"":""Service Call Out ."",""expectedItem"":{""id"":""123"",""name"":""ELSET Services"",""incomeAccountId"":""9"",""status"":""FALLBACK"",""reason"":""Saved line has no priceListItemId; the new model uses the configured fallback."",""comparisonKnown"":true,""accountEligibility"":""NOT_REVALIDATED_ARCHIVE_HAS_NO_ACCOUNT_ENTITY""},""qbItemId"":""123"",""qbItemName"":""ELSET Services"",""qbIncomeAccountId"":""9"",""qbIncomeAccountName"":""Services"",""elsetQuantityMicros"":1000000,""qbQuantityMicros"":1000000,""elsetUnitPriceMicros"":250000000,""qbUnitPriceMicros"":250000000,""elsetLineAmountCents"":25000,""qbLineAmountCents"":25000,""DESCRIPTION_DIFF"":false,""DESCRIPTION_FORMAT_ONLY"":false,""DESCRIPTION_CONTENT_DIFF"":false,""PRODUCT_SERVICE_DIFF"":false,""PRODUCT_SERVICE_COMPARISON_UNKNOWN"":false,""INCOME_ACCOUNT_DIFF"":false,""QTY_DIFF"":false,""UNIT_PRICE_DIFF"":false,""LINE_AMOUNT_DIFF"":false}]","{""id"":""87"",""candidates"":[""87""],""mapped"":true,""safe"":true,""state"":""MATCHED"",""reason"":""Existing mapping, exact marker or unique exact normalized customer identity.""}","CLEAR_CANONICAL_CANDIDATE","366","ELSET_PAID_QB_UNPAID","","","","","[""PHASE_4""]","REVIEW_ONLY"
"INV-0275","d25b39a2-6ceb-4ee5-9e3d-1cecd8fa549a:invoice","Louise Bowman","2026-09-14","49500","4950","54450","0","54450","367","EXACT_MATCH","NONE","COSMETIC_ONLY","false","false","false","false","false","false","false","false","false","false","false","false","false","false","false","false","false","false","false","false","false","false","false","367","INV-0275","Louise Bowman [a31fa858ab5c9f93]","103","2026-09-14","49500","4950","54450","54450","0","[]","[]","[]","2026-09-21T19:06:58-07:00","2026-09-21T19:06:58-07:00","[{""invoiceId"":""d25b39a2-6ceb-4ee5-9e3d-1cecd8fa549a:invoice"",""invoiceNumber"":""INV-0275""}]","[]","{""CUSTOMER_MATCH"":true,""DATE_MATCH"":true,""DOC_NUMBER_MATCH"":true,""LINE_COUNT_MATCH"":true,""PRODUCT_SERVICE_MATCH"":true,""DESCRIPTION_MATCH"":true,""QTY_MATCH"":true,""UNIT_PRICE_MATCH"":true,""LINE_AMOUNT_MATCH"":true,""SUBTOTAL_MATCH"":true,""GST_MATCH"":true,""TOTAL_MATCH"":true,""BALANCE_MATCH"":true,""PAYMENT_STATE_MATCH"":true}","[]","[{""position"":1,""qbPosition"":1,""lineAlignment"":""EXACT_CONTENT_BIJECTION"",""elsetLineId"":""065506c3-d3b2-4537-acdb-825a64dd1e1e"",""priceListItemId"":"""",""elsetDescription"":""6 Monthly maintenance service on carpark door"",""qbDescription"":""6 Monthly maintenance service on carpark door"",""expectedItem"":{""id"":""123"",""name"":""ELSET Services"",""incomeAccountId"":""9"",""status"":""FALLBACK"",""reason"":""Saved line has no priceListItemId; the new model uses the configured fallback."",""comparisonKnown"":true,""accountEligibility"":""NOT_REVALIDATED_ARCHIVE_HAS_NO_ACCOUNT_ENTITY""},""qbItemId"":""123"",""qbItemName"":""ELSET Services"",""qbIncomeAccountId"":""9"",""qbIncomeAccountName"":""Services"",""elsetQuantityMicros"":1000000,""qbQuantityMicros"":1000000,""elsetUnitPriceMicros"":495000000,""qbUnitPriceMicros"":495000000,""elsetLineAmountCents"":49500,""qbLineAmountCents"":49500,""DESCRIPTION_DIFF"":false,""DESCRIPTION_FORMAT_ONLY"":false,""DESCRIPTION_CONTENT_DIFF"":false,""PRODUCT_SERVICE_DIFF"":false,""PRODUCT_SERVICE_COMPARISON_UNKNOWN"":false,""INCOME_ACCOUNT_DIFF"":false,""QTY_DIFF"":false,""UNIT_PRICE_DIFF"":false,""LINE_AMOUNT_DIFF"":false}]","{""id"":""103"",""candidates"":[""103""],""mapped"":true,""safe"":true,""state"":""MATCHED"",""reason"":""Existing mapping, exact marker or unique exact normalized customer identity.""}","CLEAR_CANONICAL_CANDIDATE","367","MATCHING_PAYMENT_STATE","","","","","[]","KEEP_HISTORICAL_ITEM_DESCRIPTION_FORMAT_AND_NUMBER_FORMAT"
"INV-0271","6072c634-7073-4cb3-8e17-86b6f13e4cb2:invoice","O.C Strata Mangement","2026-09-15","68000","6800","74800","0","74800","368","EXACT_MATCH","NONE","COSMETIC_ONLY","false","false","false","false","false","false","false","false","false","false","false","false","false","false","false","false","false","false","false","false","false","false","false","368","INV-0271","O.C Strata Mangement","4","2026-09-15","68000","6800","74800","74800","0","[]","[]","[]","2026-09-21T19:07:04-07:00","2026-09-21T19:07:04-07:00","[{""invoiceId"":""6072c634-7073-4cb3-8e17-86b6f13e4cb2:invoice"",""invoiceNumber"":""INV-0271""}]","[]","{""CUSTOMER_MATCH"":true,""DATE_MATCH"":true,""DOC_NUMBER_MATCH"":true,""LINE_COUNT_MATCH"":true,""PRODUCT_SERVICE_MATCH"":true,""DESCRIPTION_MATCH"":true,""QTY_MATCH"":true,""UNIT_PRICE_MATCH"":true,""LINE_AMOUNT_MATCH"":true,""SUBTOTAL_MATCH"":true,""GST_MATCH"":true,""TOTAL_MATCH"":true,""BALANCE_MATCH"":true,""PAYMENT_STATE_MATCH"":true}","[]","[{""position"":1,""qbPosition"":1,""lineAlignment"":""EXACT_CONTENT_BIJECTION"",""elsetLineId"":""de2e8881-508a-4972-8fb0-277f10615830"",""priceListItemId"":"""",""elsetDescription"":""Supply & Install wireless digital keypad on automatic sliding gate."",""qbDescription"":""Supply & Install wireless digital keypad on automatic sliding gate."",""expectedItem"":{""id"":""123"",""name"":""ELSET Services"",""incomeAccountId"":""9"",""status"":""FALLBACK"",""reason"":""Saved line has no priceListItemId; the new model uses the configured fallback."",""comparisonKnown"":true,""accountEligibility"":""NOT_REVALIDATED_ARCHIVE_HAS_NO_ACCOUNT_ENTITY""},""qbItemId"":""123"",""qbItemName"":""ELSET Services"",""qbIncomeAccountId"":""9"",""qbIncomeAccountName"":""Services"",""elsetQuantityMicros"":1000000,""qbQuantityMicros"":1000000,""elsetUnitPriceMicros"":680000000,""qbUnitPriceMicros"":680000000,""elsetLineAmountCents"":68000,""qbLineAmountCents"":68000,""DESCRIPTION_DIFF"":false,""DESCRIPTION_FORMAT_ONLY"":false,""DESCRIPTION_CONTENT_DIFF"":false,""PRODUCT_SERVICE_DIFF"":false,""PRODUCT_SERVICE_COMPARISON_UNKNOWN"":false,""INCOME_ACCOUNT_DIFF"":false,""QTY_DIFF"":false,""UNIT_PRICE_DIFF"":false,""LINE_AMOUNT_DIFF"":false}]","{""id"":""4"",""candidates"":[""4""],""mapped"":true,""safe"":true,""state"":""MATCHED"",""reason"":""Existing mapping, exact marker or unique exact normalized customer identity.""}","CLEAR_CANONICAL_CANDIDATE","368","MATCHING_PAYMENT_STATE","","","","","[]","KEEP_HISTORICAL_ITEM_DESCRIPTION_FORMAT_AND_NUMBER_FORMAT"
"INV-0277","38855656-86ea-42e8-8562-cbcf6dd66f4c:invoice","Adrian Cester","2026-09-21","25000","2500","27500","0","27500","369","EXACT_MATCH","NONE","COSMETIC_ONLY","false","false","false","false","false","false","false","false","false","false","false","false","false","false","false","false","false","false","false","false","false","false","false","369","INV-0277","Adrian Cester [6b4a880bd9f52e39]","104","2026-09-21","25000","2500","27500","27500","0","[]","[]","[]","2026-09-21T19:07:10-07:00","2026-09-21T19:07:10-07:00","[{""invoiceId"":""38855656-86ea-42e8-8562-cbcf6dd66f4c:invoice"",""invoiceNumber"":""INV-0277""}]","[]","{""CUSTOMER_MATCH"":true,""DATE_MATCH"":true,""DOC_NUMBER_MATCH"":true,""LINE_COUNT_MATCH"":true,""PRODUCT_SERVICE_MATCH"":true,""DESCRIPTION_MATCH"":true,""QTY_MATCH"":true,""UNIT_PRICE_MATCH"":true,""LINE_AMOUNT_MATCH"":true,""SUBTOTAL_MATCH"":true,""GST_MATCH"":true,""TOTAL_MATCH"":true,""BALANCE_MATCH"":true,""PAYMENT_STATE_MATCH"":true}","[]","[{""position"":1,""qbPosition"":1,""lineAlignment"":""EXACT_CONTENT_BIJECTION"",""elsetLineId"":""d119855c-8bfd-4766-bd24-ecddf8c6e020"",""priceListItemId"":"""",""elsetDescription"":""Biannual service for in-post motor system"",""qbDescription"":""Biannual service for in-post motor system"",""expectedItem"":{""id"":""123"",""name"":""ELSET Services"",""incomeAccountId"":""9"",""status"":""FALLBACK"",""reason"":""Saved line has no priceListItemId; the new model uses the configured fallback."",""comparisonKnown"":true,""accountEligibility"":""NOT_REVALIDATED_ARCHIVE_HAS_NO_ACCOUNT_ENTITY""},""qbItemId"":""123"",""qbItemName"":""ELSET Services"",""qbIncomeAccountId"":""9"",""qbIncomeAccountName"":""Services"",""elsetQuantityMicros"":1000000,""qbQuantityMicros"":1000000,""elsetUnitPriceMicros"":250000000,""qbUnitPriceMicros"":250000000,""elsetLineAmountCents"":25000,""qbLineAmountCents"":25000,""DESCRIPTION_DIFF"":false,""DESCRIPTION_FORMAT_ONLY"":false,""DESCRIPTION_CONTENT_DIFF"":false,""PRODUCT_SERVICE_DIFF"":false,""PRODUCT_SERVICE_COMPARISON_UNKNOWN"":false,""INCOME_ACCOUNT_DIFF"":false,""QTY_DIFF"":false,""UNIT_PRICE_DIFF"":false,""LINE_AMOUNT_DIFF"":false}]","{""id"":""104"",""candidates"":[""104""],""mapped"":true,""safe"":true,""state"":""MATCHED"",""reason"":""Existing mapping, exact marker or unique exact normalized customer identity.""}","CLEAR_CANONICAL_CANDIDATE","369","MATCHING_PAYMENT_STATE","","","","","[]","KEEP_HISTORICAL_ITEM_DESCRIPTION_FORMAT_AND_NUMBER_FORMAT"
"INV-0285","548d91c7-d5e8-4926-8212-4739b4ba6232:invoice","Adrian Cester","2026-09-21","36000","3600","39600","0","39600","370","EXACT_MATCH","NONE","COSMETIC_ONLY","false","false","false","false","false","false","false","false","false","false","false","false","false","false","false","false","false","false","false","false","false","false","false","370","INV-0285","Adrian Cester [6b4a880bd9f52e39]","104","2026-09-21","36000","3600","39600","39600","0","[]","[]","[]","2026-09-21T19:07:15-07:00","2026-09-21T19:07:15-07:00","[{""invoiceId"":""548d91c7-d5e8-4926-8212-4739b4ba6232:invoice"",""invoiceNumber"":""INV-0285""}]","[]","{""CUSTOMER_MATCH"":true,""DATE_MATCH"":true,""DOC_NUMBER_MATCH"":true,""LINE_COUNT_MATCH"":true,""PRODUCT_SERVICE_MATCH"":true,""DESCRIPTION_MATCH"":true,""QTY_MATCH"":true,""UNIT_PRICE_MATCH"":true,""LINE_AMOUNT_MATCH"":true,""SUBTOTAL_MATCH"":true,""GST_MATCH"":true,""TOTAL_MATCH"":true,""BALANCE_MATCH"":true,""PAYMENT_STATE_MATCH"":true}","[]","[{""position"":1,""qbPosition"":1,""lineAlignment"":""EXACT_CONTENT_BIJECTION"",""elsetLineId"":""c736ec47-332d-43e2-826d-72241a19ca4b"",""priceListItemId"":"""",""elsetDescription"":""Biannual service for double swing gate with rising hinge system"",""qbDescription"":""Biannual service for double swing gate with rising hinge system"",""expectedItem"":{""id"":""123"",""name"":""ELSET Services"",""incomeAccountId"":""9"",""status"":""FALLBACK"",""reason"":""Saved line has no priceListItemId; the new model uses the configured fallback."",""comparisonKnown"":true,""accountEligibility"":""NOT_REVALIDATED_ARCHIVE_HAS_NO_ACCOUNT_ENTITY""},""qbItemId"":""123"",""qbItemName"":""ELSET Services"",""qbIncomeAccountId"":""9"",""qbIncomeAccountName"":""Services"",""elsetQuantityMicros"":1000000,""qbQuantityMicros"":1000000,""elsetUnitPriceMicros"":270000000,""qbUnitPriceMicros"":270000000,""elsetLineAmountCents"":27000,""qbLineAmountCents"":27000,""DESCRIPTION_DIFF"":false,""DESCRIPTION_FORMAT_ONLY"":false,""DESCRIPTION_CONTENT_DIFF"":false,""PRODUCT_SERVICE_DIFF"":false,""PRODUCT_SERVICE_COMPARISON_UNKNOWN"":false,""INCOME_ACCOUNT_DIFF"":false,""QTY_DIFF"":false,""UNIT_PRICE_DIFF"":false,""LINE_AMOUNT_DIFF"":false},{""position"":2,""qbPosition"":2,""lineAlignment"":""EXACT_CONTENT_BIJECTION"",""elsetLineId"":""5b72bc85-96ea-4920-a814-4a003520fb00"",""priceListItemId"":"""",""elsetDescription"":""Biannual service for double swing gate - second gate"",""qbDescription"":""Biannual service for double swing gate - second gate"",""expectedItem"":{""id"":""123"",""name"":""ELSET Services"",""incomeAccountId"":""9"",""status"":""FALLBACK"",""reason"":""Saved line has no priceListItemId; the new model uses the configured fallback."",""comparisonKnown"":true,""accountEligibility"":""NOT_REVALIDATED_ARCHIVE_HAS_NO_ACCOUNT_ENTITY""},""qbItemId"":""123"",""qbItemName"":""ELSET Services"",""qbIncomeAccountId"":""9"",""qbIncomeAccountName"":""Services"",""elsetQuantityMicros"":1000000,""qbQuantityMicros"":1000000,""elsetUnitPriceMicros"":90000000,""qbUnitPriceMicros"":90000000,""elsetLineAmountCents"":9000,""qbLineAmountCents"":9000,""DESCRIPTION_DIFF"":false,""DESCRIPTION_FORMAT_ONLY"":false,""DESCRIPTION_CONTENT_DIFF"":false,""PRODUCT_SERVICE_DIFF"":false,""PRODUCT_SERVICE_COMPARISON_UNKNOWN"":false,""INCOME_ACCOUNT_DIFF"":false,""QTY_DIFF"":false,""UNIT_PRICE_DIFF"":false,""LINE_AMOUNT_DIFF"":false}]","{""id"":""104"",""candidates"":[""104""],""mapped"":true,""safe"":true,""state"":""MATCHED"",""reason"":""Existing mapping, exact marker or unique exact normalized customer identity.""}","CLEAR_CANONICAL_CANDIDATE","370","MATCHING_PAYMENT_STATE","","","","","[]","KEEP_HISTORICAL_ITEM_DESCRIPTION_FORMAT_AND_NUMBER_FORMAT"